Date,Close,High,Low,Open,Volume
2020-01-02,17.69809341430664,17.8447151084378,17.542846721103015,17.71534341245157,20900
2020-01-03,17.516969680786133,17.66359135781601,17.516969680786133,17.59459301833431,8200
2020-01-06,17.422100067138672,17.48247341574439,17.3444767203455,17.40485006895122,13100
2020-01-07,17.396221160888672,17.525592828123738,17.361721172265987,17.525592828123738,6600
2020-01-08,17.551469802856445,17.6290931409787,17.344474782880496,17.344474782880496,22000
2020-01-09,17.508346557617188,17.646343251358086,17.508346557617188,17.646343251358086,14200
2020-01-10,17.594594955444336,17.663593302522536,17.585969956428265,17.629094951508613,9600
2020-01-13,17.672216415405273,17.698091409691877,17.508344741690486,17.698091409691877,6500
2020-01-14,17.61184310913086,17.70671644332195,17.55146976739114,17.629093105356546,5000
2020-01-15,17.56009292602539,17.6980895912749,17.56009292602539,17.6980895912749,45200
2020-01-16,17.672216415405273,17.749839753214903,17.568719728359223,17.568719728359223,9200
2020-01-17,17.68084144592285,17.767089781986172,17.542844766241615,17.542844766241615,11500
2020-01-21,17.430723190307617,17.611844878776136,17.378974841481046,17.491098183164024,26900
2020-01-22,17.49109649658203,17.585968186107667,17.422098156449664,17.422098156449664,3400
2020-01-23,17.37897300720215,17.49109633705097,17.292724671560787,17.49109633705097,4700
2020-01-24,17.34447479248047,17.430721483730544,17.34447479248047,17.422098130645686,4800
2020-01-27,16.94773292541504,17.249601276768523,16.904609580243186,17.249601276768523,13300
2020-01-28,16.895984649658203,16.982232985396436,16.844236306235334,16.844236306235334,13100
2020-01-29,16.92186164855957,16.99085999631408,16.87873665305652,16.99085999631408,3400
2020-01-30,16.92186164855957,16.97360999811286,16.87011165395591,16.87011165395591,8100
2020-01-31,16.594118118286133,16.82698815682155,16.568243121209857,16.82698815682155,12100
2020-02-03,16.533742904663086,16.63724123624016,16.516492908558543,16.576866249874264,11600
2020-02-04,16.749364852905273,16.79248820309085,16.71486485671652,16.71486485671652,7100
2020-02-05,17.025354385375977,17.163351048769197,17.016729388282652,17.163351048769197,8600
2020-02-06,17.025354385375977,17.128852705445887,17.025354385375977,17.128852705445887,4400
2020-02-07,16.740739822387695,16.90461151387549,16.73211482335672,16.84423816570903,5800
2020-02-10,16.75798797607422,16.77523797223764,16.732112981829083,16.740737979910794,10300
2020-02-11,16.783863067626953,16.895986409278716,16.73211471881479,16.757989715746046,5500
2020-02-12,17.03398323059082,17.077106580749387,16.73211484432977,16.73211484432977,7000
2020-02-13,16.939109802246094,17.059858143182407,16.939109802246094,17.059858143182407,7700
2020-02-14,17.085729598999023,17.085729598999023,16.990857910638823,16.999481263630518,8600
2020-02-18,16.98223304748535,17.094354732819863,16.98223304748535,17.03398139109742,8600
2020-02-19,16.964982986450195,17.059856320251676,16.964982986450195,17.059856320251676,10800
2020-02-20,16.628618240356445,16.88736163287787,16.594118243993393,16.79248828792984,12900
2020-02-21,16.714862823486328,16.83561115040853,16.663114480548334,16.757987813476458,8600
2020-02-24,16.300874710083008,16.44749640322078,16.300874710083008,16.43887140420675,11300
2020-02-25,15.964508056640625,16.20600309513567,15.955883057581834,16.18875309701809,17800
2020-02-26,15.955880165100098,16.024878500012044,15.748885160364267,15.748885160364267,25600
2020-02-27,15.550518035888672,15.688514731294475,15.524643038606195,15.636764736729521,15900
2020-02-28,15.119277000427246,15.550517057706458,14.670786946044801,15.550517057706458,28800
2020-03-02,15.360769271850586,15.369394269780166,14.662160890056073,15.05027757163644,21800
2020-03-03,15.188274383544922,15.429767747521225,15.127901042550844,15.386644402539789,22600
2020-03-04,15.300396919250488,15.309021917736935,15.093401890726556,15.093401890726556,8300
2020-03-05,15.0589017868042,15.31764680435717,15.007153441313703,15.31764680435717,15700
2020-03-06,14.791533470153809,14.920905156879886,14.765660119838742,14.920905156879886,14900
2020-03-09,13.083823204040527,14.041176643010644,12.980325690575539,13.799681622400547,22800
2020-03-10,13.799681663513184,13.799681663513184,13.506438296559509,13.506438296559509,24800
2020-03-11,13.299444198608398,13.661685933397356,13.221820852221452,13.653060934348767,7400
2020-03-12,12.143720626831055,12.937202442435797,12.143720626831055,12.937202442435797,19000
2020-03-13,11.902226448059082,12.773331612594808,11.82460310156231,12.109221490367023,33300
2020-03-16,10.746501922607422,11.643481180661047,10.349761049476486,11.643481180661047,47600
2020-03-17,11.695230484008789,11.712479658245725,10.772376220366887,10.910372904362841,37600
2020-03-18,10.358386993408203,11.082870464616047,10.358386993408203,11.048371290869254,44000
2020-03-19,10.496382713317871,10.574006052668514,9.694275970061378,9.987519330930423,19000
2020-03-20,10.047892570495605,10.893123473875225,9.858147545727302,10.893123473875225,34500
2020-03-23,10.082391738891602,10.703377624680058,9.875396717803815,9.901270889808513,22800
2020-03-24,10.824125289916992,10.996621143346822,10.729251953636753,10.729251953636753,9700
2020-03-25,11.24674129486084,11.988473939079627,10.970747905853882,11.755604722736301,16800
2020-03-26,11.194992065429688,11.764229661108892,10.953497851293925,11.186367888961579,42100
2020-03-27,10.763751983642578,11.384737928091242,10.522257769561222,11.28124040777066,42900
2020-03-30,10.56538200378418,11.082870430938783,10.47050948190008,10.910373740203795,39500
2020-03-31,10.901748657226562,10.901748657226562,10.59988029606532,10.867249486453145,24900
2020-04-01,10.487757682800293,10.901748550555622,10.358385999297123,10.565381021912236,15900
2020-04-02,10.737876892089844,10.849999401825574,10.496382698634097,10.660253552847792,15900
2020-04-03,10.53088092803955,11.005245096830077,10.142765089038223,10.944870936967625,30700
2020-04-06,11.108743667602539,11.203616181476336,10.936247813956948,10.979371160474512,10100
2020-04-07,11.401987075805664,11.70385461526522,11.401987075805664,11.548608757623919,8700
2020-04-08,11.522733688354492,11.677980367520869,11.427861174711213,11.643481196875575,7200
2020-04-09,12.057472229003906,12.32484144022707,11.764229665840832,11.764229665840832,133600
2020-04-13,12.048847198486328,12.350714739249193,11.953973861297188,12.350714739249193,15800
2020-04-14,12.411088943481445,12.626708968626902,12.247217263756832,12.436963116191867,12700
2020-04-15,12.100595474243164,12.28171632667058,11.65210625360511,12.247217155852267,28000
2020-04-16,11.669355392456055,11.9884729271915,11.669355392456055,11.979848751406841,12300
2020-04-17,11.988472938537598,11.988472938537598,11.695230398453928,11.790102912375842,16300
2020-04-20,11.893600463867188,11.9884729781022,11.755603780425309,11.755603780425309,8800
2020-04-21,11.600357055664062,11.79010290592925,11.565857884936312,11.79010290592925,16500
2020-04-22,11.94534969329834,11.96259886755537,11.755603841320301,11.772853015577331,19300
2020-04-23,12.126470565795898,12.402463934539721,11.988473058898869,11.988473058898869,25300
2020-04-24,12.462838172912598,12.49733734648195,12.109221438195434,12.109221438195434,7800
2020-04-27,12.411088943481445,12.592209797504633,12.135094751978182,12.135094751978182,14300
2020-04-28,12.54908561706543,12.600833962441303,12.445588103788564,12.600833962441303,17200
2020-04-29,13.023448944091797,13.195944787733563,12.661207261181557,12.661207261181557,14200
2020-04-30,12.721580505371094,12.963074684657563,12.704330509873817,12.937200513936705,7500
2020-05-01,12.350714683532715,12.445588020293863,12.29896633850401,12.445588020293863,5200
2020-05-04,12.204092979431152,12.393838830081439,12.204092979431152,12.307591314349573,7000
2020-05-05,12.454212188720703,12.712956381285943,12.385213847039989,12.540460527084155,30700
2020-05-06,12.730207443237305,12.919952487474653,12.695708269510044,12.695708269510044,25200
2020-05-07,12.850953102111816,12.885452273052751,12.84232892627042,12.868203098844841,2900
2020-05-08,12.954452514648438,13.101073386445385,12.592210778384953,12.592210778384953,20000
2020-05-11,12.850953102111816,12.894077271419263,12.825078929537396,12.894077271419263,6700
2020-05-12,12.37658977508545,12.894077342033459,12.160969749892498,12.557710629148533,10700
2020-05-13,12.43696403503418,12.919952466429095,12.419714036936057,12.523212380474433,129200
2020-05-14,12.43696403503418,12.50596238237631,12.238593169531669,12.31621651592286,7800
2020-05-15,12.678457260131836,12.76470559883329,12.55771057297994,12.58358474558033,12000
2020-05-18,12.937200546264648,12.95445054180503,12.764704703486132,12.764704703486132,10500
2020-05-19,13.040699005126953,13.247694031591243,12.95445148869606,12.95445148869606,4100
2020-05-20,13.239069938659668,13.333942454085571,13.152821599163302,13.152821599163302,6300
2020-05-21,13.195945739746094,13.325317426179586,13.195945739746094,13.325317426179586,2000
2020-05-22,13.075199127197266,13.22182082057159,12.988951604493367,13.075199127197266,8500
2020-05-26,13.13557243347168,13.359817472332336,13.032074913041802,13.075199085518879,18900
2020-05-27,13.24769401550293,13.282193186538414,13.126947328141293,13.230444841247747,4500
2020-05-28,13.239069938659668,13.368441625379093,13.195945768911484,13.230444940205006,6100
2020-05-29,13.221820831298828,13.247695005878471,13.161447483104597,13.23907082936871,4300
2020-06-01,13.489190101623535,13.5064392772423,13.170072538687148,13.170072538687148,12300
2020-06-02,13.704809188842773,13.860055048700772,13.549562506459651,13.584061677819776,10400
2020-06-03,14.058425903320312,14.084300900252563,13.911804210804933,13.96355420466943,7200
2020-06-04,13.998051643371582,14.067049985644415,13.92905330109875,13.92905330109875,4100
2020-06-05,14.21367073059082,14.291294066156375,13.903179033378732,13.903179033378732,17800
2020-06-08,14.420666694641113,14.524165030569865,14.2395466630786,14.2395466630786,12700
2020-06-09,14.377543449401855,14.420666796731483,14.317170105120274,14.368918450925879,4700
2020-06-10,14.351668357849121,14.403418348358366,14.248171666931112,14.248171666931112,6500
2020-06-11,13.609935760498047,14.12742332746986,13.609935760498047,13.920428300681134,12800
2020-06-12,13.937679290771484,14.248172675606856,13.713434251173757,14.153299331340413,10500
2020-06-15,13.946303367614746,14.049801704066263,13.489189142141894,13.523688313450693,13200
2020-06-16,14.041176795959473,14.36029351572545,14.032551797445493,14.35166851721147,8400
2020-06-17,13.998051643371582,14.127423329501864,13.998051643371582,14.110174977721336,13400
2020-06-18,13.954928398132324,14.067050088249655,13.94630339965403,14.015301742430136,9300
2020-06-19,14.032551765441895,14.20504680017732,13.808306739740612,14.127423458778788,12400
2020-06-22,13.92905330657959,13.946303303417146,13.834181614073515,13.903179956373497,12700
2020-06-23,14.196420669555664,14.351667339972211,14.058423994752095,14.058423994752095,2900
2020-06-24,13.799681663513184,14.222296717052245,13.799681663513184,14.222296717052245,9700
2020-06-25,14.00667667388916,14.075675016320131,14.00667667388916,14.015301672324313,4100
2020-06-26,13.877305030822754,14.04980170996428,13.86005503389855,14.04980170996428,3100
2020-06-29,14.110175132751465,14.118800131261613,13.79968176658717,13.79968176658717,8500
2020-06-30,14.144673347473145,14.161923344329693,13.954928317201823,13.954928317201823,1800
2020-07-01,14.21367073059082,14.317169059694939,14.101549048690648,14.101549048690648,4900
2020-07-02,14.274045944213867,14.412042637767389,14.25679759130744,14.3257959380842,7500
2020-07-06,14.412040710449219,14.48966404582382,14.351667370724556,14.420665708274187,19400
2020-07-07,14.360292434692383,14.446540768289212,14.265420748280995,14.33441908614843,5300
2020-07-08,14.489665031433105,14.584538368911078,14.377543342182062,14.377543342182062,3600
2020-07-09,14.46379280090332,14.851907889170718,14.429292804586023,14.575914498833804,6000
2020-07-10,14.584538459777832,14.791533487796501,14.455166772897446,14.791533487796501,5200
2020-07-13,14.550040245056152,14.981280301998478,14.550040245056152,14.903656960144838,4900
2020-07-14,14.722535133361816,14.73116013182032,14.481041756724759,14.662161789202553,6300
2020-07-15,14.834659576416016,14.955406273754281,14.808784579107655,14.826034577313228,6000
2020-07-16,14.843281745910645,14.929530085005148,14.705285061379536,14.705285061379536,3900
2020-07-17,14.903656005859375,15.093401026546474,14.860531015896289,15.024402687655696,10900
2020-07-20,15.007152557373047,15.076150895646366,14.929529221184294,15.076150895646366,5800
2020-07-21,15.050278663635254,15.136525359088537,14.964030323131704,15.093402011361896,11700
2020-07-22,14.964030265808105,15.19690029076054,14.955405267285764,15.19690029076054,4600
2020-07-23,14.808783531188965,15.058901907269076,14.757035185284503,15.033028556841973,4600
2020-07-24,14.774282455444336,15.386644143169248,14.506914101956063,14.929529126840796,11300
2020-07-27,15.171024322509766,15.429767681389745,15.076150989897034,15.429767681389745,13600
2020-07-28,15.16240119934082,15.421144590213899,15.00715450679683,15.421144590213899,5400
2020-07-29,15.222773551940918,15.309021891607914,15.205523554997468,15.291771894664464,1500
2020-07-30,14.946782112121582,14.964032111293674,14.73116205762182,14.851908761725538,3600
2020-07-31,14.826033592224121,15.352145342134568,14.791533598105264,15.265898646937954,7200
2020-08-03,14.62766170501709,14.869156725212743,14.524165014254839,14.791533384615935,16200
2020-08-04,14.731159210205078,14.765659201880688,14.403417514537523,14.627660880228397,14300
2020-08-05,15.007152557373047,15.248647563854735,15.007152557373047,15.248647563854735,4500
2020-08-06,14.955405235290527,15.231398607213954,14.912281887821338,15.007153581263605,3400
2020-08-07,14.877781867980957,15.309021922125332,14.705285188303105,15.076151898075308,4200
2020-08-10,14.791533470153809,14.938155153790095,14.662161783427731,14.662161783427731,4600
2020-08-11,14.782909393310547,15.041654427943907,14.782909393310547,14.800159391296175,3000
2020-08-12,15.007152557373047,15.0847758935618,14.97265421076146,14.981279208676893,5500
2020-08-13,15.041653633117676,15.10202697782679,14.886406949551224,14.886406949551224,4700
2020-08-14,15.0589017868042,15.145150125988524,14.895031751909254,15.093401780498027,6600
2020-08-17,15.084776878356934,15.145150222656234,15.050278529493156,15.145150222656234,2400
2020-08-18,15.110652923583984,15.68851470138812,14.877782883636712,15.12790292173942,16200
2020-08-19,15.067527770996094,15.257274458625522,15.067527770996094,15.257274458625522,2700
2020-08-20,14.998528480529785,15.076151821485452,14.92953013801922,14.92953013801922,2300
2020-08-21,15.015776634216309,15.08477496825725,15.007151636829937,15.08477496825725,2300
2020-08-24,15.300396919250488,15.507391947774423,15.13652523810853,15.395270257551138,17700
2020-08-25,15.309021949768066,15.395270289762728,15.07615192529756,15.395270289762728,5100
2020-08-26,15.317647933959961,15.37802128232616,15.18827623816806,15.248649586534256,5600
2020-08-27,15.205524444580078,15.628141169168066,15.162401094748821,15.628141169168066,1700
2020-08-28,15.360769271850586,15.490140950693991,15.171024252550266,15.171024252550266,8200
2020-08-31,15.283148765563965,15.507393818106776,15.26590041156102,15.507393818106776,5600
2020-09-01,15.490142822265625,15.541892816095716,15.300397780039665,15.300397780039665,19600
2020-09-02,15.352144241333008,15.412519226711913,15.15377422452419,15.395269230889369,8100
2020-09-03,15.265896797180176,15.464266804176457,15.145148477445431,15.464266804176457,5000
2020-09-04,15.369397163391113,15.412522161158199,15.18827710792073,15.403897161604782,12500
2020-09-08,15.050278663635254,15.352145387822278,14.705285301621053,15.015778669413727,14100
2020-09-09,15.395272254943848,15.541893958135713,15.205525553724689,15.205525553724689,8200
2020-09-10,15.516016006469727,15.85238270181641,15.45564266577162,15.490141012577615,9900
2020-09-11,15.334895133972168,15.576388483372476,15.153773476871875,15.438391813700854,5400
2020-09-14,15.714386940002441,15.783385282684385,15.464268564674239,15.464268564674239,4000
2020-09-15,15.714386940002441,15.904133616165476,15.68851358965312,15.904133616165476,3900
2020-09-16,15.783384323120117,15.904132649260209,15.731635980517305,15.731635980517305,7200
2020-09-17,15.585015296936035,15.662638638302811,15.576390298445254,15.662638638302811,2100
2020-09-18,15.524641990661621,15.550516986197485,15.49876699512576,15.49876699512576,3100
2020-09-21,14.998528480529785,15.300396845907347,14.912281786179264,15.300396845907347,12200
2020-09-22,15.136526107788086,15.265899447467753,15.136526107788086,15.257274448485752,2600
2020-09-23,14.74841022491455,15.119276935797384,14.74841022491455,15.119276935797384,2700
2020-09-24,14.903656005859375,14.903656005859375,14.662160997216574,14.662160997216574,2000
2020-09-25,14.91228199005127,14.964030336379105,14.662161966874574,14.800158653782313,9600
2020-09-28,14.91228199005127,15.11065202184986,14.834658648034383,14.834658648034383,8600
2020-09-29,14.964030265808105,15.084776955020363,14.955405267285764,15.058901959453339,2400
2020-09-30,15.050278663635254,15.214148701036704,14.998528672302964,15.162400354754682,4800
2020-10-01,15.067527770996094,15.265899457613255,15.067527770996094,15.265899457613255,1700
2020-10-02,14.91228199005127,15.171025366740713,14.800158653782313,14.8777819957992,9700
2020-10-05,15.110652923583984,15.464269660518566,14.989904581546305,14.989904581546305,7600
2020-10-06,15.196901321411133,15.378021367513043,15.14515132676741,15.171026324089272,11800
2020-10-07,15.317647933959961,15.37802128232616,15.196901237227568,15.196901237227568,3900
2020-10-08,15.343521118164062,15.395269461356222,15.240022786729577,15.395269461356222,5200
2020-10-09,15.455644607543945,15.533267953922348,15.395271259260824,15.395271259260824,4000
2020-10-12,15.498766899108887,15.52464189448445,15.481518547242093,15.516016896025928,3000
2020-10-13,15.40389633178711,15.455644681269437,15.343522983215998,15.455644681269437,2200
2020-10-14,15.412519454956055,15.645387821808367,15.412519454956055,15.52464113936271,5400
2020-10-15,15.550518035888672,15.559143034982831,15.343522992779967,15.438394692714976,4700
2020-10-16,15.62813949584961,15.697137835222117,15.447017826840419,15.447017826840419,3800
2020-10-19,15.533266067504883,15.688512741407955,15.533266067504883,15.533266067504883,9800
2020-10-20,15.671262741088867,15.697137735082302,15.610889400154345,15.697137735082302,6300
2020-10-21,15.671262741088867,15.671262741088867,15.602264402156534,15.602264402156534,2200
2020-10-22,15.636763572692871,15.697138561857532,15.550516878272424,15.697138561857532,1900
2020-10-23,15.869633674621582,15.869633674621582,15.628140296963698,15.628140296963698,7500
2020-10-26,15.688512802124023,15.869632825678453,15.628139460939215,15.861007827644885,6800
2020-10-27,15.62813949584961,15.783384525650122,15.533266162318597,15.533266162318597,3700
2020-10-28,15.102025985717773,15.438392681314378,14.989902657152134,15.438392681314378,7500
2020-10-29,15.205524444580078,15.29177278929294,15.007154403275742,15.007154403275742,3800
2020-10-30,15.240023612976074,15.300396957481794,15.15377527294636,15.24864861148407,8200
2020-11-02,15.507390022277832,15.524640017108855,15.136523358661114,15.352143358898736,10600
2020-11-03,15.645389556884766,15.774762896767117,15.429769517147983,15.550517858034821,4900
2020-11-04,15.955880165100098,15.973130160090601,15.826508492771461,15.895506827683406,6400
2020-11-05,16.369869232177734,16.4992408970586,16.10250090541729,16.10250090541729,10800
2020-11-06,16.456119537353516,16.60274121387546,16.430244543243703,16.60274121387546,3600
2020-11-09,16.654489517211914,16.97360786360238,16.654489517211914,16.68898950927582,7500
2020-11-10,16.602741241455078,16.826986255628803,16.49924290989406,16.49924290989406,4900
2020-11-11,16.68899154663086,16.809738243494685,16.602743200992254,16.783863246287996,12600
2020-11-12,16.697612762451172,16.930481104347965,16.637239427698297,16.68036276822178,8400
2020-11-13,16.86148452758789,17.102979536786524,16.559617822402302,16.559617822402302,13800
2020-11-16,16.99948501586914,17.197856724517667,16.861488306840055,16.9563616611915,9600
2020-11-17,17.008108139038086,17.102981482920637,16.982234787106737,17.025358137025886,8500
2020-11-18,16.98223304748535,17.137479723371737,16.818361373488592,17.06848138353892,8500
2020-11-19,16.76661491394043,16.89598661003318,16.76661491394043,16.775239913019995,3400
2020-11-20,16.740739822387695,16.775239818511594,16.697616472283183,16.76661481948062,2100
2020-11-23,16.95635986328125,17.068483205635346,16.79248817179084,16.852863165008625,207000
2020-11-24,17.19785499572754,17.19785499572754,16.990859952991798,17.1029816509131,13500
2020-11-25,17.309974670410156,17.327224666551167,17.163352993311932,17.26685132510781,9500
2020-11-27,17.206480026245117,17.37897507298156,17.206480026245117,17.327226723465664,10100
2020-11-30,16.930482864379883,17.19785286758027,16.90460951539609,17.111604532517248,7300
2020-12-01,17.33584976196289,17.378973107507377,17.05985640235774,17.33584976196289,11800
2020-12-02,17.516969680786133,17.5342196769191,16.921859619650316,17.37897300182274,9300
2020-12-03,17.525596618652344,17.568721613758,16.99085983974504,17.534221617673474,21800
2020-12-04,17.801589965820312,17.870588312778903,17.672218270904246,17.672218270904246,30800
2020-12-07,17.65496826171875,17.86196330246341,17.551471563871598,17.85333994851811,9200
2020-12-08,17.77571678161621,17.87921348050562,17.741216785286163,17.741216785286163,13400
2020-12-09,17.56009292602539,17.913709586358515,17.49971959060998,17.775712921109005,154300
2020-12-10,17.68084144592285,17.7067164402569,17.568719760575664,17.568719760575664,6800
2020-12-11,17.732589721679688,17.79296306317791,17.637718032918265,17.637718032918265,11000
2020-12-14,17.7412166595459,17.853340001773514,17.63771996139002,17.853340001773514,12900
2020-12-15,17.97408676147461,17.999961758630175,17.844715065797512,17.91371341316199,10100
2020-12-16,18.28458023071289,18.42257692607258,18.112083538988095,18.15520688939411,38400
2020-12-17,18.69856834411621,18.862440019461474,18.37082499342569,18.508821674226898,50800
2020-12-18,18.767566680908203,18.879688367143803,18.698568340520865,18.698568340520865,39700
2020-12-21,18.405895233154297,19.408551781960288,17.949328549033833,19.408551781960288,46400
2020-12-22,17.967233657836914,18.334277164072272,17.90456794323761,18.29846891609238,26700
2020-12-23,18.396940231323242,18.531225837583744,18.30741877049946,18.33427452574163,16200
2020-12-24,18.43275260925293,18.558084036922285,18.414847631725127,18.43275260925293,5600
2020-12-28,17.994089126586914,19.023601327514623,17.90456595530788,19.023601327514623,48100
2020-12-29,18.0567569732666,18.361134767165012,18.020947017507886,18.119422688331685,13500
2020-12-30,18.43275260925293,18.575989014450087,18.12837482133081,18.12837482133081,9100
2020-12-31,18.244752883911133,18.468559969720953,18.19103966142029,18.468559969720953,9800
2021-01-04,18.513322830200195,19.06836345935769,18.352181451569763,18.80874812185179,23600
2021-01-05,18.808746337890625,18.808746337890625,18.513321074259355,18.647604974544034,9200
2021-01-06,18.629701614379883,18.808747968624544,18.567035902648026,18.629701614379883,14600
2021-01-07,18.808746337890625,18.871412044189313,18.70131819315542,18.710270680842722,4900
2021-01-08,18.86246109008789,19.059412420196544,18.799795378694256,19.059412420196544,13300
2021-01-11,18.549129486083984,18.73712831420115,18.468558803678405,18.575986949389993,16900
2021-01-12,18.781890869140625,18.85350907073123,18.558083775730907,18.60284621892042,11500
2021-01-13,18.85350799560547,18.880365459987623,18.79979477435368,18.880365459987623,7300
2021-01-14,19.104171752929688,19.166837459725027,18.90722214478542,18.951982876064246,11400
2021-01-15,18.799795150756836,19.113125411438627,18.799795150756836,19.113125411438627,24200
2021-01-19,19.086265563964844,19.131027999910255,19.032552348342687,19.122075512721175,16900
2021-01-20,19.336933135986328,19.435407095590403,19.16683926756095,19.16683926756095,25900
2021-01-21,19.17578887939453,19.336930235042676,19.157883904875327,19.265312044478208,15100
2021-01-22,19.26531410217285,19.26531410217285,18.799794960026333,19.11312521752928,14100
2021-01-25,19.202648162841797,19.695023056242864,19.077315036829923,19.695023056242864,31100
2021-01-26,19.12207794189453,19.229504386785763,19.095220476915447,19.20264862931923,7400
2021-01-27,18.799795150756836,19.032554724191524,18.799795150756836,19.032554724191524,9800
2021-01-28,18.808746337890625,18.925125262800698,18.799793850203322,18.925125262800698,15800
2021-01-29,17.94037628173828,18.772937181748286,17.725519983173598,18.772937181748286,272200
2021-02-01,18.45065689086914,18.781890425077048,17.743425672809565,17.994090226206485,44100
2021-02-02,18.790843963623047,18.79979645254959,18.50437114802432,18.558084374070912,39800
2021-02-03,18.907224655151367,19.104174289445197,18.755035758079373,18.79084400635431,11700
2021-02-04,18.86246109008789,18.960936755142217,18.799795378694256,18.92512680148153,7200
2021-02-05,19.113126754760742,19.390647081720896,18.934080391069415,19.122079243696575,26900
2021-02-08,19.14893341064453,19.292169806681574,18.82665237331745,19.104172677200154,57800
2021-02-09,19.408550262451172,19.42645523866492,19.113124984974355,19.283218843979952,22000
2021-02-10,19.327980041503906,19.489121416275278,18.95198406954156,19.45331146298717,22700
2021-02-11,19.256362915039062,19.551788216071213,19.229505448576994,19.310076140450548,31100
2021-02-12,19.471216201782227,19.53388191175837,19.310074828979264,19.345884781829938,14000
2021-02-16,19.587594985961914,19.891972752849522,19.50702600767992,19.55178674089353,31500
2021-02-17,19.66816520690918,19.820354086756076,19.35483666679423,19.686070182776458,11300
2021-02-18,19.560739517211914,19.73083337945203,19.390645654971795,19.695023426343564,15700
2021-02-19,19.73978614807129,19.811404353987836,19.533884019500302,19.533884019500302,14400
2021-02-22,19.811403274536133,19.87407069537222,19.69502433658008,19.69502433658008,17400
2021-02-23,19.50702476501465,19.65026115118857,19.354835891265807,19.65026115118857,22400
2021-02-24,19.802452087402344,19.802452087402344,19.345885418603483,19.345885418603483,10100
2021-02-25,18.98779296875,19.820355628711617,18.98779296875,19.820355628711617,25700
2021-02-26,18.790843963623047,18.943032860348954,18.763986496843415,18.943032860348954,12400
2021-03-01,19.166837692260742,19.327979058839436,18.916173154525836,19.25636086341696,14400
2021-03-02,19.283218383789062,19.33693160363594,19.20264770026251,19.24740843221616,4700
2021-03-03,19.077314376831055,19.33693140046946,18.99674369415103,19.33693140046946,8300
2021-03-04,18.629701614379883,19.157886481137794,18.575988391111515,19.1489339926743,12000
2021-03-05,18.907224655151367,19.05941355222336,18.531228656944837,19.05941355222336,23600
2021-03-08,18.575986862182617,19.01464851571339,18.558081886729333,18.934077833686057,11500
2021-03-09,18.790843963623047,18.79979645254959,18.701320781870276,18.701320781870276,7600
2021-03-10,19.13102912902832,19.71292717056373,18.996743520778853,18.996743520778853,172200
2021-03-11,19.515975952148438,19.515975952148438,19.327978831691006,19.48016770861426,10300
2021-03-12,19.319028854370117,19.47121775106979,19.23845816155778,19.47121775106979,12100
2021-03-15,19.408550262451172,19.417502750558047,19.319027088894938,19.399597774344297,8000
2021-03-16,19.336933135986328,19.42645631450035,19.31007567017834,19.42645631450035,5200
2021-03-17,19.435405731201172,19.44435821917536,19.023601529463487,19.345884266484276,11400
2021-03-18,19.15788459777832,19.310073471671235,19.095218892206958,19.310073471671235,6000
2021-03-19,19.220550537109375,19.247408000186205,19.175789806160427,19.2115980494171,25200
2021-03-22,19.211599349975586,19.301122525446324,19.18474359259315,19.301122525446324,9100
2021-03-23,18.72817611694336,19.023601387842294,18.72817611694336,19.023601387842294,18800
2021-03-24,18.558082580566406,18.960936005764665,18.558082580566406,18.728176438707063,7800
2021-03-25,18.558082580566406,18.61179750893451,18.164183350942004,18.396941210487103,13700
2021-03-26,18.85350799560547,18.85350799560547,18.620748426831017,18.728176576847115,7400
2021-03-29,18.82665252685547,19.06836287994388,18.737129351724093,19.06836287994388,15000
2021-03-30,18.85350799560547,18.89827043624239,18.638653403085787,18.826652238735832,9500
2021-03-31,18.817699432373047,18.9161733850839,18.75503372405364,18.871412652716465,31400
2021-04-01,19.12207794189453,19.12207794189453,18.978841543697854,19.014649789490747,4200
2021-04-05,19.202648162841797,19.247408895873708,19.157885722297372,19.157885722297372,6700
2021-04-06,19.274267196655273,19.274267196655273,19.157886553701655,19.22950475416827,7200
2021-04-07,19.13102912902832,19.274265517482807,19.059410934801075,19.274265517482807,12200
2021-04-08,19.220550537109375,19.23845551249393,19.068361661365543,19.184742293852704,6000
2021-04-09,19.17578887939453,19.17578887939453,19.014647523746387,19.014647523746387,6100
2021-04-12,19.068363189697266,19.175791343102528,19.041507431980378,19.175791343102528,5800
2021-04-13,19.139982223510742,19.220552915197512,19.113126464623583,19.113126464623583,5900
2021-04-14,19.247407913208008,19.27426537616347,19.20264718246133,19.220550450252546,10700
2021-04-15,19.471216201782227,19.471216201782227,19.33693229361727,19.33693229361727,7500
2021-04-16,19.471216201782227,19.471216201782227,19.46226371356956,19.471216201782227,8000
2021-04-19,19.435405731201172,19.515976415456368,19.417502462765285,19.47121568309792,6100
2021-04-20,19.363788604736328,19.44435929344292,19.292170404498535,19.39064607014272,11700
2021-04-21,19.44435691833496,19.453309405710222,19.17578912712666,19.17578912712666,6100
2021-04-22,19.462265014648438,19.4891224810819,19.39064681167185,19.44436003702613,5300
2021-04-23,19.50702476501465,19.605498713313963,19.462262327140042,19.515975545077158,8100
2021-04-26,19.730833053588867,19.757688810464135,19.614452415420978,19.65921314855477,25400
2021-04-27,19.712926864624023,19.820353300541438,19.668164426731426,19.820353300541438,7700
2021-04-28,19.775592803955078,19.793497779323797,19.68606963462392,19.75768782858636,10300
2021-04-29,19.64130973815918,19.775593644104642,19.587594809770987,19.775593644104642,7600
2021-04-30,19.372739791870117,19.623404329620666,19.35483652364773,19.60549935388581,7700
2021-05-03,19.524930953979492,19.605501646696393,19.408552013117674,19.471217728005783,5300
2021-05-04,19.354835510253906,19.489119406209447,19.310073073260476,19.471214431412072,10600
2021-05-05,19.596548080444336,19.668166280309563,19.52492988057911,19.58759559202211,9000
2021-05-06,19.7845458984375,19.7845458984375,19.605499554283774,19.695022726360637,20000
2021-05-07,20.142637252807617,20.142637252807617,19.78454626537132,19.78454626537132,27100
2021-05-10,19.972543716430664,20.16054255507014,19.972543716430664,20.142637578530657,13000
2021-05-11,19.757688522338867,19.954639843285467,19.730832765855236,19.954639843285467,32600
2021-05-12,19.515975952148438,19.838258681518255,19.30112136840604,19.703974780118315,25800
2021-05-13,19.104171752929688,19.650261553596113,19.032553558376094,19.650261553596113,37300
2021-05-14,19.515975952148438,19.515975952148438,19.31902634392935,19.31902634392935,3300
2021-05-17,19.757688522338867,19.85616418281217,19.498073200426294,19.498073200426294,6500
2021-05-18,19.856164932250977,19.86511742058758,19.57864462386643,19.86511742058758,15800
2021-05-19,19.578643798828125,19.77559341139638,19.489120626747106,19.77559341139638,5700
2021-05-20,19.695024490356445,19.936736564359308,19.578645551491718,19.632358776543697,4100
2021-05-21,19.748735427856445,19.87406854847689,19.52492835729933,19.87406854847689,5800
2021-05-24,19.856164932250977,20.017306307284763,19.757689268060872,19.86511742058758,19500
2021-05-25,19.811403274536133,20.008354610710015,19.70397682527095,20.008354610710015,12200
2021-05-26,20.044160842895508,20.11577903770997,19.856163721824714,19.909876941057448,19900
2021-05-27,20.044160842895508,20.22320718368789,20.017305087035368,20.196349720315297,95000
2021-05-28,20.214256286621094,20.30377946406215,20.00835417376548,20.00835417376548,14200
2021-06-01,20.491777420043945,20.500729908897604,20.366445991118038,20.411206727873676,13400
2021-06-02,20.572345733642578,20.572345733642578,20.4380618313889,20.49177505078788,14400
2021-06-03,20.250064849853516,20.59025085175087,20.169494166441318,20.59025085175087,56400
2021-06-04,20.53653907775879,20.563394835778528,20.35749272256844,20.429110923142062,11400
2021-06-07,20.473873138427734,20.572347095927995,20.420158207959332,20.572347095927995,9600
2021-06-08,20.339588165283203,20.491777058081855,20.276922451927163,20.43806383342134,61100
2021-06-09,20.187397003173828,20.581297923934457,20.14263627224049,20.321682610998714,12400
2021-06-10,20.33063316345215,20.411203844239633,20.223206727410446,20.2411117025882,22600
2021-06-11,20.28587532043457,20.393303479279602,20.196352139315817,20.393303479279602,23900
2021-06-14,20.339588165283203,20.35749314267425,20.285874940622687,20.31273240670926,41000
2021-06-15,20.097875595092773,20.39330085957575,20.097875595092773,20.39330085957575,41000
2021-06-16,19.91883087158203,20.124732983148174,19.91883087158203,19.954640825339226,47100
2021-06-17,19.748735427856445,19.856163573029335,19.748735427856445,19.856163573029335,39600
2021-06-18,19.417503356933594,19.695023666863147,19.417503356933594,19.695023666863147,76700
2021-06-21,19.515975952148438,19.587594146729234,19.390644538510152,19.390644538510152,9700
2021-06-22,19.453311920166016,19.507026851360546,19.399598696484077,19.426456162081344,14600
2021-06-23,19.596548080444336,19.69502374557624,19.55178734584578,19.55178734584578,10400
2021-06-24,19.686071395874023,19.695023884359333,19.569692460590165,19.686071395874023,17300
2021-06-25,19.686071395874023,19.695023884359333,19.668166418903404,19.695023884359333,8300
2021-06-28,19.578643798828125,19.695022727274708,19.578643798828125,19.695022727274708,6500
2021-06-29,19.542835235595703,19.63235841403774,19.542835235595703,19.58759597106042,7900
2021-06-30,19.569690704345703,19.78454528617367,19.542833241300045,19.695022116867243,9800
2021-07-01,19.50702476501465,19.668164418826002,19.4443573519902,19.668164418826002,10600
2021-07-02,19.560739517211914,19.7397841602166,19.44435887712195,19.7397841602166,5300
2021-07-06,19.48016929626465,19.71292887450046,19.462264319282067,19.641310674082717,40900
2021-07-07,19.53388214111328,19.73978424988463,19.507026383672486,19.73978424988463,8400
2021-07-08,19.372739791870117,19.462262963031918,19.274265840353358,19.42645471907468,10100
2021-07-09,19.623403549194336,19.65026101172849,19.524927894081504,19.63235603670572,7000
2021-07-12,19.560739517211914,19.695023426343564,19.48912131850753,19.695023426343564,9300
2021-07-13,19.22950553894043,19.444360149108668,19.131031576475397,19.42645687889581,14100
2021-07-14,19.435405731201172,19.515976415456368,19.33693177851009,19.515976415456368,10800
2021-07-15,19.417503356933594,19.533882290932254,19.29217022703592,19.29217022703592,5900
2021-07-16,19.202648162841797,19.49807344038494,19.131029965483233,19.49807344038494,8600
2021-07-19,18.97884178161621,19.077315739415546,18.799795427869565,19.077315739415546,14000
2021-07-20,19.023601531982422,19.041506507933168,18.960935823667302,19.041506507933168,3800
2021-07-21,19.29216957092285,19.29216957092285,19.01464927043157,19.023601758513546,4300
2021-07-22,19.29216957092285,19.515976650434776,19.220551373779536,19.435405965209483,5900
2021-07-23,19.220550537109375,19.435405119186704,19.068361661365543,19.435405119186704,8000
2021-07-26,19.202648162841797,19.265313872091475,19.08626752493881,19.131029965483233,14500
2021-07-27,19.059412002563477,19.202648399042474,18.85350818855145,19.202648399042474,5600
2021-07-28,19.14893341064453,19.19369585160144,18.978841257545877,18.978841257545877,7400
2021-07-29,19.53388214111328,19.59654785182521,19.220551880041096,19.220551880041096,7900
2021-07-30,19.453311920166016,19.569692563574907,19.345885472802138,19.569692563574907,4800
2021-08-02,19.48016929626465,19.560739985173683,19.48016929626465,19.55178749668239,5600
2021-08-03,19.50702476501465,19.560737982951768,19.50702476501465,19.560737982951768,4500
2021-08-04,19.551786422729492,19.677117839698113,19.54283393472995,19.596547155214715,5100
2021-08-05,19.48016929626465,19.623405697100136,19.48016929626465,19.623405697100136,3000
2021-08-06,19.327980041503906,19.417503217211618,19.202648620020643,19.417503217211618,6900
2021-08-09,19.301122665405273,19.44435906419209,19.26531441946485,19.44435906419209,5500
2021-08-10,19.435405731201172,19.50702563499467,19.310074314587528,19.345884266484276,5700
2021-08-11,19.605501174926758,19.605501174926758,19.57864541634247,19.605501174926758,2100
2021-08-12,19.49807357788086,19.59654753274798,19.462263625192797,19.59654753274798,4100
2021-08-13,19.53388214111328,19.63235780509634,19.515977164477718,19.578644582702196,5400
2021-08-16,19.48016929626465,19.58759574313497,19.354837872411743,19.53388251969981,10400
2021-08-17,19.22950553894043,19.462265126834186,19.20264977986481,19.462265126834186,9700
2021-08-18,19.14893341064453,19.426455422039766,19.095220189008774,19.426455422039766,4500
2021-08-19,18.799795150756836,19.122077899745257,18.799795150756836,19.068362969905486,7400
2021-08-20,18.70132064819336,18.79979631816877,18.61179917459316,18.79979631816877,7500
2021-08-23,18.996746063232422,19.00569855214805,18.84455716669208,18.84455716669208,6700
2021-08-24,19.238454818725586,19.319025497538135,19.193694089390778,19.24740730609502,3800
2021-08-25,19.34588623046875,19.372741989605206,19.265315538034056,19.372741989605206,3000
2021-08-26,19.256362915039062,19.363789365862036,19.256362915039062,19.363789365862036,1800
2021-08-27,19.515975952148438,19.515975952148438,19.363787075225183,19.444357757567637,3200
2021-08-30,19.50702476501465,19.551785495376844,19.426454084352766,19.551785495376844,4500
2021-08-31,19.632356643676758,19.668164887316976,19.48912025409098,19.51597600994303,6500
2021-09-01,19.757688522338867,19.766641010337576,19.605499641385812,19.766641010337576,7200
2021-09-02,19.542835235595703,19.865117994981993,19.542835235595703,19.793499793730884,6300
2021-09-03,19.614452362060547,19.72188051180692,19.57864411715343,19.72188051180692,7500
2021-09-07,19.53388214111328,19.650262781731907,19.507026383672486,19.62340531677856,10400
2021-09-08,19.15788459777832,19.444357370397356,19.15788459777832,19.444357370397356,7800
2021-09-09,19.166837692260742,19.381692278528178,19.157885204393875,19.157885204393875,5700
2021-09-10,19.12207794189453,19.2205518984594,19.12207794189453,19.2205518984594,4200
2021-09-13,19.319028854370117,19.319028854370117,19.13103170948311,19.13103170948311,7100
2021-09-14,19.26531410217285,19.489121185030307,19.256361613957047,19.489121185030307,3200
2021-09-15,19.247407913208008,19.46226249431442,18.934077675443998,19.46226249431442,17200
2021-09-16,18.996746063232422,19.139982470857134,18.85350965560771,19.139982470857134,11100
2021-09-17,18.746082305908203,18.99674515349104,18.575988439682288,18.99674515349104,7400
2021-09-20,18.34322738647461,18.423798068864958,18.173133533926933,18.379037337542517,27900
2021-09-21,18.289514541625977,18.558082350080955,18.217896345537152,18.307419517526306,20100
2021-09-22,18.611797332763672,18.611797332763672,18.405893524326604,18.414846012303215,9400
2021-09-23,18.59389305114746,18.799795159760876,18.352180989290378,18.611798027769293,4800
2021-09-24,18.67446517944336,18.701320938935872,18.486466325432342,18.567037018935252,9900
2021-09-27,18.629701614379883,18.656559079770354,18.477512725525695,18.486465213989185,11000
2021-09-28,18.423797607421875,18.60284394325213,18.36113190213501,18.60284394325213,4500
2021-09-29,18.271610260009766,18.47751236814994,18.244752795138748,18.432751634210792,14500
2021-09-30,18.59389305114746,18.755034425718847,18.379038454223128,18.432751676576075,5700
2021-10-01,18.60284423828125,18.60284423828125,18.477511118207406,18.593891750596516,6100
2021-10-04,18.620746612548828,18.737127239352958,18.52227266776728,18.737127239352958,7800
2021-10-05,18.692365646362305,18.75503305997527,18.629699940261766,18.665509890897745,4500
2021-10-06,18.692365646362305,18.692365646362305,18.62074745260277,18.65655740323875,12300
2021-10-07,18.871414184570312,18.95198487538187,18.77293851635338,18.790843493758754,4100
2021-10-08,18.969886779785156,19.050457457544773,18.871411127520656,19.050457457544773,6100
2021-10-11,18.934078216552734,19.11312455968118,18.9072224603422,19.08626709595817,6800
2021-10-12,19.12207794189453,19.175791164340147,19.050459742796193,19.095220476915447,5000
2021-10-13,19.211599349975586,19.2474093031689,19.131030370315727,19.23845681487057,8800
2021-10-14,19.462265014648438,19.650263864657383,19.2921711422618,19.2921711422618,15400
2021-10-15,19.695024490356445,19.695024490356445,19.54283559644864,19.56969306273095,8100
2021-10-18,19.587594985961914,19.69502313619211,19.408550345594954,19.69502313619211,13600
2021-10-19,19.721879959106445,19.793498154426107,19.695022495544396,19.793498154426107,3200
2021-10-20,19.82035255432129,19.865114990528618,19.784544312867773,19.802449287350704,8000
2021-10-21,19.569690704345703,19.820353529388786,19.507024998084933,19.820353529388786,3200
2021-10-22,19.471216201782227,19.78454645917548,19.399598003593415,19.78454645917548,4300
2021-10-25,19.560739517211914,19.668165961512216,19.560739517211914,19.668165961512216,4300
2021-10-26,19.471216201782227,19.695023284561334,19.390645515380747,19.695023284561334,7600
2021-10-27,19.29216957092285,19.471215917537396,19.29216957092285,19.327979523250765,4200
2021-10-28,19.327980041503906,19.462263951309197,19.131030420956982,19.131030420956982,4200
2021-10-29,19.139982223510742,19.310076095684213,19.139982223510742,19.15788720111061,3900
2021-11-01,19.26531410217285,19.37274054573741,19.238456637525445,19.238456637525445,5100
2021-11-02,19.18474578857422,19.560741802579642,19.175793299251144,19.2832214636153,8700
2021-11-03,19.408550262451172,19.551786657136144,19.229503915338704,19.551786657136144,17300
2021-11-04,19.34588623046875,19.489122637572056,19.34588623046875,19.44436019315686,8400
2021-11-05,19.319028854370117,19.381694569332453,19.265315628332782,19.381694569332453,1400
2021-11-08,19.39064598083496,19.39064598083496,19.211599627308825,19.211599627308825,10300
2021-11-09,19.34588623046875,19.480170148689016,19.34588623046875,19.471217659805976,3400
2021-11-10,19.247407913208008,19.46226249431442,19.247407913208008,19.345883569865606,4500
2021-11-11,19.39064598083496,19.542834869078405,19.274267046301773,19.274267046301773,4500
2021-11-12,19.408550262451172,19.453310995473032,19.345884553215562,19.399597774344297,2600
2021-11-15,19.471216201782227,19.524929423545704,19.41750298001875,19.5070261546329,6500
2021-11-16,19.26531410217285,19.587595140379065,19.26531410217285,19.489121185030307,4900
2021-11-17,19.15788459777832,19.274265228850062,19.06836142945677,19.274265228850062,5000
2021-11-18,19.00569725036621,19.265314288599136,18.889318317459676,19.265314288599136,5500
2021-11-19,18.925125122070312,19.032553266006662,18.91617263444958,19.032553266006662,5900
2021-11-22,18.72817611694336,18.916173240464282,18.62074796956535,18.916173240464282,16700
2021-11-23,18.67446517944336,18.862462325941692,18.59389448594045,18.862462325941692,3000
2021-11-24,18.558082580566406,18.558082580566406,18.432751162732508,18.53122682389486,5700
2021-11-26,17.976184844970703,18.208944416279106,17.877709182009927,18.07466050793148,22000
2021-11-29,18.235801696777344,18.396941360659508,18.146278522945572,18.146278522945572,12400
2021-11-30,18.0567569732666,18.423800482230096,17.913520565257077,18.235803337034845,21500
2021-12-01,17.904565811157227,18.504368834131494,17.904565811157227,18.352179956436157,14800
2021-12-02,18.0836124420166,18.182086394447285,17.99408927002395,18.15523063810823,192000
2021-12-03,18.011995315551758,18.253705674519452,17.985137850105307,18.164184204723128,9700
2021-12-06,18.092565536499023,18.128375492881183,17.904568388030796,18.128375492881183,6800
2021-12-07,18.3253231048584,18.379038033494265,18.22684915071767,18.379038033494265,27900
2021-12-08,18.47751235961914,18.47751235961914,18.31637098549251,18.334275962064925,12500
2021-12-09,18.396940231323242,18.531225837583744,18.396940231323242,18.531225837583744,2000
2021-12-10,18.244752883911133,18.495417434722654,18.09256399725995,18.495417434722654,6500
2021-12-13,18.128374099731445,18.3432286989749,18.128374099731445,18.28951547604218,6900
2021-12-14,18.07465934753418,18.307418903899364,18.07465934753418,18.17313329666037,9100
2021-12-15,18.20894432067871,18.51332208867531,17.904566552682113,18.51332208867531,16600
2021-12-16,18.262657165527344,18.396941070400064,18.262657165527344,18.396941070400064,2400
2021-12-17,18.07465934753418,18.361132122287508,17.913517984857325,18.316369684037035,31900
2021-12-20,18.12976837158203,18.241854277651065,17.952299762616494,18.241854277651065,15500
2021-12-21,18.167131423950195,18.21383284683687,18.11108757863208,18.11108757863208,8300
2021-12-22,18.59678840637207,18.652830464693373,18.195149795055414,18.195149795055414,15300
2021-12-23,18.783599853515625,18.792940494592646,18.67151394213649,18.67151394213649,5700
2021-12-27,18.792940139770508,19.045130317908093,18.764918217068512,19.045130317908093,15500
2021-12-28,18.568767547607422,18.895682839329933,18.53140676710643,18.53140676710643,12400
2021-12-29,18.643491744995117,18.718216872513427,18.47536555271421,18.47536555271421,15900
2021-12-30,18.736896514892578,18.81161986143227,18.587449821813195,18.75557779691378,9200
2021-12-31,18.792940139770508,18.83964156272874,18.75557757616785,18.75557757616785,5200
2022-01-03,18.89568328857422,19.101173821622766,18.830300584984247,19.101173821622766,7500
2022-01-04,18.839641571044922,18.93304619854771,18.783599507161288,18.792940148066073,7900
2022-01-05,18.802278518676758,19.101173675225173,18.755577096911875,18.96106584684043,10500
2022-01-06,18.95172691345215,19.13853438132464,18.690194320576616,19.13853438132464,3700
2022-01-07,18.979747772216797,19.01711033613259,18.905024425930318,18.951727630825058,4100
2022-01-10,19.02644920349121,19.045128702162724,18.85832124463302,18.97974600295008,6200
2022-01-11,19.250619888305664,19.3160025897832,19.05447000232806,19.129193344237382,18800
2022-01-12,19.61489486694336,19.61489486694336,19.325342155835337,19.325342155835337,10600
2022-01-13,19.30666160583496,19.614895608419758,19.11051172334738,19.614895608419758,10800
2022-01-14,19.353364944458008,19.3907275092248,19.316004161236357,19.316004161236357,7300
2022-01-18,19.14787483215332,19.316002798653578,19.091832770501576,19.316002798653578,9700
2022-01-19,19.465450286865234,19.502811068992195,19.353364377394175,19.353364377394175,11600
2022-01-20,19.418746948242188,19.923129037244042,19.418746948242188,19.614895043535988,22500
2022-01-21,19.2132568359375,19.493470697100516,19.2132568359375,19.428086215747676,6800
2022-01-24,18.87700080871582,19.241278648019147,18.494043470676253,19.241278648019147,23100
2022-01-25,18.923704147338867,18.923704147338867,18.71821540738302,18.87700094629552,4500
2022-01-26,18.718215942382812,19.147874714992255,18.68085338048025,19.147874714992255,6900
2022-01-27,18.578107833862305,18.84898105889567,18.578107833862305,18.84898105889567,3300
2022-01-28,18.764917373657227,18.764917373657227,18.531406706271294,18.62481132953467,2100
2022-01-31,19.16655731201172,19.16655731201172,18.848982640213745,18.848982640213745,6400
2022-02-01,19.418746948242188,19.456107726683662,19.31600168982453,19.456107726683662,8500
2022-02-02,19.437427520751953,19.614896127403924,19.194576212055836,19.614896127403924,9400
2022-02-03,19.334684371948242,19.52149184079252,19.017109715213415,19.52149184079252,15200
2022-02-04,19.418746948242188,19.42808580669387,18.979745776126684,19.334682969817727,7300
2022-02-07,19.484130859375,19.59621498322051,19.42808701590722,19.59621498322051,4900
2022-02-08,19.783023834228516,19.783023834228516,19.60555522990279,19.624236510683392,8800
2022-02-09,19.820384979248047,19.88576946318424,19.79236483910613,19.79236483910613,11000
2022-02-10,19.89510726928711,20.128617926351723,19.811043290220255,19.811043290220255,7500
2022-02-11,19.801706314086914,20.072577775628083,19.792365673131,19.98851378856994,5700
2022-02-14,19.633577346801758,19.801705312413258,19.633577346801758,19.642917987285177,5400
2022-02-15,19.85774803161621,20.268727318776467,19.745662123647026,19.783024686818443,14700
2022-02-16,20.063236236572266,20.100598798723453,19.82038492722461,19.82038492722461,10600
2022-02-17,19.941810607910156,20.165980626461263,19.941810607910156,20.165980626461263,5200
2022-02-18,19.755001068115234,20.063235061631687,19.74566042812444,20.063235061631687,11800
2022-02-22,19.568195343017578,19.68027946972694,19.418748653041714,19.521492138934452,12700
2022-02-23,19.474790573120117,19.726982528678413,19.474790573120117,19.7083012471826,4200
2022-02-24,19.437427520751953,19.437427520751953,19.06381080796755,19.147874791037164,13000
2022-02-25,19.717641830444336,19.717641830444336,19.372045249959612,19.596215282620626,6500
2022-02-28,19.867088317871094,19.867088317871094,19.624237006225883,19.7923649744068,23200
2022-03-01,19.773681640625,20.03521420637518,19.69895830491707,20.03521420637518,12100
2022-03-02,20.01653480529785,20.04455494535204,19.923130181512175,19.97917224316557,7700
2022-03-03,19.801706314086914,20.091259057539915,19.69896104511694,20.016535711437687,12900
2022-03-04,19.502809524536133,19.614895425130946,19.353362844773017,19.60555478495263,10700
2022-03-07,18.886343002319336,19.465450267854905,18.792940156320615,19.465450267854905,20800
2022-03-08,18.923704147338867,19.30666148816951,18.85832144742314,19.30666148816951,14300
2022-03-09,19.14787483215332,19.203916893805065,18.942386085066907,19.08249212996878,10800
2022-03-10,19.194578170776367,19.334686011219784,19.054472111878148,19.054472111878148,10900
2022-03-11,19.119853973388672,19.241280525519834,19.054471267569642,19.22259924341579,11100
2022-03-14,18.727556228637695,19.241280804681523,18.68085480424514,19.23194016349398,19400
2022-03-15,18.783599853515625,18.783599853515625,18.606131236142463,18.68085458321351,4300
2022-03-16,19.45611000061035,19.49347256496348,19.017110558731844,19.017110558731844,6300
2022-03-17,19.568195343017578,19.60555612473901,19.353364167325335,19.60555612473901,6900
2022-03-18,19.708301544189453,19.84840759442935,19.44676894394192,19.605556275959156,16900
2022-03-21,19.764341354370117,19.792363273840962,19.512149423767145,19.708299296973305,9100
2022-03-22,19.960493087768555,20.025875791082235,19.811044618207934,20.025875791082235,12000
2022-03-23,19.82972526550293,19.960492449493813,19.81104398471209,19.960492449493813,14000
2022-03-24,19.979171752929688,20.016534314145186,19.82972507115764,19.82972507115764,5100
2022-03-25,19.923131942749023,19.97917400935663,19.811046027988635,19.97917400935663,4700
2022-03-28,19.82972526550293,20.081917211544283,19.68961922266162,20.081917211544283,10700
2022-03-29,19.98851203918457,19.98851203918457,19.876427920613327,19.913788699622092,7200
2022-03-30,20.128618240356445,20.18466208163858,19.988512200241022,19.988512200241022,16000
2022-03-31,19.848407745361328,20.13796048893162,19.848407745361328,20.13796048893162,7900
2022-04-01,20.13796043395996,20.31542904861961,20.007195023971324,20.31542904861961,6600
2022-04-04,20.259387969970703,20.446195453105723,20.21268476302806,20.446195453105723,10400
2022-04-05,19.848407745361328,20.259387039862617,19.848407745361328,20.259387039862617,14600
2022-04-06,19.680280685424805,19.801707241996674,19.62423861860827,19.62423861860827,10000
2022-04-07,19.72698211669922,19.755002256812705,19.624236852163044,19.624236852163044,12300
2022-04-08,19.801706314086914,19.923131083423627,19.56819563482431,19.56819563482431,28400
2022-04-11,19.717641830444336,19.923130581664005,19.642918486223998,19.87642915960569,4300
2022-04-12,19.74566078186035,19.885768602687286,19.736320141702226,19.764342062176603,48700
2022-04-13,20.03521728515625,20.03521728515625,19.783025320308717,19.932472014689818,6800
2022-04-14,19.876428604125977,20.016534647930484,19.848406682747072,19.979172086091946,7200
2022-04-18,19.867088317871094,19.98851308292118,19.867088317871094,19.93247102070922,7300
2022-04-19,19.74566078186035,19.913788741616713,19.586873462262115,19.913788741616713,9700
2022-04-20,19.58687400817871,19.801705174713376,19.502810025957537,19.801705174713376,11500
2022-04-21,18.979747772216797,19.58687518348758,18.979747772216797,19.58687518348758,8100
2022-04-22,18.60613250732422,19.017111835065897,18.57811058217868,19.017111835065897,11100
2022-04-25,18.587448120117188,18.6061294004281,18.269873481011434,18.6061294004281,16300
2022-04-26,18.148448944091797,18.6248109085778,18.12042702328263,18.596788987768633,6300
2022-04-27,18.335256576538086,18.428661198564953,18.204491174627464,18.428661198564953,2900
2022-04-28,18.40998077392578,18.466024618674965,18.1204280355686,18.353938710721664,43400
2022-04-29,18.223173141479492,18.699535128361976,18.1764699379351,18.540747799401146,7400
2022-05-02,18.101747512817383,18.30723805575516,17.95230081697817,18.26053484983969,12600
2022-05-03,18.297895431518555,18.391300051681526,17.896256811899242,18.045703491542017,5000
2022-05-04,18.438003540039062,18.438003540039062,17.952300885923712,18.32591940850177,15800
2022-05-05,17.8402156829834,18.438002432735665,17.8402156829834,18.438002432735665,4000
2022-05-06,17.59736442565918,17.840215738893377,17.56000186291005,17.840215738893377,9500
2022-05-09,17.214406967163086,17.597364325435333,17.205066326529003,17.597364325435333,8600
2022-05-10,17.214406967163086,17.466598919648234,17.046278998839654,17.382534935486518,7600
2022-05-11,17.177043914794922,17.51329984185289,17.139683134869028,17.14902377523675,4700
2022-05-12,17.111661911010742,17.19572589620057,16.89683251843454,17.027597925820913,7400
2022-05-13,17.335832595825195,17.373195160222583,17.12100319517559,17.12100319517559,5300
2022-05-16,17.466598510742188,17.513299931274254,17.391875168963885,17.513299931274254,3400
2022-05-17,17.681428909301758,17.8775770246352,17.550663499079462,17.700110191203542,21300
2022-05-18,17.2611083984375,17.672087678841738,17.149024273855915,17.672087678841738,7400
2022-05-19,17.56000328063965,17.634726630625746,17.307813087902314,17.307813087902314,5900
2022-05-20,17.522640228271484,17.877575649375963,17.335830986714416,17.877575649375963,6300
2022-05-23,17.728130340576172,17.94295973790913,17.578683648384104,17.94295973790913,10500
2022-05-24,17.56000328063965,17.700111120715626,17.503961213536375,17.65340791350857,3600
2022-05-25,17.475936889648438,17.58802279001003,17.391874691308427,17.58802279001003,4000
2022-05-26,17.709449768066406,17.709449768066406,17.51330164478648,17.51330164478648,13400
2022-05-27,17.79351234436035,17.961640311835698,17.746810922970546,17.79351234436035,4300
2022-05-31,17.746809005737305,17.942957092238142,17.746809005737305,17.793510422081837,22600
2022-06-01,17.59736442565918,17.970981145425235,17.48527851895684,17.970981145425235,10300
2022-06-02,18.05504608154297,18.05504608154297,17.830876037869867,17.896258744581377,10500
2022-06-03,17.886917114257812,18.21383241128214,17.886917114257812,18.1391090675233,4100
2022-06-06,17.886917114257812,18.07372636442744,17.886917114257812,17.886917114257812,5200
2022-06-07,17.99900245666504,18.027022596230932,17.8775759133962,17.8775759133962,2300
2022-06-08,17.961639404296875,18.036362743672072,17.952298764181858,18.017683244986976,4600
2022-06-09,17.522640228271484,17.961639629922146,17.4198949672606,17.961639629922146,17900
2022-06-10,17.279788970947266,17.513299632716823,17.10232036916981,17.513299632716823,6600
2022-06-13,16.67266082763672,16.934191616409997,16.67266082763672,16.822107501662845,8300
2022-06-14,16.55123519897461,16.747385082853704,16.53255569985587,16.747385082853704,8700
2022-06-15,16.569915771484375,16.58859705134971,16.411128455718867,16.532554993298618,28600
2022-06-16,16.30838394165039,16.48585254537362,16.149598400189326,16.48585254537362,15200
2022-06-17,16.40178871154785,16.448491913761814,16.140257905329676,16.448491913761814,5800
2022-06-21,16.327064514160156,16.49519247023203,16.28036309593793,16.327064514160156,18100
2022-06-22,15.981471061706543,16.186959812995248,15.878725795289663,16.186959812995248,5900
2022-06-23,15.832023620605469,15.96278902143251,15.68257693921886,15.916087601578559,5200
2022-06-24,16.130918502807617,16.23366199247308,16.00949194927779,16.056195155075855,9000
2022-06-27,16.252344131469727,16.289706698077595,16.186961421451187,16.186961421451187,6200
2022-06-28,16.08421516418457,16.3270664876936,16.03751374031731,16.261683781661382,3200
2022-06-29,15.953447341918945,16.196298628738695,15.944106702247627,16.093553373899034,4100
2022-06-30,15.682578086853027,15.878726202447496,15.663896804926383,15.878726202447496,7000
2022-07-01,15.8787260055542,15.972130632484124,15.663896610696932,15.972130632484124,4300
2022-07-05,15.570491790771484,15.850703886542957,15.570491790771484,15.850703886542957,5800
2022-07-06,15.579832077026367,15.682577341192578,15.402363470251554,15.682577341192578,4900
2022-07-07,15.990811347961426,16.04685340951696,15.673236696571719,15.673236696571719,8100
2022-07-08,15.990811347961426,16.112236111589247,15.888066083822105,16.112236111589247,4600
2022-07-11,15.54246997833252,15.691916668005327,15.54246997833252,15.58917318232094,17600
2022-07-12,15.617192268371582,15.710596888494734,15.52378942979338,15.52378942979338,18900
2022-07-13,15.645215034484863,15.691916456298143,15.402363721656707,15.691916456298143,9500
2022-07-14,15.308959007263184,15.654555583920443,15.234235663870402,15.654555583920443,4100
2022-07-15,15.514451026916504,15.645216445019214,15.365004325786206,15.645216445019214,5800
2022-07-18,15.505108833312988,15.785320924496254,15.495768192734209,15.785320924496254,9200
2022-07-19,15.75730037689209,15.75730037689209,15.635873834052532,15.635873834052532,1500
2022-07-20,15.785319328308105,15.80400060757664,15.701255353144544,15.80400060757664,10000
2022-07-21,15.916089057922363,15.916089057922363,15.775981222450511,15.82268442812284,7700
2022-07-22,15.822683334350586,15.990811300058546,15.804002053373033,15.888066036227013,9400
2022-07-25,15.90674877166748,15.944109555493728,15.775981574412677,15.944109555493728,3600
2022-07-26,15.729278564453125,15.944107949058322,15.719937924051377,15.944107949058322,4500
2022-07-27,15.972129821777344,15.972129821777344,15.804001858146268,15.832023779266443,12900
2022-07-28,16.028173446655273,16.028173446655273,15.925428174066084,16.00015152280045,6700
2022-07-29,16.1402587890625,16.1402587890625,15.962790174022455,16.00015095629425,5200
2022-08-01,16.130918502807617,16.345747904843297,16.028173231597016,16.345747904843297,6000
2022-08-02,15.962789535522461,16.046853519202873,15.897406833003256,16.046853519202873,8800
2022-08-03,16.028173446655273,16.056195370510096,15.925428174066084,15.925428174066084,3900
2022-08-04,16.102895736694336,16.13091765870684,16.046853674214372,16.084214455352665,1600
2022-08-05,16.186960220336914,16.186960220336914,15.92542761812392,16.08421495133447,6400
2022-08-08,16.30838394165039,16.53255574716657,16.196299820437286,16.31772458200898,11100
2022-08-09,16.38311004638672,16.54189559736407,16.327066200876377,16.37376940546833,5900
2022-08-10,16.812768936157227,16.840790859073724,16.61662082037704,16.812768936157227,7100
2022-08-11,16.906171798706055,17.177043232429504,16.719362561862706,16.812767180284382,12400
2022-08-12,16.99957847595215,16.99957847595215,16.794087934228454,16.971556552568426,7200
2022-08-15,16.719364166259766,16.980896766628245,16.625959538874945,16.980896766628245,4400
2022-08-16,16.831449508666992,16.878150930014286,16.719363603270445,16.719363603270445,7700
2022-08-17,16.663320541381836,16.80342657856101,16.513873864184728,16.80342657856101,11600
2022-08-18,16.513874053955078,16.803426771658774,16.467170853328714,16.803426771658774,5000
2022-08-19,16.168277740478516,16.383108903524995,16.13091696095628,16.383108903524995,6300
2022-08-22,16.028173446655273,16.168279502839063,15.944109456635967,16.168279502839063,6100
2022-08-23,16.196300506591797,16.205641147346103,15.850703924862765,16.037513176858738,4700
2022-08-24,16.186960220336914,16.37376947642407,15.96279018195939,16.37376947642407,8600
2022-08-25,16.38311004638672,16.38311004638672,16.28970541874791,16.33640684179477,2600
2022-08-26,16.093555450439453,16.439152036690956,16.000150823219176,16.429811395814422,5200
2022-08-29,16.1776180267334,16.233660085562875,16.084213407654318,16.11223532784152,6600
2022-08-30,15.607851028442383,16.158936306292993,15.589171530371509,16.158936306292993,6600
2022-08-31,15.54246997833252,15.691916668005327,15.486427915091484,15.617193323168923,4200
2022-09-01,15.271597862243652,15.32763992306586,15.122151179021103,15.271597862243652,16100
2022-09-02,15.29028034210205,15.458406537753193,15.262258418720961,15.29961920168395,9000
2022-09-06,15.393022537231445,15.57983178097568,15.346321117067877,15.346321117067877,4700
2022-09-07,15.458406448364258,15.458406448364258,15.224895766174193,15.365003600724329,11100
2022-09-08,15.346322059631348,15.402364123578701,15.215556649905826,15.402364123578701,9200
2022-09-09,15.654555320739746,15.841362785308618,15.551810057222614,15.551810057222614,6800
2022-09-12,15.925426483154297,15.934767123447477,15.85070314235382,15.916087624406089,9000
2022-09-13,15.449066162109375,15.701256321610499,15.365002181760682,15.682576822734644,4900
2022-09-14,15.533129692077637,15.626534320641365,15.393023640004602,15.626534320641365,3100
2022-09-15,15.271597862243652,15.50510852747201,15.084788617442968,15.50510852747201,4400
2022-09-16,15.08478832244873,15.280938203808091,15.047427543146208,15.140830382174995,5000
2022-09-19,15.168851852416992,15.168851852416992,15.094128514485673,15.140829932613409,5100
2022-09-20,15.066106796264648,15.16885205537427,14.95402267864045,15.16885205537427,4400
2022-09-21,14.991384506225586,15.140831194544036,14.991384506225586,15.066107850384812,2200
2022-09-22,14.851278305053711,15.066107694596955,14.692490977664132,14.944682929673176,10500
2022-09-23,14.346895217895508,14.580405887468647,14.26283212509809,14.580405887468647,10500
2022-09-26,14.113384246826172,14.571065826399442,13.926575893312844,14.216129509337872,9900
2022-09-27,14.076022148132324,14.346894475183712,14.076022148132324,14.234809466483737,4900
2022-09-28,14.346895217895508,14.393597529964639,14.085363517389897,14.085363517389897,9000
2022-09-29,14.122725486755371,14.262832425917779,14.02932175141963,14.262832425917779,8000
2022-09-30,14.076022148132324,14.19744779691708,14.01063944908379,14.057341758735229,11200
2022-10-03,14.41227912902832,14.477661832903902,14.216130126629045,14.253491798954023,3700
2022-10-04,14.683152198791504,14.860619928377098,14.683152198791504,14.767216188353524,2500
2022-10-05,14.561725616455078,14.599087288262103,14.496342913485915,14.599087288262103,2800
2022-10-06,14.421618461608887,14.655129129574378,14.421618461608887,14.477661413860508,2800
2022-10-07,14.300193786621094,14.505682534345869,14.225469552899115,14.505682534345869,7800
2022-10-10,14.216130256652832,14.888640364653389,14.216130256652832,14.225470006740101,3800
2022-10-11,14.066682815551758,14.244150528557828,14.01063986415524,14.234809888196326,3200
2022-10-12,13.917235374450684,13.935916655351363,13.786469971235933,13.935916655351363,10700
2022-10-13,14.262832641601562,14.281513032642184,13.814491676583549,14.029321963572245,4600
2022-10-14,13.917235374450684,14.253491304482901,13.917235374450684,14.253491304482901,3300
2022-10-17,14.35623550415039,14.468320515886525,14.141406121015923,14.468320515886525,4500
2022-10-18,14.216130256652832,14.552385310653111,14.178768583986134,14.552385310653111,5200
2022-10-19,14.18810749053955,14.253491081898387,14.113384149648725,14.253491081898387,4300
2022-10-20,14.085363388061523,14.337555336455754,14.085363388061523,14.160086730377035,1800
2022-10-21,14.393597602844238,14.720512898210918,14.038661276403205,14.720512898210918,11100
2022-10-24,14.019980430603027,14.430958805844996,13.982618760126485,14.328214434727625,24300
2022-10-25,14.253490447998047,14.33755442545474,14.029320435295162,14.33755442545474,20700
2022-10-26,14.571066856384277,14.627108921013475,14.384257598893473,14.384257598893473,4300
2022-10-27,14.533703804016113,14.673809843067756,14.281511864796189,14.54304355338641,13400
2022-10-28,14.43095874786377,14.561725039392515,14.169427055578762,14.412278358086796,12300
2022-10-31,14.421618461608887,14.711172081826,14.253491386399036,14.430959102112908,16800
2022-11-01,14.608427047729492,14.897979764075039,14.365575750246315,14.897979764075039,15100
2022-11-02,14.402938842773438,14.69249158772606,14.300194464043885,14.608428491005093,11700
2022-11-03,14.20678997039795,14.253492285090157,14.029322243494633,14.038661993815024,7400
2022-11-04,15.010065078735352,15.010065078735352,14.206788721575675,14.954023018649028,24500
2022-11-07,15.038087844848633,15.271598520136514,14.692491261542736,15.038087844848633,22600
2022-11-08,15.234236717224121,15.327641348309712,14.888641007443562,14.888641007443562,6100
2022-11-09,14.972704887390137,16.018831697308073,14.972704887390137,16.018831697308073,3300
2022-11-10,15.63587474822998,15.64521538911337,15.299618802608341,15.486428057185938,7100
2022-11-11,15.832023620605469,15.869384400179637,15.68257693921886,15.68257693921886,11100
2022-11-14,15.701257705688477,15.804002975515056,15.626534358963267,15.804002975515056,8500
2022-11-15,15.775979042053223,15.878724298786796,15.719936984537132,15.878724298786796,8200
2022-11-16,15.701257705688477,15.794662334481265,15.645215641030848,15.785321693447475,7100
2022-11-17,15.738619804382324,15.738619804382324,15.63587453759425,15.701257241352092,2800
2022-11-18,15.747960090637207,15.766639590186767,15.617192904520165,15.617192904520165,2500
2022-11-21,15.626534461975098,15.832025002982874,15.617193820879734,15.832025002982874,5000
2022-11-22,15.869385719299316,15.869385719299316,15.78532173133853,15.804003013450954,3300
2022-11-23,16.093555450439453,16.093555450439453,15.88806669579091,15.916088618420519,6300
2022-11-25,16.01883316040039,16.02817380189235,15.96279109299383,15.96279109299383,2400
2022-11-28,15.897406578063965,16.0655345427286,15.505108587694812,15.869384656771524,19600
2022-11-29,16.056194305419922,16.14025828986283,16.037513024089264,16.112236367866846,5100
2022-11-30,16.355087280273438,16.439151262659056,16.05619391247791,16.439151262659056,8700
2022-12-01,16.102895736694336,16.355087690171732,16.0935550960235,16.355087690171732,5900
2022-12-02,16.233659744262695,16.280362943592802,15.888064976944365,15.962788314327645,9200
2022-12-05,16.028173446655273,16.317726200307796,16.028173446655273,16.28036541671319,6500
2022-12-06,15.90674877166748,16.24300295228441,15.90674877166748,16.24300295228441,6600
2022-12-07,16.093555450439453,16.205641359412805,15.95344940038158,15.95344940038158,3700
2022-12-08,16.112234115600586,16.23365886418627,16.093552836881315,16.23365886418627,5900
2022-12-09,15.972129821777344,16.224321767223955,15.972129821777344,16.214981126850564,8600
2022-12-12,15.916089057922363,16.05619511184908,15.785321863584976,16.05619511184908,6500
2022-12-13,16.065534591674805,16.34574667927291,16.00949074891918,16.186959354555317,4000
2022-12-14,16.102895736694336,16.158937799174296,16.056194314885207,16.158937799174296,8700
2022-12-15,15.598512649536133,15.906746646488886,15.458404829657209,15.906746646488886,8500
2022-12-16,15.514451026916504,15.598515018995448,15.495769743888916,15.598515018995448,4800
2022-12-19,15.60733699798584,16.004053420134266,15.510578785580694,16.004053420134266,14500
2022-12-20,15.44284725189209,15.597663537947996,15.42349487009547,15.568634965253064,10100
2022-12-21,15.829885482788086,15.878264588372865,15.539605312645683,15.539605312645683,23800
2022-12-22,15.558959007263184,15.762155328080018,15.500903706548973,15.762155328080018,14200
2022-12-23,15.742802619934082,15.93632090015494,15.57831106669677,15.71377404740584,25800
2022-12-27,15.85891342163086,16.149193613988903,15.80085812137714,15.878265803563673,14000
2022-12-28,15.626689910888672,15.810533842699973,15.578310803038432,15.800857652020992,9300
2022-12-29,15.771828651428223,15.887941090876291,15.73312573530861,15.78150484184428,11900
2022-12-30,15.539606094360352,15.742802408236214,15.44284695555107,15.61701377451671,13900
2023-01-03,15.684745788574219,15.849237345101379,15.462198931374159,15.839562999609841,12600
2023-01-04,15.965350151062012,16.004054916077592,15.675071795624248,15.868590084067833,6900
2023-01-05,15.771828651428223,15.916969662124462,15.6266894862766,15.907293471708405,18300
2023-01-06,16.091136932373047,16.158870271091804,15.858913879114484,15.887942452851094,6700
2023-01-09,16.149192810058594,16.497526439785084,16.149192810058594,16.304008166724728,25000
2023-01-10,16.284656524658203,16.429795697425195,16.03308109727455,16.391092779274864,8400
2023-01-11,16.400768280029297,16.662018041798213,16.19757197027055,16.662018041798213,10200
2023-01-12,16.6910457611084,16.739424865676405,16.4975256517473,16.4975256517473,7500
2023-01-13,16.855539321899414,16.855539321899414,16.73942687324839,16.73942687324839,4500
2023-01-17,16.458824157714844,16.84586256429666,16.44914796685721,16.836186373439027,11600
2023-01-18,16.5072021484375,16.87488999394552,16.42011828216163,16.87488999394552,14000
2023-01-19,16.478178024291992,16.632993400875257,16.371741760811673,16.371741760811673,18800
2023-01-20,16.642667770385742,16.758778367337715,16.487852410753334,16.74910217666761,7700
2023-01-23,16.78780746459961,16.86521514683772,16.671695018470082,16.73942650973534,10500
2023-01-24,16.797483444213867,17.0974379784192,16.700723381247556,16.89424166163548,4700
2023-01-25,16.894241333007812,16.894241333007812,16.729751628372853,16.8361860345752,2900
2023-01-26,16.942623138427734,17.058733741132578,16.923270756128673,16.961975520726792,10100
2023-01-27,16.78780746459961,16.932946638102976,16.78780746459961,16.932946638102976,6400
2023-01-30,16.594287872314453,16.83618711781625,16.594287872314453,16.739427050506578,8500
2023-01-31,16.536231994628906,16.662018785872327,16.458824312584177,16.662018785872327,7100
2023-02-01,16.865215301513672,16.894242029153723,16.56526076078311,16.56526076078311,9200
2023-02-02,16.720075607299805,16.894241504364185,16.62331554523425,16.894241504364185,7300
2023-02-03,16.449148178100586,16.72007598895952,16.449148178100586,16.710399797977622,5700
2023-02-06,16.313684463500977,16.81683345317186,16.19757202247253,16.81683345317186,9000
2023-02-07,16.526554107666016,16.526554107666016,16.22659960121818,16.51687791771034,4600
2023-02-08,16.362064361572266,16.478176808213124,16.323361443055134,16.400769125634127,6500
2023-02-09,16.362064361572266,16.584611218293787,16.33303578852587,16.439472044151263,9400
2023-02-10,16.236276626586914,16.429794899024035,16.197571864772716,16.410442518116938,10800
2023-02-13,16.30400848388672,16.313684674559664,16.207248422701955,16.255627530522005,21000
2023-02-14,16.371740341186523,16.391092722967567,16.207248787137075,16.255627896044977,6600
2023-02-15,16.178218841552734,16.40076752205943,16.12016354668099,16.40076752205943,11700
2023-02-16,16.15886878967285,16.245952657354202,16.110487837880655,16.245952657354202,4000
2023-02-17,16.071786880493164,16.149194567248944,16.02340592280528,16.11048980109864,3800
2023-02-21,15.81053352355957,16.013727987082625,15.791181142592244,15.965348880208936,9500
2023-02-22,15.684745788574219,15.868589727173925,15.684745788574219,15.868589727173925,6100
2023-02-23,15.675071716308594,15.79118231967827,15.655719333898725,15.752479400403299,9400
2023-02-24,15.481551170349121,15.6266903434622,15.355763456357352,15.6266903434622,11100
2023-02-27,15.646041870117188,15.713773357497995,15.617013298863435,15.617013298863435,2000
2023-02-28,15.723450660705566,15.791182152879907,15.665395359633951,15.665395359633951,2900
2023-03-01,15.965350151062012,16.02340545304061,15.82021097334313,16.02340545304061,134900
2023-03-02,15.791181564331055,15.907294007691435,15.723450074681116,15.907294007691435,7400
2023-03-03,15.955674171447754,15.955674171447754,15.800858800421471,15.86859029455237,2900
2023-03-06,15.694421768188477,16.03308106771694,15.694421768188477,15.984701958732032,9000
2023-03-07,15.336411476135254,15.646042193734445,15.336411476135254,15.646042193734445,5900
2023-03-08,15.317058563232422,15.471873916658259,15.317058563232422,15.32673475351461,3700
2023-03-09,15.13321590423584,15.404142778862825,15.13321590423584,15.404142778862825,7500
2023-03-10,15.13321590423584,15.433170427594066,15.13321590423584,15.307382719395601,8500
2023-03-13,15.075160026550293,15.133216248104288,15.075160026550293,15.133216248104288,11500
2023-03-14,15.04613208770752,15.104187385372331,14.997752057805297,15.094512117609742,4200
2023-03-15,14.610713958740234,14.900992298462059,14.54298154640245,14.900992298462059,8200
2023-03-16,14.610713958740234,14.610713958740234,14.484926247567019,14.552657737132467,7300
2023-03-17,14.533306121826172,14.610713801287451,14.43654606111341,14.43654606111341,7300
2023-03-20,14.639741897583008,15.036456497633326,14.54298183391458,15.036456497633326,18800
2023-03-21,14.610713958740234,14.707473097723398,14.5913615772802,14.63974160815795,88900
2023-03-22,14.765528678894043,14.968724061549366,14.630064782866395,14.968724061549366,17400
2023-03-23,14.91066837310791,15.229975282533884,14.794556853568677,14.978399862146047,42700
2023-03-24,14.930021286010742,14.988076586461291,14.784881189339641,14.804233571338067,18700
2023-03-27,14.91066837310791,15.007428434110103,14.813909234878047,15.007428434110103,16900
2023-03-28,15.123540878295898,15.220300022441572,14.910669284739598,15.084837036083151,30700
2023-03-29,15.229974746704102,15.326734804302028,15.10418704093572,15.123539421564223,20200
2023-03-30,15.44284725189209,15.694421755841688,15.268679506811916,15.365439570250313,27700
2023-03-31,15.452523231506348,15.742802495080166,15.326735519865283,15.626690051432767,35800
2023-04-03,15.655717849731445,15.800857012956683,15.529929221536872,15.597662553550268,9100
2023-04-04,15.617013931274414,15.762154947876047,15.539606250341066,15.762154947876047,8100
2023-04-05,15.491227149963379,15.617013939466796,15.375115628502446,15.617013939466796,9100
2023-04-06,15.413819313049316,15.491226993240145,15.336411632858487,15.442846962427792,12000
2023-04-10,15.471875190734863,15.61701436583042,15.288032174095667,15.597663829217156,5800
2023-04-11,15.471875190734863,15.607338174751417,15.394467507647583,15.491227572892868,23700
2023-04-12,15.346086502075195,15.723449625279946,15.346086502075195,15.568634268920759,60900
2023-04-13,15.868589401245117,15.887941782920178,15.578311058297981,15.578311058297981,2800
2023-04-14,15.646041870117188,15.955672581312086,15.520255085773492,15.955672581312086,30600
2023-04-17,15.626689910888672,15.791181461342012,15.452523092528683,15.742802353491774,27300
2023-04-18,15.423494338989258,15.67507067982056,15.317059011089992,15.481550559607609,112900
2023-04-19,15.54928207397461,15.558958264555873,15.365439066792208,15.500902966612935,37200
2023-04-20,15.481551170349121,15.607337961568533,15.442847329334143,15.549282661432244,7300
2023-04-21,15.336411476135254,15.433170613998836,15.259003796735454,15.433170613998836,8400
2023-04-24,15.30738353729248,15.326735919328879,15.191272013391185,15.220299663673417,9000
2023-04-25,15.075160026550293,15.336411639384766,15.026779995717352,15.336411639384766,12800
2023-04-26,15.104187965393066,15.278355710620412,15.104187965393066,15.14289180624666,4000
2023-04-27,15.142890930175781,15.191270959136903,15.11386328190803,15.191270959136903,12600
2023-04-28,15.30738353729248,15.355763569611112,15.13321671282672,15.142891981072554,2700
2023-05-01,15.162243843078613,15.471874562862443,15.162243843078613,15.336411584343184,4300
2023-05-02,15.094512939453125,15.210624463876934,15.04613290691678,15.04613290691678,4800
2023-05-03,15.13321590423584,15.249327421933119,15.13321590423584,15.249327421933119,1900
2023-05-04,15.065484046936035,15.200947950612003,15.065484046936035,15.094512619505968,1500
2023-05-05,15.259003639221191,15.32673512730376,15.181595037848133,15.28803128800339,2700
2023-05-08,15.26867961883545,15.336412032848209,15.210624318564351,15.336412032848209,4000
2023-05-09,15.13321590423584,15.268678880163174,14.997752005536189,15.268678880163174,6000
2023-05-10,15.017105102539062,15.268679608158498,14.949372688573666,15.268679608158498,11400
2023-05-11,14.513954162597656,14.726825748692015,14.513954162597656,14.726825748692015,24600
2023-05-12,14.552658081054688,14.668769604241943,14.533306621909658,14.668769604241943,5000
2023-05-15,14.726825714111328,14.784881013872878,14.726825714111328,14.76552955487648,3000
2023-05-16,14.63006591796875,14.833261316389386,14.513954393553009,14.833261316389386,3600
2023-05-17,14.678444862365723,14.784880187830176,14.475249479008276,14.504277127267255,3500
2023-05-18,14.252702713012695,14.62038966687223,14.223675062721048,14.62038966687223,28900
2023-05-19,14.426870346069336,14.504278028082359,14.272054982043292,14.272054982043292,3600
2023-05-22,14.513954162597656,14.900992571157985,14.513954162597656,14.668769526021789,9000
2023-05-23,14.436546325683594,14.71714939956626,14.436546325683594,14.71714939956626,3300
2023-05-24,14.339786529541016,14.649418181583915,14.339786529541016,14.378490370699833,6400
2023-05-25,14.243027687072754,14.359139212987051,14.243027687072754,14.330111562201571,2700
2023-05-26,14.359139442443848,14.533307195484657,14.339787059762694,14.397843285033762,9000
2023-05-30,14.359139442443848,14.494602430122347,14.359139442443848,14.368815633784426,44300
2023-05-31,14.359139442443848,14.513954812803503,14.359139442443848,14.513954812803503,5300
2023-06-01,14.591361045837402,14.765528781544875,14.368814203786568,14.64941726533066,5700
2023-06-02,14.813909530639648,14.900992479953448,14.659093245390746,14.659093245390746,14500
2023-06-05,14.80423355102539,14.900992692567666,14.755853518868072,14.833261201210837,3000
2023-06-06,14.852612495422363,14.891316333759193,14.746176247916859,14.891316333759193,1900
2023-06-07,14.871964454650879,15.007428354783444,14.871964454650879,14.891316835857957,18800
2023-06-08,14.978400230407715,15.084836484681453,14.978400230407715,14.978400230407715,12800
2023-06-09,15.094512939453125,15.307383606177257,15.065484366267896,15.152568240278846,11500
2023-06-12,15.104187965393066,15.152567997153147,15.094512697258935,15.094512697258935,4800
2023-06-13,15.278355598449707,15.288031789285153,15.142891695070503,15.288031789285153,14000
2023-06-14,15.384791374206543,15.384791374206543,15.278356040255874,15.278356040255874,4000
2023-06-15,15.239651679992676,15.462198531436448,15.200947839621048,15.462198531436448,9100
2023-06-16,15.104187965393066,15.307383360567519,15.104187965393066,15.278355710620412,4200
2023-06-20,14.513954162597656,14.80423343040408,14.417194099071397,14.80423343040408,45200
2023-06-21,14.601037979125977,14.678445660540675,14.533306488581202,14.562334138418626,6500
2023-06-22,14.3204345703125,14.562333799801657,14.272054539860203,14.562333799801657,10500
2023-06-23,14.204322814941406,14.378489629795316,14.059182725995447,14.320434332434784,17000
2023-06-26,14.417193412780762,14.56233350116116,14.320434276632808,14.320434276632808,5800
2023-06-27,14.310758590698242,14.310758590698242,14.097887007232465,14.310758590698242,12200
2023-06-28,14.339786529541016,14.50427808515908,14.039831991253273,14.50427808515908,11500
2023-06-29,14.223674774169922,14.272054805522773,14.097887061761446,14.20432331529219,8300
2023-06-30,14.223674774169922,14.301082455225545,14.117239443411526,14.272054805522773,64600
2023-07-03,14.446222305297852,14.572010015581863,14.407518465423719,14.572010015581863,5000
2023-07-05,14.368815422058105,14.513954598938538,14.155943829564073,14.513954598938538,5100
2023-07-06,14.078536033630371,14.368815307856513,14.030156000797284,14.34946292561433,6300
2023-07-07,14.213998794555664,14.213998794555664,14.117239653184528,14.12691584415335,5200
2023-07-10,14.3204345703125,14.3204345703125,13.98177527991875,14.310758379667575,12000
2023-07-11,14.368815422058105,14.417194532503329,14.29140773801889,14.407519264077713,3000
2023-07-12,14.513954162597656,14.513954162597656,14.378490258215365,14.417194099071397,7900
2023-07-13,14.80423355102539,14.852613583182709,14.56233431301116,14.56233431301116,7300
2023-07-14,14.852612495422363,15.171919392394289,14.64941711346093,14.804232466808251,7300
2023-07-17,14.99775218963623,15.29770763944878,14.930020700841146,14.930020700841146,17500
2023-07-18,15.191271781921387,15.23965181350285,14.997752578367884,14.997752578367884,9200
2023-07-19,15.191271781921387,15.326735685795013,15.191271781921387,15.249328004373613,14800
2023-07-20,15.142890930175781,15.249327178444707,15.142890930175781,15.181594768790218,5800
2023-07-21,15.142890930175781,15.317058665326895,15.142890930175781,15.288031017059144,4700
2023-07-24,15.065484046936035,15.181595568898715,14.997752556484226,15.181595568898715,8700
2023-07-25,15.123540878295898,15.181596180228825,15.065484653590584,15.065484653590584,8900
2023-07-26,15.210624694824219,15.307383838593665,15.094513168637455,15.307383838593665,5800
2023-07-27,15.094512939453125,15.210624463876934,15.094512939453125,15.210624463876934,10300
2023-07-28,15.30738353729248,15.30738353729248,15.152568172090753,15.297708269046646,5400
2023-07-31,15.365439414978027,15.433170905037048,15.288031734118478,15.288031734118478,7500
2023-08-01,15.142890930175781,15.365438694288015,14.959047927450284,15.365438694288015,13900
2023-08-02,14.726825714111328,15.229975644058289,14.610714191815877,14.900992536168332,12800
2023-08-03,14.668768882751465,14.842936620352003,14.552657365275211,14.668768882751465,8100
2023-08-04,14.862288475036621,14.95904853690099,14.697796923530596,14.697796923530596,4200
2023-08-07,14.794556617736816,14.862288105695283,14.717148939277907,14.862288105695283,5700
2023-08-08,14.765528678894043,14.765528678894043,14.668768621335394,14.69779626949407,2600
2023-08-09,14.697796821594238,14.94937224247893,14.697796821594238,14.707473012268034,5900
2023-08-10,14.813909530639648,14.988076352039597,14.707473276857757,14.988076352039597,3800
2023-08-11,14.63006591796875,14.978400491215968,14.63006591796875,14.823585125328316,2200
2023-08-14,14.601037979125977,14.900992513914847,14.533306488581202,14.639741819833326,12100
2023-08-15,14.3204345703125,14.55265760915673,14.3204345703125,14.523629959994285,7700
2023-08-16,14.068860054016113,14.223675423191535,13.885017033813396,14.223675423191535,28200
2023-08-17,14.194646835327148,14.513953743870513,14.18497064469921,14.223674484438638,9800
2023-08-18,13.885016441345215,13.952747931776289,13.788256378353095,13.933395550068926,15300
2023-08-21,13.972099304199219,14.001127876580526,13.788256292979325,13.885016355372327,9300
2023-08-22,14.078536033630371,14.281731433311434,13.981775967964198,13.981775967964198,3600
2023-08-23,14.204322814941406,14.339785790630858,14.117238946128293,14.165618975776946,4800
2023-08-24,13.99145221710205,14.233351459498165,13.981776025940835,14.22367526833695,6100
2023-08-25,14.194646835327148,14.475249904131084,14.18497064469921,14.18497064469921,3400
2023-08-28,14.049508094787598,14.126915776623422,13.981775681101983,14.059183362937809,10200
2023-08-29,14.3204345703125,14.339786028830021,14.078535340823345,14.126915371275642,5900
2023-08-30,14.12691593170166,14.310758947386793,14.12691593170166,14.21399888264365,7900
2023-08-31,14.12691593170166,14.320435138415581,14.030155866958518,14.12691593170166,5200
2023-09-01,14.136590957641602,14.320434892947816,14.030155626466453,14.320434892947816,5600
2023-09-05,14.204322814941406,14.494601147288696,14.175294243488825,14.446222040412357,15500
2023-09-06,14.204322814941406,14.494601147288696,14.175294243488825,14.175294243488825,4600
2023-09-07,14.117238998413086,14.15594283772089,14.001127480489673,14.136590456680828,3700
2023-09-08,14.03983211517334,14.426870530177638,14.030155924105141,14.272055164175919,14500
2023-09-11,14.165619850158691,14.25270280157474,14.010803561172406,14.039832134416793,5200
2023-09-12,14.078536033630371,14.26237905106925,13.962424508494388,13.962424508494388,2100
2023-09-13,14.175294876098633,14.175294876098633,14.03015570344777,14.078535735255508,1900
2023-09-14,14.223674774169922,14.310758646050585,14.19464712446715,14.223674774169922,1300
2023-09-15,14.12691593170166,14.175295041300867,14.07853589933009,14.117239740672874,2400
2023-09-18,14.175294876098633,14.349462621497551,14.126915767063249,14.223674907906371,5100
2023-09-19,14.136590957641602,14.165619530230382,14.126915689551025,14.165619530230382,1500
2023-09-20,13.691496849060059,14.417194581471843,13.691496849060059,14.010803777499454,76100
2023-09-21,13.614089012145996,14.09788749499721,13.614089012145996,13.720525268947583,6000
2023-09-22,13.768903732299805,14.194646893964569,13.739876083068403,14.194646893964569,3400
2023-09-25,13.546357154846191,14.068859465336507,13.546357154846191,13.778580198892476,22900
2023-09-26,13.449596405029297,13.69149562758574,13.449596405029297,13.546356463160796,9300
2023-09-27,13.343161582946777,13.623764654792863,13.343161582946777,13.420569263264847,4600
2023-09-28,13.488301277160645,13.546357501042099,13.362514483833515,13.497977468269616,22600
2023-09-29,13.652791976928711,13.836635905356195,13.623764328198382,13.739875845892012,2400
2023-10-02,13.536680221557617,13.710847956426177,13.362513409461355,13.710847956426177,5500
2023-10-03,13.352837562561035,13.517329111329278,13.333485181401326,13.430245241655228,3200
2023-10-04,13.159317970275879,13.507652515755801,13.062557912923086,13.304457133532772,7200
2023-10-05,13.120615005493164,13.410893351334423,12.965798718866175,13.227050337450136,3400
2023-10-06,13.014178276062012,13.130289794717733,12.985150627091162,13.130289794717733,6900
2023-10-09,13.37218952178955,13.37218952178955,13.01417876187691,13.052882602873618,7800
2023-10-10,13.652791976928711,13.662468167429592,13.585060488967171,13.662468167429592,1400
2023-10-11,13.565709114074707,13.739875930298938,13.565709114074707,13.739875930298938,7900
2023-10-12,13.304457664489746,13.643116955967509,13.18834614469597,13.643116955967509,11700
2023-10-13,13.40121841430664,13.468949906973545,13.333485998867355,13.468949906973545,3200
2023-10-16,13.468949317932129,13.60441322011404,13.401217828227344,13.401217828227344,3000
2023-10-17,13.662468910217285,13.701172751552708,13.507653544875595,13.517329735902543,1900
2023-10-18,13.623764038085938,13.875339449117766,13.304457140534883,13.768903201419217,8700
2023-10-19,13.410893440246582,13.643117410340498,13.275430457361859,13.459273472464997,3400
2023-10-20,13.459273338317871,13.614088701655879,13.35283800671608,13.614088701655879,2600
2023-10-23,13.439921379089355,13.623764385518012,13.265753640429972,13.623764385518012,7100
2023-10-24,13.517330169677734,13.556034012255175,13.294782382778154,13.507653978340276,5000
2023-10-25,13.265753746032715,13.507652974864259,13.014178326582552,13.507652974864259,8000
2023-10-26,12.636816024780273,13.217373615929766,12.598112185370306,12.927094358968859,14700
2023-10-27,12.646492004394531,12.675520577665194,12.540056670719212,12.636816736076682,14600
2023-10-30,13.043206214904785,13.062558596496986,12.714224032788444,12.714224032788444,7700
2023-10-31,12.820659637451172,13.08191125789978,12.791631987214336,12.791631987214336,3900
2023-11-01,12.994827270507812,12.994827270507812,12.859363365969417,12.994827270507812,2900
2023-11-02,13.198022842407227,13.275430525243555,13.110938968523264,13.110938968523264,3300
2023-11-03,13.585061073303223,13.643117296033376,13.294781805197168,13.352838027927321,6500
2023-11-06,13.468949317932129,14.262378503979066,13.449596936432282,14.262378503979066,14800
2023-11-07,13.265753746032715,13.439921486078571,13.246401364795474,13.372189074520557,6200
2023-11-08,12.927094459533691,13.236726099994485,12.927094459533691,13.168993688420887,5600
2023-11-09,12.965798377990723,13.19802234043978,12.762602987580507,13.043206057882964,5200
2023-11-10,12.878715515136719,12.965798463510623,12.733575422302202,12.965798463510623,9800
2023-11-13,12.994827270507812,13.004502538653705,12.801307143232288,12.994827270507812,6400
2023-11-14,13.488301277160645,13.488301277160645,13.062559018862023,13.217374385516067,11000
2023-11-15,13.52700424194336,13.836635877952117,13.52700424194336,13.546356622906794,12600
2023-11-16,13.159317970275879,13.478624867658882,13.159317970275879,13.294780943243033,4500
2023-11-17,13.207697868347168,13.362514153951619,13.178670218509236,13.217374059217262,5200
2023-11-20,13.430245399475098,13.585060759482735,13.217373818078432,13.217373818078432,8700
2023-11-21,13.459273338317871,13.546357210888589,13.265754134145363,13.546357210888589,5800
2023-11-22,13.381865501403809,13.488300831770827,13.256077789457871,13.285105439053904,15700
2023-11-24,13.55603313446045,13.846312396380979,13.488300722256513,13.488300722256513,2400
2023-11-27,13.575385093688965,13.575385093688965,13.401218268332284,13.556033634325942,3700
2023-11-28,13.517330169677734,13.575385472157697,13.381866259270495,13.575385472157697,3200
2023-11-29,13.517330169677734,13.546357820917716,13.430246293185395,13.517330169677734,16600
2023-11-30,13.536680221557617,13.55603260221959,13.401217248013001,13.536680221557617,6200
2023-12-01,13.788256645202637,13.788256645202637,13.478625914071207,13.565709787895013,15700
2023-12-04,13.468949317932129,13.778580039750965,13.459273127182206,13.55603318913676,10700
2023-12-05,13.468949317932129,13.507653158159483,13.25607773529551,13.488300776659637,12300
2023-12-06,13.265753746032715,13.546356814566412,13.265753746032715,13.430245295459951,4000
2023-12-07,13.236726760864258,13.507653652368226,13.168994345908985,13.256078220299782,15400
2023-12-08,13.50765323638916,13.536680886034706,13.256077812068185,13.323810224937583,6700
2023-12-11,13.246400833129883,13.420568566185237,13.062557832616568,13.420568566185237,18300
2023-12-12,13.101262092590332,13.246401259628021,13.072234443737258,13.081910634279057,13300
2023-12-13,13.178669929504395,13.178669929504395,12.733575309736743,13.072234600584514,24200
2023-12-14,13.652791976928711,13.69149581615992,13.478625161774422,13.69149581615992,12300
2023-12-15,13.585061073303223,13.614088723282121,13.459273359698187,13.536681041490153,5500
2023-12-18,13.52963638305664,13.866145410783366,13.490047141199495,13.866145410783366,48200
2023-12-19,13.608814239501953,13.648403479534318,13.44055973339392,13.44055973339392,9200
2023-12-20,13.410868644714355,13.628609946662294,13.410868644714355,13.608814853811584,27800
2023-12-21,13.589019775390625,13.628609961134087,13.49994468911377,13.559328079965006,21400
2023-12-22,13.816658020019531,13.93542574041213,13.648403513492864,13.717684447751395,20300
2023-12-26,13.905734062194824,13.975014996532625,13.48014902238962,13.61871183494716,16000
2023-12-27,13.846349716186523,13.984912528605934,13.707787847649053,13.984912528605934,16200
2023-12-28,13.678095817565918,13.846350331595534,13.529636396425422,13.846350331595534,15100
2023-12-29,13.65830135345459,13.994810373750385,13.65830135345459,13.678095502005071,16400
2024-01-02,13.905734062194824,14.103680263075638,13.658301075123322,13.945323302370987,16000
2024-01-03,13.717684745788574,13.777069079216057,13.717684745788574,13.777069079216057,3400
2024-01-04,13.83645248413086,13.925528512430047,13.687993066220187,13.687993066220187,9800
2024-01-05,13.826556205749512,13.925528838714971,13.75727432440351,13.846350354789811,4400
2024-01-08,13.846349716186523,13.905734048332539,13.668198607512355,13.697890301644394,4100
2024-01-09,13.83645248413086,13.88593927139507,13.668198917643677,13.846350030360094,9800
2024-01-10,13.806760787963867,13.84635002899494,13.707788157327164,13.84635002899494,5900
2024-01-11,13.668198585510254,13.915631571936796,13.559327467398134,13.915631571936796,6500
2024-01-12,13.75727367401123,13.876042338166018,13.668198591718046,13.717684433920281,9800
2024-01-16,13.460354804992676,13.717684392872874,13.460354804992676,13.509840647046833,14500
2024-01-17,13.252511024475098,13.589019091419383,13.232715932599705,13.341586106268569,7500
2024-01-18,13.42076587677002,13.569225294144912,13.203024579922479,13.203024579922479,3300
2024-01-19,13.539533615112305,13.569225309845246,13.361381558950734,13.450457587031519,5800
2024-01-22,13.133743286132812,13.55932737814539,13.133743286132812,13.27230515353517,9100
2024-01-23,13.371278762817383,13.54942987053588,13.064461445492414,13.163435017244193,13600
2024-01-24,13.391073226928711,13.658301310637151,13.163435327961036,13.658301310637151,3300
2024-01-25,13.440560340881348,13.608814854594161,13.252511678198664,13.460355433733199,7900
2024-01-26,13.381176948547363,13.66819918769226,13.341586762848227,13.509841276541646,7000
2024-01-29,13.351484298706055,13.361381845123004,13.133743940825,13.133743940825,16600
2024-01-30,13.51973819732666,13.529635743293426,13.450457263323173,13.450457263323173,7200
2024-01-31,13.222818374633789,13.529635691249752,13.094153109206577,13.470251359559525,10300
2024-02-01,13.410868644714355,13.460355432959156,13.272305826405308,13.292100919256018,3900
2024-02-02,13.113948822021484,13.391073513973476,12.985283550501851,13.391073513973476,8700
2024-02-05,12.925899505615234,12.995180439125965,12.866515174118945,12.866515174118945,14300
2024-02-06,13.143640518188477,13.361381819534511,13.024872793058451,13.024872793058451,5400
2024-02-07,13.09415340423584,13.212922070292313,13.044667561241253,13.212922070292313,9900
2024-02-08,13.15353775024414,13.15353775024414,13.034770027952419,13.113948509480233,2700
2024-02-09,13.034770011901855,13.113948493332172,12.985283225037419,13.113948493332172,7500
2024-02-12,13.143640518188477,13.153538064586472,12.975386004950447,13.153538064586472,10700
2024-02-13,12.955591201782227,13.123845706523445,12.886310268258876,13.123845706523445,4700
2024-02-14,12.817028999328613,12.995181058425585,12.747748062516223,12.925900121613195,16900
2024-02-15,12.846720695495605,12.846720695495605,12.807131453902475,12.826926546640026,7700
2024-02-16,12.91600227355957,12.91600227355957,12.767541913152433,12.767541913152433,3900
2024-02-20,12.925899505615234,13.094153066443877,12.876412720015313,13.024872132933146,5200
2024-02-21,12.817028999328613,12.965489363203414,12.718056367294052,12.93579672409927,6100
2024-02-22,12.797234535217285,12.925899803186349,12.777439442968838,12.817028683583784,3100
2024-02-23,12.975385665893555,13.143640174734964,12.708158527304345,12.916002276821263,133800
2024-02-26,12.77743911743164,12.975385315463198,12.747747423697389,12.876412688388383,10000
2024-02-27,12.975385665893555,13.024872452708431,12.856617943867022,12.925899822960629,7800
2024-02-28,12.925899505615234,13.094153066443877,12.846720082326206,13.094153066443877,5900
2024-02-29,13.014974594116211,13.133743257173393,12.916001966744462,12.916001966744462,3500
2024-03-01,13.301997184753418,13.301997184753418,13.09415343449718,13.252511341644468,4500
2024-03-04,13.193126678466797,13.242613464219842,13.0248721732356,13.133743290668686,7500
2024-03-05,13.28220272064209,13.361381200393124,13.133743307079383,13.351483654453762,5100
2024-03-06,13.104050636291504,13.361381166775889,12.906104437411951,13.123845728120424,18600
2024-03-07,13.361381530761719,13.361381530761719,13.21292211352826,13.29210059523703,11800
2024-03-08,13.539533615112305,13.777069060739759,13.361381558950734,13.361381558950734,43700
2024-03-11,13.806760787963867,13.806760787963867,13.648403823839573,13.648403823839573,13300
2024-03-12,13.628609657287598,13.80676076975145,13.628609657287598,13.737479834008951,8300
2024-03-13,13.806760787963867,13.836452482766683,13.648403823839573,13.66819891629609,14100
2024-03-14,13.796863555908203,13.846350344294414,13.796863555908203,13.846350344294414,4600
2024-03-15,13.806760787963867,13.856247575223199,13.757274000704536,13.856247575223199,10200
2024-03-18,13.777069091796875,13.935426055905488,13.579122886661107,13.935426055905488,10300
2024-03-19,13.767171859741211,13.767171859741211,13.757274313288066,13.757274313288066,1600
2024-03-20,14.153167724609375,14.153167724609375,13.737480210983442,13.85624793717914,15700
2024-03-21,13.965117454528809,14.202653839535943,13.90573406618848,14.202653839535943,7800
2024-03-22,14.123476028442383,14.182859419596765,14.034399997828826,14.044296600433235,5800
2024-03-25,14.163064956665039,14.252140041422788,14.103680622944577,14.123475715478719,9700
2024-03-26,14.242243766784668,14.27193546238719,13.96511812822116,14.27193546238719,9400
2024-03-27,14.331318855285645,14.331318855285645,14.14327019127146,14.192756979869504,8800
2024-03-28,14.420394897460938,14.420394897460938,14.301627171060312,14.301627171060312,8700
2024-04-01,14.588648796081543,14.845979331017514,14.420394288152789,14.509470315160005,11500
2024-04-02,14.826184272766113,14.826184272766113,14.459983561695706,14.608443921674702,5800
2024-04-03,14.756903648376465,14.845979677462354,14.657931016855898,14.836082131145707,14000
2024-04-04,14.845979690551758,15.15279701946456,14.845979690551758,14.845979690551758,42600
2024-04-05,14.994439125061035,15.043925912855956,14.836082159222862,14.84597970555824,6000
2024-04-08,15.182488441467285,15.311153709736901,14.954849599488135,14.994438840195558,31300
2024-04-09,15.321050643920898,15.330948190282665,14.944953320993493,14.954849923473288,7500
2024-04-10,15.103309631347656,15.321049978558662,14.836081554476968,15.222077350885096,9000
2024-04-11,15.24187183380127,15.330947861382242,15.113207509386477,15.330947861382242,9000
2024-04-12,15.063720703125,15.261666906448978,14.944952981130612,15.241871814175605,7900
2024-04-15,14.93505573272705,15.261667210693163,14.845979703485025,15.06372100342309,13600
2024-04-16,14.420394897460938,14.954850138204746,14.420394897460938,14.83608241180412,10000
2024-04-17,14.549059867858887,14.687622684386254,14.450087236523881,14.598546655467372,6200
2024-04-18,14.459983825683594,14.568854947098847,14.43029213069851,14.568854947098847,8900
2024-04-19,14.49957275390625,14.549059540400929,14.450086911293516,14.5193678460569,4000
2024-04-22,14.667827606201172,14.697520245124617,14.390702916756128,14.588649123502588,12100
2024-04-23,14.549059867858887,14.687622684386254,14.4302921439277,14.578751562871192,4000
2024-04-24,14.450087547302246,14.479779242953132,14.400600758629448,14.420394907769376,1800
2024-04-25,14.410497665405273,14.459983507999228,14.361010878929376,14.370908425000943,2400
2024-04-26,14.786595344543457,14.786595344543457,14.52926574746528,14.52926574746528,6800
2024-04-29,14.93505573272705,14.944953279061046,14.638135949880956,14.747006127909003,7300
2024-04-30,14.657931327819824,14.885569234640176,14.55895775031759,14.756903961440068,3700
2024-05-01,14.816287994384766,14.964747413726746,14.796492901735453,14.855877235801426,6300
2024-05-02,15.024131774902344,15.053823470047922,14.578751628308819,14.816288021119355,13900
2024-05-03,15.053823471069336,15.053823471069336,14.806390475781466,14.82618462458587,6000
2024-05-06,15.340845108032227,15.340845108032227,15.053822882475933,15.053822882475933,32800
2024-05-07,15.350743293762207,15.400230081723741,15.281461413063269,15.340845747393505,9700
2024-05-08,15.212180137634277,15.39033219277748,15.152796748507845,15.350742952065874,8900
2024-05-09,15.231975555419922,15.311154038535081,14.964747466994778,15.07361764530763,8300
2024-05-10,15.42992115020752,15.42992115020752,15.172590618365497,15.301255884286508,2800
2024-05-13,15.459612846374512,15.459612846374512,15.261666646423109,15.429921152352284,3500
2024-05-14,15.528894424438477,15.588278758827794,15.439819338677463,15.459613487552586,4900
2024-05-15,15.72684097290039,15.776326815129964,15.459612894227382,15.60807325256192,6400
2024-05-16,15.825814247131348,15.835711793533982,15.726841614750947,15.835711793533982,4800
2024-05-17,15.716943740844727,15.835711463555558,15.716943740844727,15.815916371162775,3200
2024-05-20,15.90499210357666,15.934684741614006,15.79612192908554,15.79612192908554,7200
2024-05-21,16.182117462158203,16.251398395340598,15.806019214815915,15.865403546030771,21300
2024-05-22,15.796122550964355,16.112837428657915,15.756533309237907,16.112837428657915,8500
2024-05-23,15.390332221984863,15.776327083685063,15.390332221984863,15.776327083685063,11000
2024-05-24,15.776327133178711,15.835711466486094,15.390332270267564,15.568483382425802,69700
2024-05-28,15.934684753417969,15.96437550371343,15.786224394767078,15.855506273023604,22900
2024-05-29,16.033658981323242,16.033658981323242,15.806020132971893,15.806020132971893,16700
2024-05-30,15.736738204956055,15.895095171746348,15.736738204956055,15.835711781140976,12200
2024-05-31,15.61797046661377,15.85550686047967,15.42992180468032,15.756533284378714,49000
2024-06-03,15.716943740844727,15.806019768848339,15.439819054519452,15.439819054519452,26800
2024-06-04,15.330947875976562,15.776327070423457,15.330947875976562,15.687251986639641,11700
2024-06-05,15.360640525817871,15.578380878182013,15.202282618804922,15.291358646536596,14800
2024-06-06,15.528894424438477,15.627868000460015,15.390332550666693,15.518997821941904,3900
2024-06-07,15.340845108032227,15.55858639965898,15.241871536234083,15.538791307746578,21000
2024-06-10,15.281460762023926,15.390331879677438,15.202282282211517,15.390331879677438,12200
2024-06-11,15.093412399291992,15.261666908106132,14.954849585009187,15.222077667437038,20800
2024-06-12,15.251769065856934,15.548688837051452,15.103309652200641,15.251769065856934,28300
2024-06-13,15.093412399291992,15.429921416920271,15.043925612485138,15.429921416920271,8200
2024-06-14,15.4398193359375,15.4398193359375,15.103310310182358,15.301256518308332,37800
2024-06-17,15.528894424438477,15.627868000460015,15.340845762655924,15.489305182806257,27700
2024-06-18,15.687252044677734,15.746635434086647,15.172590969096731,15.627867711386866,32400
2024-06-20,15.786224365234375,15.81591605935623,15.52889383249313,15.81591605935623,7700
2024-06-21,15.746635437011719,15.786224677919,15.588278473382596,15.77632713172169,7700
2024-06-24,15.588278770446777,15.815916674031225,15.2814614396569,15.321050681318628,9700
2024-06-25,15.528894424438477,15.558587063574123,15.400230097045242,15.548689517195575,6400
2024-06-26,15.637764930725098,15.637764930725098,15.380434398313264,15.568483052686872,4400
2024-06-27,15.53879165649414,15.637765230513613,15.380434693168548,15.588278443503876,8600
2024-06-28,15.578380584716797,15.796121876861088,15.370536838552233,15.588278130696523,26200
2024-07-01,15.390332221984863,15.70704614827876,15.330947888863781,15.677354453659197,37200
2024-07-02,15.578380584716797,15.726840942766879,15.32105005253554,15.38043438453196,88100
2024-07-03,15.66745662689209,15.707045866969795,15.420023640435952,15.548688906658976,79700
2024-07-05,16.003965377807617,16.192014973013308,15.697148064310822,15.825813328429998,81900
2024-07-08,16.033658981323242,16.132630670039347,15.716944102916234,16.003966342050038,76200
2024-07-09,16.043554306030273,16.300884844416405,15.855506591172803,15.855506591172803,39200
2024-07-10,16.211809158325195,16.320680281260916,16.0732472838717,16.0732472838717,22900
2024-07-11,16.330577850341797,16.57801084807425,16.18211842925512,16.18211842925512,24500
2024-07-12,16.64729118347168,16.676983821720988,16.340474805951082,16.578010248653857,12800
2024-07-15,16.439449310302734,16.627497033242786,16.360270824916398,16.389961577083774,23400
2024-07-16,16.439449310302734,16.538421001212658,16.330578184985022,16.340475731628814,15700
2024-07-17,16.320680618286133,16.43944929010169,16.23160458636546,16.34047571154939,7100
2024-07-18,15.924787521362305,16.26129654161375,15.924787521362305,16.13263032858377,14600
2024-07-19,15.934684753417969,16.211808490916304,15.64766252601791,15.80601948680664,28100
2024-07-22,15.94458293914795,16.132630657776776,15.83571181632624,15.94458293914795,16300
2024-07-23,15.934684753417969,16.063349076147357,15.63776497999813,15.736737608550115,112200
2024-07-24,15.736738204956055,16.112837416905965,15.657559721560908,15.875301966720524,198500
2024-07-25,15.598176002502441,15.835711447686062,15.340845464945874,15.54868921545203,20700
2024-07-26,15.776327133178711,15.825813920287871,15.697148651356835,15.697148651356835,7200
2024-07-29,15.716943740844727,15.835711463555558,15.637765259037504,15.687252046137507,18200
2024-07-30,15.835711479187012,15.885197322453905,15.647662820679727,15.657559423003931,71800
2024-07-31,16.10293960571289,16.122734698177155,15.845609066969242,15.954480187758765,24400
2024-08-01,15.80601978302002,16.11283710820956,15.726841301141807,15.924787505837338,106800
2024-08-02,15.0043363571167,15.776327021348717,14.747005821078709,15.637765151083608,289000
2024-08-05,14.727211952209473,14.845979676354473,14.30162689944508,14.41049802115614,330700
2024-08-06,14.954849243164062,15.004336028839726,14.410497432377557,14.925157549311436,38700
2024-08-07,14.578751564025879,15.113207737581499,14.578751564025879,15.053823403670219,27500
2024-08-08,15.024131774902344,15.113207804221048,14.806390474776839,14.905364050438061,39300
2024-08-09,15.093412399291992,15.251769361968371,14.944952982753376,15.083514853154231,7100
2024-08-12,15.251769065856934,15.340845091603482,15.133001346155513,15.251769065856934,24200
2024-08-13,15.53879165649414,15.5684833511472,15.340845452337149,15.469510721009682,13900
2024-08-14,15.568483352661133,15.637765232034283,15.380434694664192,15.528894111825885,4500
2024-08-15,15.855506896972656,15.855506896972656,15.588278807214206,15.716944078888796,23500
2024-08-16,15.934684753417969,15.944582299437748,15.568483101741606,15.835711180984042,12000
2024-08-19,16.25139808654785,16.271193177870654,15.984170016981489,16.122733768477275,18400
2024-08-20,16.231603622436523,16.281091352655796,15.9643755425441,16.281091352655796,11100
2024-08-21,16.192014694213867,16.32067901223574,16.003965102246077,16.192014694213867,2300
2024-08-22,16.01386260986328,16.13262938194537,15.726840393646485,16.13262938194537,6000
2024-08-23,16.607702255249023,16.607702255249023,16.033657818609438,16.152424591561726,20900
2024-08-26,16.40975570678711,16.587907760386244,16.320679679987542,16.578010214323637,9600
2024-08-27,16.57801055908203,16.617600744155776,16.310782473126025,16.409756048046464,9900
2024-08-28,16.231603622436523,16.399858129654287,16.19201532602499,16.38996058361043,12000
2024-08-29,16.271194458007812,16.50872990927809,16.261296911567722,16.320680302444302,5300
2024-08-30,16.182117462158203,16.409755353404314,16.08314389142742,16.192015008007665,9700
2024-09-03,15.459612846374512,16.08314408413288,15.459612846374512,16.023760696088427,21800
2024-09-04,15.588278770446777,15.61797046572258,15.43981935018579,15.43981935018579,3700
2024-09-05,15.637764930725098,15.865403769053083,15.4299211843743,15.588278144664061,96500
2024-09-06,15.518997192382812,15.815916020638372,15.420023620376336,15.746635086563,10700
2024-09-09,15.360640525817871,15.64766275746329,15.360640525817871,15.58827842434819,4700
2024-09-10,15.42992115020752,15.588278110146629,15.13300137838072,15.538791324195174,15100
2024-09-11,15.67735481262207,15.67735481262207,15.380435027982022,15.528894448361058,4400
2024-09-12,15.61797046661377,15.786224979656211,15.558587076058775,15.687252347437228,24600
2024-09-13,15.766430854797363,16.12273497419833,15.766430854797363,16.033658944348087,6200
2024-09-16,16.053451538085938,16.132630018519556,15.845608734859148,16.043553992061252,16600
2024-09-17,16.112836837768555,16.419653213926473,15.98417062702357,16.38996057580904,8300
2024-09-18,15.994068145751953,16.31078206740821,15.994068145751953,16.24150113301639,7300
2024-09-19,16.64729118347168,16.706674572206403,16.30088462161867,16.706674572206403,11000
2024-09-20,16.429550170898438,16.55821448926639,16.290986419082394,16.55821448926639,4600
2024-09-23,16.607702255249023,16.716571482494654,16.528523777359556,16.65718809601851,4500
2024-09-24,16.775957107543945,16.954107270697754,16.65718844434421,16.82544294934825,20600
2024-09-25,16.64729118347168,16.924416810506866,16.627496091305478,16.825443237439735,19600
2024-09-26,17.0728759765625,17.0728759765625,16.84523808327166,16.924416563014727,9000
2024-09-27,17.0728759765625,17.0728759765625,16.825442991394926,17.0728759765625,16100
2024-09-30,16.61760139465332,17.013493822068398,16.548318568062182,16.924417789929503,12200
2024-10-01,16.92441749572754,16.96400579389887,16.75616298103045,16.96400579389887,12300
2024-10-02,16.62749671936035,16.983800840754803,16.61760106066736,16.92441744977705,5700
2024-10-03,16.62749671936035,16.825443872971483,16.44934654642709,16.61760106066736,7200
2024-10-04,16.696779251098633,17.003595634815756,16.637393973400663,16.706674909617696,4200
2024-10-07,16.488933563232422,16.74626408782566,16.469138471856677,16.696778247150114,4200
2024-10-08,16.13262939453125,16.597804600879797,16.13262939453125,16.488933486583107,6500
2024-10-09,16.370166778564453,16.38006243648129,16.122733799839576,16.340474141522495,5700
2024-10-10,16.52852439880371,16.58790778751257,16.360269890992036,16.498831760567334,4100
2024-10-11,16.558216094970703,16.627497033715215,16.52852534280248,16.60770382819107,6300
2024-10-14,16.370166778564453,16.627495415206166,16.370166778564453,16.578009574566718,6100
2024-10-15,16.182117462158203,16.627495698800963,16.182117462158203,16.548317219769103,14500
2024-10-16,16.399858474731445,16.627496375238287,16.32067999247846,16.627496375238287,5500
2024-10-17,16.637393951416016,16.80564846247674,16.439448689309472,16.756162618891086,5800
2024-10-18,16.805648803710938,16.805648803710938,16.518627507111184,16.686882021588268,14500
2024-10-21,16.825443267822266,17.013492868212992,16.538420094185685,17.013492868212992,6500
2024-10-22,16.865034103393555,16.964005792696856,16.736367886876913,16.825443917461058,6200
2024-10-23,16.429550170898438,16.82544255945039,16.419652625214162,16.815545013766112,18900
2024-10-24,16.76605987548828,16.904621745345278,16.53842009074107,16.904621745345278,10500
2024-10-25,16.676984786987305,16.865034397922802,16.627497053707437,16.845239304610853,8000
2024-10-28,16.8155460357666,16.8155460357666,16.676984163292982,16.69677925586462,11900
2024-10-29,16.667085647583008,16.81554505770746,16.65718810187287,16.65718810187287,22300
2024-10-30,16.538419723510742,16.657188386296585,16.538419723510742,16.59780499878559,2600
2024-10-31,16.26129722595215,16.91452020151536,16.14252855413884,16.55821607383943,31000
2024-11-01,16.508729934692383,16.795751230841006,16.340475420479756,16.607703511481688,14200
2024-11-04,16.300884246826172,16.548317229923033,16.211808221890195,16.548317229923033,7300
2024-11-05,16.558216094970703,16.558216094970703,16.330578185449017,16.429551764125748,22300
2024-11-06,16.22170639038086,16.350372603677556,15.914890008138146,16.350372603677556,36700
2024-11-07,16.637393951416016,16.637393951416016,16.290987383024653,16.61760074664011,14000
2024-11-08,16.162322998046875,16.59780559351393,16.112837154641856,16.538420316111203,13000
2024-11-11,16.01386260986328,16.231602950522987,15.865403200878765,16.231602950522987,7500
2024-11-12,15.61797046661377,15.83571176770669,15.509100288008296,15.815916674933709,7500
2024-11-13,15.528894424438477,15.855506847756761,15.469511033931134,15.687252334849331,7800
2024-11-14,15.509099960327148,15.815916340770046,15.390332237844547,15.509099960327148,16300
2024-11-15,15.499202728271484,15.657559694791034,15.400230096137753,15.657559694791034,5300
2024-11-18,15.72684097290039,15.72684097290039,15.56848306856716,15.58827816056454,10000
2024-11-19,15.91489028930664,15.974273680004439,15.716944080510682,15.776327471208482,13600
2024-11-20,15.637764930725098,15.875301315041678,15.568483052686872,15.875301315041678,154600
2024-11-21,15.90499210357666,15.90499210357666,15.746635142905236,15.855506261278295,15600
2024-11-22,16.01386260986328,16.01386260986328,15.835710563976338,15.875300746512906,12200
2024-11-25,15.885197639465332,16.033658947756596,15.825814248807196,16.013863854949232,8200
2024-11-26,15.895094871520996,16.013863538252398,15.835711482037253,15.914889963936883,6600
2024-11-27,15.885197639465332,15.964376122930828,15.776327460670768,15.964376122930828,13300
2024-11-29,15.964375495910645,16.192015278726576,15.835711173244142,15.974273041925587,10400
2024-12-02,16.01386260986328,16.08314354153847,15.835710563976338,16.033657701131563,4600
2024-12-03,16.142528533935547,16.17222117379271,15.875302326277044,16.083145141985213,13000
2024-12-04,16.13262939453125,16.251398054469806,15.914889053701675,16.102938645369466,9500
2024-12-05,16.231603622436523,16.271193806611944,16.053451569174907,16.162322687893425,9800
2024-12-06,16.211809158325195,16.22170670475244,15.904992770136477,16.20191349966191,12700
2024-12-09,16.36026954650879,16.57800989236577,16.241500883827985,16.459241229684967,38600
2024-12-10,16.429550170898438,16.479036011556,16.28109076116193,16.429550170898438,16900
2024-12-11,16.607702255249023,16.607702255249023,16.330576638753982,16.380062479523463,6000
2024-12-12,16.330577850341797,16.54831820875133,16.31078275745985,16.51862745719237,7800
2024-12-13,16.34047508239746,16.38006337963573,16.093042089425538,16.38006337963573,3600
2024-12-16,15.934684753417969,16.231603582955866,15.934684753417969,16.12273435226604,24400
2024-12-17,15.984170913696289,16.10293958053222,15.786224708773002,15.994068459912944,6600
2024-12-18,15.410126686096191,15.944582863487803,15.212180478107802,15.944582863487803,11000
2024-12-19,15.489304542541504,15.677354140432826,15.291358342562692,15.647662446406487,5800
2024-12-20,15.687252044677734,15.687252044677734,15.35074302508738,15.45961320159169,5400
2024-12-23,15.67735481262207,15.736738203220895,15.449715964974642,15.67735481262207,6700
2024-12-24,15.518997192382812,15.726840938490867,15.459612860402538,15.726840938490867,2100
2024-12-26,15.568483352661133,15.766430500719329,15.499202417169936,15.538791658005186,5000
2024-12-27,15.548688888549805,15.627867368612998,15.301255902381847,15.627867368612998,11300
2024-12-30,15.390332221984863,15.420023916604427,15.202282620336396,15.420023916604427,64500
2024-12-31,15.311153411865234,15.558586397443424,15.202282294126395,15.429921131676933,13300
2025-01-02,15.548688888549805,15.598175674559783,15.410126076498251,15.598175674559783,14300
2025-01-03,15.825814247131348,15.825814247131348,15.439819376248423,15.637765584891202,19800
2025-01-06,15.885197639465332,16.192015914687587,15.766430858149063,16.1326306362655,16700
2025-01-07,15.776327133178711,16.05345181955527,15.776327133178711,16.05345181955527,5900
2025-01-08,15.72684097290039,15.766430213013212,15.489304588341515,15.766430213013212,8200
2025-01-10,15.697148323059082,15.766430201115694,15.499202122644341,15.766430201115694,5200
2025-01-13,15.627867698669434,15.63776524485685,15.459613189011176,15.598176003989138,6500
2025-01-14,15.707046508789062,15.716944055183404,15.459613512222349,15.716944055183404,51700
2025-01-15,15.885197639465332,15.895095185869012,15.7466357653417,15.865404434421922,16200
2025-01-16,15.815916061401367,15.99406811391941,15.73673758114489,15.99406811391941,7900
2025-01-17,16.01386260986328,16.033657701131563,15.835710563976338,16.033657701131563,3700
2025-01-21,16.13262939453125,16.13262939453125,16.013862622356502,16.13262939453125,7100
2025-01-22,16.093042373657227,16.281091980211077,15.994068797167625,16.281091980211077,6500
2025-01-23,16.22170639038086,16.231603936616292,15.954480193079874,16.14252790826132,8900
2025-01-24,16.13262939453125,16.300883894915316,16.063348462802015,16.300883894915316,11500
2025-01-27,16.043554306030273,16.310782390634785,15.895094888282406,16.310782390634785,9600
2025-01-28,16.073246002197266,16.19201466208966,15.855505661452312,16.013862616132972,12800
2025-01-29,16.22170639038086,16.33057751120669,16.083144518612652,16.231603936616292,11300
2025-01-30,16.587907791137695,16.587907791137695,16.429550829370204,16.53842006073292,11500
2025-01-31,16.380064010620117,16.58790871436026,16.251399679934504,16.58790871436026,16700
2025-02-03,16.45924186706543,16.558215441838186,16.14252793800374,16.25139905903017,9500
2025-02-04,16.62749671936035,16.62749671936035,16.54831823546869,16.597805967753455,3400
2025-02-05,16.746265411376953,16.746265411376953,16.528525052325964,16.746265411376953,20300
2025-02-06,16.845237731933594,16.95410695945723,16.676983230018344,16.775956799573873,49200
2025-02-07,16.805648803710938,16.934315020068453,16.637394289233853,16.934315020068453,8400
2025-02-10,16.934314727783203,16.96400547891943,16.775957762510235,16.954107932619376,9000
2025-02-11,16.775957107543945,16.93431406663435,16.696778627998743,16.93431406663435,10000
2025-02-12,16.874929428100586,16.973903003208832,16.77595774075627,16.874929428100586,19400
2025-02-13,17.013492584228516,17.013492584228516,16.845238078848194,16.93431410450624,8400
2025-02-14,16.904621124267578,17.11246580918073,16.825442646149195,17.11246580918073,16400
2025-02-18,16.983800888061523,17.171850495739495,16.924417496918363,17.06297937217373,17800
2025-02-19,16.993698120117188,17.072876602764378,16.756162672175616,16.874929452264436,10000
2025-02-20,17.00359535217285,17.082773833356732,16.914519324870497,16.993697806054378,3100
2025-02-21,16.726469039916992,17.08277313455107,16.597804721167922,17.0332854059831,14200
2025-02-24,16.657188415527344,16.894723853752016,16.58790748201563,16.756161986728586,11300
2025-02-25,16.657188415527344,17.023390062642786,16.439448069095693,16.766059532625096,6800
2025-02-26,16.746265411376953,16.874929739960727,16.66708692737987,16.66708692737987,9100
2025-02-27,16.399858474731445,16.578010531741644,16.310782446226348,16.56811298548953,10300
2025-02-28,16.290987014770508,16.34047474500143,15.984170638394328,16.34047474500143,13800
2025-03-03,16.192014694213867,16.56811199038564,16.073246034085837,16.51862614986118,14300
2025-03-04,16.281091690063477,16.370167718540287,16.013863604633045,16.211808866320684,42100
2025-03-05,16.716571807861328,16.716571807861328,16.290986773010545,16.48893391546891,26700
2025-03-06,16.568113327026367,16.746265387709013,16.389961266343725,16.60770351285094,80200
2025-03-07,16.68688201904297,16.746265410095244,16.469139772244677,16.6373942866961,11700
2025-03-10,16.192014694213867,16.676983104856014,16.073246034085837,16.50872860420353,11600
2025-03-11,16.429550170898438,16.518626194293102,16.172219646398716,16.35037169318805,9800
2025-03-12,16.479036331176758,16.498831422929246,16.330576918560794,16.498831422929246,2500
2025-03-13,16.49883270263672,16.578011188024185,16.340475731861787,16.459242516060986,19800
2025-03-14,16.934314727783203,17.033286415255862,16.75616266991013,16.86503379144677,9800
2025-03-17,17.171850204467773,17.211438501970388,16.964005507346254,17.161952658151137,16600
2025-03-18,17.201539993286133,17.280718471625534,17.19164433528706,17.231232630574844,30600
2025-03-19,17.478666305541992,17.518256490165978,17.270823499557782,17.379692731745934,18500
2025-03-20,17.37969207763672,17.646920150499405,17.270822849546015,17.37969207763672,6400
2025-03-21,17.171850204467773,17.35989980895602,17.04318399011542,17.26092623355358,12900
2025-03-24,17.488563537597656,17.53804937972495,17.32030903149543,17.43907769547036,7400
2025-03-25,17.676612854003906,17.79537962832258,17.508358350582583,17.508358350582583,40000
2025-03-26,17.597434997558594,17.854765534701656,17.508358969787384,17.854765534701656,18800
2025-03-27,17.448974609375,17.508359889517976,17.300515184545574,17.300515184545574,8100
2025-03-28,17.369794845581055,17.587537081222926,17.132259405778544,17.567741989298415,12200
2025-03-31,17.21143913269043,17.359900445116484,16.914520283366333,17.201541586011093,19800
2025-04-01,17.33020782470703,17.33020782470703,17.04318463397318,17.092672367425916,19800
2025-04-02,17.16195297241211,17.280719754858687,16.96400581798252,17.181748065407863,33200
2025-04-03,16.538419723510742,16.69677856981315,16.31078183158205,16.69677856981315,39800
2025-04-04,15.291358947753906,16.201913391457627,15.162693676704967,16.132630566929624,55400
2025-04-07,15.222077369689941,15.489304503008821,14.915260052594409,15.03402777227857,18100
2025-04-08,14.984541893005371,15.80601932668653,14.925157561370211,15.796121780767015,14400
2025-04-09,16.300884246826172,16.300884246826172,15.123103662593165,15.311153258320655,25900
2025-04-10,16.01386260986328,16.4988310193534,15.69714775674406,16.192014655750224,24100
2025-04-11,16.696779251098633,16.696779251098633,16.320680043400543,16.320680043400543,32000
2025-04-14,16.795751571655273,16.91452024376525,16.54831856854316,16.785854024999107,11500
2025-04-15,16.964004516601562,17.251027679729305,16.696778332714835,16.934313767149607,24100
2025-04-16,17.062978744506836,17.597434908427058,16.914519328228074,17.19164495630862,14900
2025-04-17,17.320308685302734,17.350001322643948,16.825442722865514,17.062978158303718,19700
2025-04-21,17.26092529296875,17.696405980586917,17.053080607173133,17.587536752564294,53400
2025-04-22,17.35000228881836,17.468769069269342,17.01349326460067,17.280719464497356,10200
2025-04-23,17.221336364746094,17.696407270090987,17.17185052001749,17.448974270920026,22600
2025-04-24,17.54794692993164,17.71620143607441,17.142156983545647,17.44897335788933,9800
2025-04-25,17.51825714111328,17.735997501344336,17.07287698636343,17.34010507921334,22900
2025-04-28,17.5677433013916,17.676614427343864,17.092672386304656,17.676614427343864,23900
2025-04-29,17.686511993408203,17.686511993408203,17.429181442180052,17.547948227199807,7800
2025-04-30,17.5677433013916,17.666716880642383,17.359900483952565,17.359900483952565,6300
2025-05-01,17.726099014282227,17.815175040505867,17.35989925115293,17.5875371458294,5600
2025-05-02,17.904251098632812,18.121991447698655,17.538049447087115,17.904251098632812,15800
2025-05-05,17.97353172302246,18.151683772714886,17.844867402557846,18.04281265617755,16300
2025-05-06,18.13188934326172,18.161581981882883,17.943839740855523,17.993327471890794,11000
2025-05-07,18.01312255859375,18.0527108556455,17.894353891910672,17.92404653052242,12800
2025-05-08,17.815176010131836,18.141787494807026,17.458871885844726,17.953737886126167,11500
2025-05-09,18.003225326538086,18.03291607790401,17.73599723766109,17.98343023378484,12200
2025-05-12,18.02301788330078,18.10219825146592,17.676613211397683,18.072505613403994,20800
2025-05-13,18.458499908447266,18.458499908447266,17.815174538766783,18.082402609911604,15200
2025-05-14,18.0824031829834,18.448602947404886,17.815175103369523,18.240760143992237,11000
2025-05-15,18.240760803222656,18.468398706929328,18.072506290099472,18.230863256831416,15500
2025-05-16,18.11209487915039,18.50798919011034,17.973533002972797,18.11209487915039,13600
2025-05-19,18.260555267333984,18.319938655873035,18.01312227936341,18.01312227936341,7600
2025-05-20,18.51788330078125,18.547575937950104,17.834969635772033,18.319938049613697,9800
2025-05-21,18.626754760742188,19.00285395412045,18.567371373069147,18.567371373069147,109000
2025-05-22,18.63665199279785,18.90388006447207,18.45849994501504,18.557473514645917,12400
2025-05-23,18.785112380981445,18.804907473490566,18.36942487710952,18.557474480418325,17600
2025-05-27,18.874187469482422,19.190901382798778,18.6861378755394,18.97316103933474,81200
2025-05-28,18.903881072998047,19.02264785268027,18.478296022314904,18.715831469443277,9900
2025-05-29,18.8346004486084,19.01275062108018,18.58716745111742,18.903881385863638,34900
2025-05-30,18.74552345275879,18.963263799738282,18.606959697622877,18.963263799738282,13600
2025-06-02,19.181005477905273,19.181005477905273,18.903881723928407,18.903881723928407,33300
2025-06-03,19.131519317626953,19.26018364588861,18.973162350029238,19.171109503408363,9400
2025-06-04,19.299774169921875,19.299774169921875,19.022648527886933,19.022648527886933,16200
2025-06-05,19.705562591552734,20.032174053211914,19.487822246367898,19.487822246367898,75700
2025-06-06,19.616487503051758,19.705563532098022,19.29977357211568,19.517513927693248,9100
2025-06-09,19.685768127441406,19.74515340437358,19.46802777531516,19.557103802949513,13700
2025-06-10,19.675870895385742,19.794639563382166,19.54720656883989,19.675870895385742,9800
2025-06-11,19.52741050720215,19.913407243213214,19.141415658954923,19.80453612693268,35900
2025-06-12,19.626384735107422,19.64617982741495,19.299773263088785,19.49772041063628,21900
2025-06-13,19.349258422851562,19.53730801760507,19.31956767320258,19.497719722151817,13100
2025-06-16,19.40864372253418,19.606588975581634,19.31956769794548,19.517512950992934,13100
2025-06-17,19.181005477905273,19.49772130607939,19.111724539411057,19.49772130607939,22700
2025-06-18,19.329465866088867,19.497720374866393,19.181004561818654,19.289875681546437,11400
2025-06-20,19.289875030517578,19.299772576319146,18.923675274678757,19.18100391446417,10700
2025-06-23,19.30967140197754,19.468028369770945,18.80490785922457,18.963264827017976,13500
2025-06-24,19.54720687866211,19.54720687866211,19.240390489140566,19.349259724785263,4700
2025-06-25,19.705562591552734,19.794638616347406,19.66597429595724,19.685767499873066,7700
2025-06-26,20.00248146057129,20.042071644019458,19.65607679421907,19.65607679421907,22200
2025-06-27,19.893613815307617,20.022278146229173,19.814435329871888,19.952997207443413,12200
2025-06-30,19.9529972076416,20.04207323972818,19.794640236768572,20.04207323972818,41600
2025-07-01,20.220224380493164,20.289505316115722,20.002482139663506,20.002482139663506,23000
2025-07-02,20.348888397216797,20.348888397216797,20.091557863257815,20.091557863257815,26900
2025-07-03,20.457759857177734,20.55673343154555,20.22022441135333,20.269710254655276,15300
2025-07-07,20.42806625366211,20.487451528136212,20.289504388750192,20.447861345153477,35500
2025-07-08,20.289505004882812,20.428066874002447,20.20042897823051,20.38847857758136,12200
2025-07-09,20.240018844604492,20.41816900734788,20.19053111515034,20.259812048622297,20700
2025-07-10,20.51714324951172,20.546835888155318,20.29940289608374,20.29940289608374,17600
2025-07-11,20.418169021606445,20.546835230513242,20.012379078618284,20.032174170413768,30600
2025-07-14,20.51714324951172,20.655707008751264,20.309300442298273,20.408274016679687,29800
2025-07-15,20.338991165161133,20.51714322124949,20.28950532192055,20.408273988567426,15600
2025-07-16,20.536937713623047,20.566630351358214,20.378580754563206,20.378580754563206,5000
2025-07-17,20.54683494567871,20.566630037199783,20.28950441919627,20.28950441919627,9600
2025-07-18,20.715089797973633,20.715089797973633,20.338990603775994,20.338990603775994,8200
2025-07-21,20.78437042236328,20.78437042236328,20.606218373843667,20.734884581225092,13100
2025-07-22,21.308929443359375,21.447491311496346,20.68539726121525,20.784370833211888,23100
2025-07-23,21.378210067749023,21.6454381419398,21.368312521916344,21.368312521916344,63600
2025-07-24,21.328723907470703,21.496978423474904,21.12088109298762,21.19016203114865,11700
2025-07-25,21.34851837158203,21.56626061397428,21.140675563222803,21.526670428897898,104800
2025-07-28,20.883344650268555,21.328722897834012,20.883344650268555,21.328722897834012,28500
2025-07-29,21.06149673461914,21.170365966261716,20.88334468023179,20.88334468023179,14400
2025-07-30,20.78437042236328,21.209955452101504,20.78437042236328,21.209955452101504,12600
2025-07-31,20.724987030029297,21.03180339808633,20.675499301140206,20.98231755696107,13400
2025-08-01,20.645809173583984,20.724987654428173,20.536938054511765,20.665602377972114,8400
2025-08-04,21.02190589904785,21.25944133495212,20.784370463143585,20.83385630437887,39800
2025-08-05,21.11098289489746,21.279237405708972,20.784371419529695,21.279237405708972,14000
2025-08-06,21.378210067749023,21.42769590914857,21.279236497186087,21.39800515941438,76200
2025-08-07,21.487079620361328,21.67512921848992,21.378210390088036,21.378210390088036,12000
2025-08-08,21.60584831237793,21.625643404367406,21.388107963785316,21.388107963785316,10100
2025-08-11,21.467287063598633,21.69492496475639,21.1901614310388,21.675129872195562,67900
2025-08-12,21.65533447265625,21.65533447265625,21.388108277928865,21.65533447265625,57100
2025-08-13,21.704822540283203,21.75430838398803,21.47718463881871,21.595951418815865,14600
2025-08-14,21.55636215209961,21.655333835058894,21.427695943830386,21.447491035527783,14500
2025-08-15,21.635541915893555,21.75430869760288,21.279237795237666,21.635541915893555,9000
2025-08-18,21.546464920043945,21.655334150437447,21.407901163908043,21.655334150437447,26800
2025-08-19,21.289134979248047,21.576156269962627,20.90314011361798,21.576156269962627,28200
2025-08-20,21.289134979248047,21.308930071783927,21.05159953210924,21.279237432980104,23300
2025-08-21,21.41779899597168,21.67512953193101,21.16046846001235,21.299032217999002,21500
2025-08-22,21.972049713134766,21.98194537125304,21.496976949611984,21.546464679022613,15600
2025-08-25,22.071022033691406,22.318455024597203,22.071022033691406,22.071022033691406,38100
2025-08-26,22.209585189819336,22.219482735718756,22.120509164488418,22.1897900980205,20600
2025-08-27,22.140304565429688,22.179892861816274,21.91266478209225,22.13040701939207,121500
2025-08-28,22.03143310546875,22.169994972321028,21.892871238616472,22.169994972321028,27000
2025-08-29,22.189790725708008,22.189790725708008,21.98194603146857,22.071022059319198,9000
2025-09-02,22.219484329223633,22.219484329223633,21.972051327284678,22.16009904956821,74000
2025-09-03,22.239276885986328,22.308559710230096,22.09081746670613,22.259071978627407,12900
2025-09-04,22.10071563720703,22.447122217153524,22.080920544006894,22.43722467055345,82500
2025-09-05,22.367942810058594,22.674759190957126,22.160098115552945,22.555992412180107,30700
2025-09-08,22.5955810546875,22.892499893934065,22.39763390334716,22.39763390334716,55700
2025-09-09,22.625272750854492,22.862808189905717,22.575785021199742,22.833115552112865,42700
2025-09-10,22.83311653137207,22.951885199873328,22.64506692614673,22.64506692614673,18300
2025-09-11,23.189420700073242,23.21911145144085,22.89249997204956,22.971678455303085,49600
2025-09-12,23.189420700073242,23.407161057079453,23.080549577688164,23.407161057079453,33600
2025-09-15,22.823219299316406,23.40716132798086,22.77373345462171,23.18942096845464,131200
2025-09-16,23.189420700073242,23.367572759334664,23.05085882632056,23.05085882632056,41100
2025-09-17,23.159727096557617,23.337879148400685,23.159727096557617,23.189419734452752,24200
2025-09-18,23.248804092407227,23.318085029289037,23.0409612817618,23.229008999651295,18000
2025-09-19,23.595211029052734,23.595211029052734,23.209216153169407,23.209216153169407,17700
2025-09-22,23.68428611755371,23.832745534080612,23.258701072483074,23.278496164757033,48100
2025-09-23,23.743669509887695,24.099973619812534,23.723874417611004,23.91192401871177,152100
2025-09-24,23.585311889648438,23.832744872916997,23.50613341051305,23.713976210331992,17500
2025-09-25,23.506134033203125,23.783259661400102,23.40716045972107,23.733771930777124,59400
2025-09-26,23.79315757751465,23.921821903607356,23.634798724822495,23.654593817379507,32300
2025-09-29,23.902027130126953,24.218741064211326,23.892129583716322,24.020795799290568,70100
2025-09-30,24.119768142700195,24.13956134674573,23.9614092959889,24.090075504986103,59700
2025-10-01,24.090076446533203,24.21874077279532,23.90202684252186,24.109871539116277,101700
2025-10-02,24.10987091064453,24.495865767133093,23.763464350526235,24.42658483266221,23100
2025-10-03,24.357303619384766,24.44637964490311,24.11976818059046,24.149458930587336,25000
2025-10-06,24.50576400756836,24.743299455812487,24.288023651952226,24.664120973064446,30500
2025-10-07,24.476070404052734,24.624529817384207,24.149458939617947,24.48596794997668,25300
2025-10-08,24.65422248840332,24.713605876263216,24.248432543793598,24.47607043705976,31000
2025-10-09,24.24843406677246,24.634428943750898,24.10987219047538,24.594840645279152,35000
2025-10-10,23.456647872924805,24.31771360870964,23.456647872924805,24.208842490576252,159600
2025-10-13,24.26822853088379,24.34740701353904,23.90202686875079,24.238535891976596,128900
2025-10-14,24.307817459106445,24.594840646032317,23.812951457728587,24.109872191213693,28600
2025-10-15,24.396892547607422,24.575044603261365,24.228638038130242,24.228638038130242,16300
2025-10-16,24.525558471679688,24.743298821715786,24.258330391341826,24.406789806719342,47500
2025-10-17,24.090076446533203,24.495866405666565,23.911924388813397,24.495866405666565,49400
2025-10-20,24.29791831970215,24.44637962059434,24.258330023824392,24.396891891042323,20100
2025-10-21,23.79315757751465,24.24843337974231,23.456648555101193,24.24843337974231,70400
2025-10-22,23.53582763671875,23.95151515217851,23.070652388606653,23.882232326465232,131700
2025-10-23,23.852540969848633,23.96141020339541,23.66449136606576,23.852540969848633,16900
2025-10-24,23.862438201904297,23.991102526315828,23.51603163773862,23.90202649873711,28500
2025-10-27,23.68428611755371,23.96140985833355,23.357674646088974,23.96140985833355,88200
2025-10-28,23.902027130126953,23.902027130126953,23.53582735175338,23.654594133153044,17300
2025-10-29,23.812950134277344,24.357303838197854,23.555619601330825,24.169254239551577,141500
2025-10-30,23.832746505737305,23.87233669189931,23.59521105205721,23.59521105205721,19300
2025-10-31,23.694183349609375,23.85254031017413,23.58531223130965,23.763464283885973,28200
2025-11-03,23.70408058166504,23.88223074411796,23.506133439698875,23.88223074411796,77300
2025-11-04,23.031063079833984,23.47644132758161,22.94198705273168,23.25870097675592,64200
2025-11-05,23.44675064086914,23.60510760331224,23.100344077613393,23.337879521278044,28600
2025-11-06,23.624902725219727,23.68428611426947,23.308186912171983,23.545724243898764,10000
2025-11-07,23.486339569091797,23.60510823799949,23.209215821247096,23.38736599296271,34300
2025-11-10,24.29791831970215,24.29791831970215,23.981204401624673,24.020794585266284,29000
2025-11-11,23.812950134277344,24.179151785560737,23.674388265676864,24.12966405551494,102500
2025-11-12,24.19894790649414,24.38699562537214,23.8624388789302,24.228638658020163,21200
2025-11-13,24.3474063873291,24.466173164375355,24.0009998267104,24.396892229804394,47400
2025-11-14,24.050485610961914,24.080178249033537,23.654593208826338,23.77336187334895,45900
2025-11-17,24.000999450683594,24.050485292383584,23.872335129605304,23.96140926711252,16300
2025-11-18,23.506134033203125,23.822847958134584,23.327981978488204,23.72387438465253,20700
2025-11-19,23.68428611755371,23.75356705274867,23.436853127420914,23.63479838686881,11300
2025-11-20,23.120140075683594,24.001000949755085,23.07065234312881,23.86243907412963,15300
2025-11-21,23.337879180908203,23.357674272865864,22.763834728483097,23.179522220774647,34700
2025-11-24,23.545724868774414,23.545724868774414,23.24880414011796,23.417058653360765,20900
2025-11-25,23.99110221862793,23.99110221862793,23.45664794777397,23.75356677738574,18800
2025-11-26,24.396892547607422,24.396892547607422,23.872335814586265,23.92182165770618,11400
2025-11-28,24.426586151123047,24.565148027543895,24.307817480073762,24.39689351141973,12000
2025-12-01,24.634428024291992,24.67401820905005,24.297919004904145,24.46617351459807,21200
2025-12-02,24.48596954345703,24.891759513927237,24.24843408911574,24.67401915272205,249000
2025-12-03,24.7235050201416,24.881861989845575,24.575045597014626,24.604738236745614,18000
2025-12-04,24.9808349609375,25.119396834121094,24.674018575560712,24.703709326806372,37100
2025-12-05,25.010526657104492,25.238164550971494,25.000629111141073,25.198574367117825,24600
2025-12-08,24.842273712158203,25.26785877650643,24.68391674232128,25.26785877650643,25800
2025-12-09,24.644325256347656,24.802682217833535,24.584941867731423,24.664120348474363,18700
2025-12-10,24.842273712158203,25.168885198417357,24.74330013406913,24.74330013406913,22900
2025-12-11,25.525188446044922,25.673647864187668,24.812580218537462,25.2183701757508,17800
2025-12-12,25.178781509399414,25.673647487796142,24.961039270735963,25.624159757298134,14300
2025-12-15,25.505393981933594,25.564777373100938,25.287651734713375,25.5251890749107,22100
2025-12-16,25.42621421813965,25.752825684768318,25.36682894219707,25.683544750599186,379000
2025-12-17,25.47570037841797,25.970566357535095,25.47570037841797,25.8814903302729,26900
2025-12-18,25.733030319213867,25.881489731964255,25.544980722922656,25.544980722922656,14700
2025-12-19,26.218000411987305,26.376357380715643,25.742929505802298,26.376357380715643,36700
2025-12-22,26.479999542236328,26.709999084472656,26.209999084472656,26.209999084472656,62000
2025-12-23,26.850000381469727,27.0,26.510000228881836,26.510000228881836,26800
2025-12-24,26.770000457763672,26.950000762939453,26.709999084472656,26.950000762939453,27600
2025-12-26,26.920000076293945,27.469999313354492,26.920000076293945,26.950000762939453,64900
2025-12-29,26.25,26.610000610351562,26.0,26.610000610351562,50400
2025-12-30,26.709999084472656,26.8799991607666,26.299999237060547,26.6299991607666,61400
2025-12-31,26.75,26.81999969482422,26.510000228881836,26.6200008392334,41700
2026-01-02,26.489999771118164,27.0,26.010000228881836,26.979999542236328,187100
2026-01-05,27.299999237060547,27.399999618530273,26.850000381469727,26.850000381469727,118000
2026-01-06,27.969999313354492,28.110000610351562,27.600000381469727,27.600000381469727,110400
2026-01-07,27.399999618530273,27.850000381469727,27.020000457763672,27.850000381469727,99700
2026-01-08,27.360000610351562,27.5,27.040000915527344,27.399999618530273,41100
2026-01-09,27.360000610351562,27.709999084472656,27.350000381469727,27.709999084472656,51900
2026-01-12,27.940000534057617,27.979999542236328,27.65999984741211,27.809999465942383,78100
2026-01-13,27.899999618530273,28.25,27.6200008392334,28.1299991607666,54400
2026-01-14,28.030000686645508,28.049999237060547,27.65999984741211,28.010000228881836,77200
2026-01-15,27.979999542236328,28.010000228881836,27.600000381469727,27.8700008392334,35800
2026-01-16,27.40999984741211,27.850000381469727,27.260000228881836,27.700000762939453,43100
2026-01-20,28.0,28.010000228881836,27.5,27.709999084472656,107400
2026-01-21,28.190000534057617,28.469999313354492,28.030000686645508,28.290000915527344,48200
2026-01-22,28.5,28.5,28.200000762939453,28.40999984741211,45500
2026-01-23,29.0,29.0,28.610000610351562,28.6299991607666,154400
2026-01-26,29.219999313354492,30.170000076293945,29.219999313354492,29.440000534057617,508800
2026-01-27,29.549999237060547,29.729999542236328,29.209999084472656,29.450000762939453,102400
2026-01-28,30.059999465942383,30.059999465942383,29.649999618530273,29.850000381469727,102700
2026-01-29,29.850000381469727,30.850000381469727,29.399999618530273,30.549999237060547,159300
2026-01-30,27.889999389648438,29.0,27.520000457763672,28.829999923706055,189100
2026-02-02,28.09000015258789,28.229999542236328,27.579999923706055,28.020000457763672,113800
2026-02-03,28.479999542236328,28.799999237060547,28.110000610351562,28.450000762939453,78800
2026-02-04,28.280000686645508,28.899999618530273,27.700000762939453,28.899999618530273,78700
2026-02-05,27.149999618530273,27.989999771118164,27.049999237060547,27.84000015258789,71500
2026-02-06,28.190000534057617,28.190000534057617,27.530000686645508,27.530000686645508,55500
2026-02-09,28.700000762939453,28.739999771118164,28.09000015258789,28.40999984741211,68600
2026-02-10,28.729999542236328,28.950000762939453,28.5,28.799999237060547,31800
2026-02-11,29.139999389648438,29.149999618530273,28.729999542236328,29.049999237060547,42000
2026-02-12,28.56999969482422,29.829999923706055,28.350000381469727,29.360000610351562,60800
2026-02-13,29.270000457763672,29.389999389648438,28.389999389648438,28.649999618530273,29300
2026-02-17,29.18000030517578,29.18000030517578,28.399999618530273,28.969999313354492,39600
2026-02-18,29.489999771118164,29.549999237060547,28.799999237060547,29.25,26400
2026-02-19,29.399999618530273,29.440000534057617,28.700000762939453,28.989999771118164,27700
2026-02-20,29.81999969482422,29.8799991607666,29.0,29.399999618530273,17600
2026-02-23,30.09000015258789,30.18000030517578,29.799999237060547,29.8799991607666,193900
2026-02-24,30.18000030517578,30.299999237060547,29.989999771118164,30.149999618530273,70600
2026-02-25,30.520000457763672,30.6299991607666,30.299999237060547,30.299999237060547,54900
2026-02-26,30.479999542236328,30.479999542236328,29.770000457763672,30.15999984741211,174800
2026-02-27,30.559999465942383,30.610000610351562,29.899999618530273,30.270000457763672,80400
2026-03-02,29.81999969482422,30.139999389648438,29.469999313354492,30.010000228881836,52300
2026-03-03,27.600000381469727,28.450000762939453,26.65999984741211,28.450000762939453,273100
2026-03-04,27.969999313354492,28.219999313354492,27.850000381469727,27.860000610351562,43100
2026-03-05,27.270000457763672,28.200000762939453,27.040000915527344,28.200000762939453,122100
2026-03-06,26.940000534057617,26.979999542236328,26.299999237060547,26.81999969482422,309600
2026-03-09,27.299999237060547,27.299999237060547,25.799999237060547,26.5,110400
2026-03-10,27.360000610351562,27.950000762939453,27.18000030517578,27.520000457763672,74000
2026-03-11,26.8700008392334,27.010000228881836,26.3799991607666,26.969999313354492,543500
2026-03-12,26.329999923706055,26.729999542236328,26.1299991607666,26.56999969482422,35900
2026-03-13,25.3700008392334,26.59000015258789,25.360000610351562,26.440000534057617,76400
2026-03-16,26.3700008392334,26.559999465942383,26.0,26.190000534057617,76500
2026-03-17,26.579999923706055,26.739999771118164,26.399999618530273,26.6200008392334,447100
2026-03-18,25.860000610351562,26.290000915527344,25.790000915527344,26.290000915527344,53200
2026-03-19,25.219999313354492,25.420000076293945,24.65999984741211,25.049999237060547,46800
2026-03-20,24.59000015258789,25.389999389648438,24.450000762939453,25.3700008392334,64300
2026-03-23,24.979999542236328,25.34000015258789,24.809999465942383,24.90999984741211,57500
2026-03-24,25.15999984741211,25.15999984741211,24.809999465942383,25.030000686645508,31300
2026-03-25,25.760000228881836,26.0,25.6200008392334,25.68000030517578,19700
2026-03-26,24.850000381469727,25.399999618530273,24.739999771118164,25.31999969482422,34100
2026-03-27,24.860000610351562,25.290000915527344,24.809999465942383,24.889999389648438,25500
2026-03-30,24.729999542236328,25.299999237060547,24.649999618530273,25.1299991607666,48000
2026-03-31,25.75,25.899999618530273,25.190000534057617,25.40999984741211,31900
2026-04-01,26.399999618530273,26.649999618530273,26.049999237060547,26.309999465942383,33600
2026-04-02,25.93000030517578,26.3799991607666,25.719999313354492,25.920000076293945,33100
2026-04-06,26.020000457763672,26.5,26.0,26.1200008392334,23100
2026-04-07,26.18000030517578,26.229999542236328,25.670000076293945,26.229999542236328,18900
2026-04-08,27.5,27.979999542236328,27.25,27.829999923706055,20000
2026-04-09,27.3799991607666,27.829999923706055,27.34000015258789,27.440000534057617,21100
2026-04-10,27.75,27.8700008392334,27.56999969482422,27.75,22000
2026-04-13,27.639999389648438,27.889999389648438,27.209999084472656,27.399999618530273,21500
2026-04-14,28.3700008392334,28.399999618530273,27.969999313354492,27.989999771118164,118600
2026-04-15,28.329999923706055,28.75,28.25,28.440000534057617,38700
2026-04-16,28.200000762939453,28.520000457763672,28.100000381469727,28.40999984741211,16100
2026-04-17,29.0,29.309999465942383,28.59000015258789,28.59000015258789,27100
2026-04-20,28.670000076293945,29.0,28.5,28.739999771118164,46200
2026-04-21,27.770000457763672,28.989999771118164,27.649999618530273,28.709999084472656,129400
2026-04-22,28.18000030517578,28.229999542236328,27.979999542236328,28.010000228881836,27400
2026-04-23,27.420000076293945,28.059999465942383,27.190000534057617,27.989999771118164,25500
2026-04-24,27.540000915527344,27.780000686645508,27.399999618530273,27.59000015258789,76500
2026-04-27,27.059999465942383,27.75,27.030000686645508,27.540000915527344,115500
2026-04-28,26.700000762939453,27.170000076293945,26.700000762939453,27.0,16100
2026-04-29,26.31999969482422,27.049999237060547,26.219999313354492,26.700000762939453,37700
2026-04-30,26.84000015258789,27.020000457763672,26.610000610351562,26.709999084472656,109900
2026-05-01,26.799999237060547,27.049999237060547,26.780000686645508,27.040000915527344,43800
2026-05-04,26.68000030517578,27.049999237060547,26.489999771118164,26.780000686645508,47900
2026-05-05,26.75,27.059999465942383,26.65999984741211,27.049999237060547,207800
2026-05-06,28.190000534057617,28.25,27.34000015258789,27.34000015258789,125600
2026-05-07,28.139999389648438,28.799999237060547,27.889999389648438,28.520000457763672,94200
2026-05-08,28.360000610351562,28.639999389648438,28.139999389648438,28.25,35100
2026-05-11,28.829999923706055,29.0,28.59000015258789,28.600000381469727,104700
2026-05-12,28.56999969482422,28.6200008392334,27.899999618530273,28.420000076293945,96700
2026-05-13,28.170000076293945,28.399999618530273,28.09000015258789,28.34000015258789,48000
2026-05-14,27.860000610351562,28.459999084472656,27.729999542236328,28.219999313354492,38100
2026-05-15,26.8700008392334,27.469999313354492,26.6299991607666,27.3700008392334,80700
2026-05-18,27.0,27.0,26.549999237060547,27.0,284400
2026-05-19,26.31999969482422,26.75,26.309999465942383,26.690000534057617,66500
2026-05-20,26.809999465942383,26.989999771118164,26.56999969482422,26.56999969482422,39100
2026-05-21,26.940000534057617,27.0,26.389999389648438,26.68000030517578,139500
2026-05-22,26.889999389648438,27.0,26.649999618530273,26.959999084472656,96000
2026-05-26,27.360000610351562,27.850000381469727,27.31999969482422,27.34000015258789,165400
2026-05-27,27.420000076293945,27.600000381469727,27.15999984741211,27.309999465942383,146000
2026-05-28,27.639999389648438,27.729999542236328,27.020000457763672,27.360000610351562,31700
2026-05-29,27.670000076293945,27.799999237060547,27.549999237060547,27.639999389648438,42800
2026-06-01,27.479999542236328,27.649999618530273,27.110000610351562,27.510000228881836,46100
2026-06-02,27.68000030517578,27.760000228881836,27.350000381469727,27.739999771118164,64300
2026-06-03,26.959999084472656,27.399999618530273,26.649999618530273,27.399999618530273,281500
2026-06-04,27.3799991607666,27.3799991607666,27.110000610351562,27.149999618530273,58300
2026-06-05,26.18000030517578,27.149999618530273,26.06999969482422,27.149999618530273,24300
2026-06-08,26.3799991607666,26.8799991607666,26.1200008392334,26.389999389648438,46000
2026-06-09,26.100000381469727,27.0,25.780000686645508,26.3700008392334,41500
2026-06-10,25.700000762939453,26.059999465942383,25.559999465942383,25.989999771118164,39700
2026-06-11,26.690000534057617,26.690000534057617,25.770000457763672,25.860000610351562,39200
2026-06-12,26.8700008392334,27.0,26.6299991607666,26.690000534057617,11800
2026-06-15,27.899999618530273,27.899999618530273,27.5,27.510000228881836,69500
2026-06-16,27.8799991607666,27.8799991607666,27.420000076293945,27.639999389648438,12700
2026-06-17,27.309999465942383,27.989999771118164,27.309999465942383,27.799999237060547,34500
2026-06-18,26.559999465942383,27.68000030517578,26.559999465942383,27.68000030517578,32500
2026-06-22,26.790000915527344,26.93000030517578,26.450000762939453,26.649999618530273,24400
2026-06-23,26.149999618530273,26.329999923706055,25.899999618530273,26.290000915527344,27700
2026-06-24,25.540000915527344,25.850000381469727,25.260000228881836,25.81999969482422,34800
2026-06-25,25.520000457763672,26.020000457763672,25.34000015258789,26.020000457763672,32700
2026-06-26,25.760000228881836,26.18000030517578,25.3799991607666,25.739999771118164,192800
2026-06-29,25.739999771118164,26.030000686645508,25.459999084472656,25.850000381469727,30800
2026-06-30,25.700000762939453,25.8700008392334,25.5,25.8700008392334,31500
2026-07-01,25.770000457763672,25.790000915527344,25.5,25.75,37200
2026-07-02,26.110000610351562,26.270000457763672,25.809999465942383,26.190000534057617,31500
2026-07-06,26.510000228881836,26.510000228881836,26.309999465942383,26.309999465942383,14000
2026-07-07,26.09000015258789,26.510000228881836,25.979999542236328,26.25,15600
2026-07-08,25.719999313354492,25.84000015258789,25.299999237060547,25.770000457763672,20300
2026-07-09,25.920000076293945,26.0,25.770000457763672,25.959999084472656,7500
2026-07-10,26.110000610351562,26.110000610351562,25.770000457763672,25.969999313354492,7000
2026-07-13,25.559999465942383,25.920000076293945,25.40999984741211,25.8700008392334,17800
2026-07-14,25.889999389648438,26.110000610351562,25.700000762939453,25.739999771118164,24500
2026-07-15,25.989999771118164,26.010000228881836,25.670000076293945,26.010000228881836,90600
2026-07-16,25.75,25.790000915527344,25.34000015258789,25.600000381469727,277100
2026-07-17,25.34000015258789,25.670000076293945,25.190000534057617,25.670000076293945,58000
2026-07-20,25.209999084472656,25.399999618530273,25.079999923706055,25.270000457763672,51900
2026-07-21,25.549999237060547,25.700000762939453,25.239999771118164,25.239999771118164,42100
2026-07-22,25.860000610351562,26.110000610351562,25.700000762939453,25.700000762939453,137600
2026-07-23,25.489999771118164,25.75,25.270000457763672,25.5,72200
2026-07-24,25.65999984741211,25.739999771118164,25.0,25.5,417200
2026-07-27,25.719999313354492,25.93000030517578,25.530000686645508,25.8700008392334,19500
2026-07-28,25.579999923706055,26.1200008392334,25.5,25.6299991607666,7500
2026-07-29,25.700000762939453,25.920000076293945,25.299999237060547,25.520000457763672,48700
2026-07-30,26.09000015258789,26.360000610351562,25.70009994506836,25.979999542236328,209644
