Date,Close,High,Low,Open,Volume,ASI_Daily_Return,SMA_7,SMA_21,Daily_Return,Close_Lag_1,Close_Lag_2,Close_Lag_3,Target_Next_Close
2020-01-31,32.426666259765625,32.78703731168546,32.37327682433377,32.646891316551034,2388900,-0.019368166719999635,33.9081905909947,35.746905190604075,-0.026057410033728634,33.294227600097656,33.63457107543945,34.08170700073242,32.366607666015625
2020-02-03,32.366607666015625,32.53344584986107,32.25983133018449,32.43334192125434,1964600,-0.003638235716019733,33.51254544939314,35.531763530912855,-0.001852135932472354,32.426666259765625,33.294227600097656,33.63457107543945,32.64021682739258
2020-02-04,32.64021682739258,33.02728257233168,32.60684970525085,33.000587856319,2313900,0.01304132702954841,33.193169185093474,35.32329504830496,0.00845343955104183,32.366607666015625,32.426666259765625,33.294227600097656,33.39432907104492
2020-02-05,33.39432907104492,33.59453436801073,33.22081594679234,33.561167242807834,2393600,0.016477839583278087,33.11976078578404,35.117686862037296,0.02310377555517551,32.64021682739258,32.366607666015625,32.426666259765625,33.4810791015625
2020-02-06,33.4810791015625,33.914859314804744,33.46105933797377,33.50777381684624,2446700,0.0,33.033956800188335,34.926378885904946,0.002597747370010728,33.39432907104492,32.64021682739258,32.366607666015625,32.9738883972168
2020-02-07,32.9738883972168,33.16742124184785,32.920501518619055,33.134054124505774,3139900,-0.016717320971509575,32.93957356044224,34.72172364734468,-0.015148576986039664,33.4810791015625,33.39432907104492,32.64021682739258,32.613521575927734
2020-02-10,32.613521575927734,32.68693077088324,32.419991252383824,32.60684916990823,1770500,0.0010303101218656074,32.842329842703684,34.49895440964472,-0.010928854278510869,32.9738883972168,33.4810791015625,33.39432907104492,32.90715789794922
2020-02-11,32.90715789794922,32.91383030387589,32.720297437276194,32.80038158288527,2789200,0.0015439314219010125,32.91097150530134,34.30351529802595,0.009003514733539886,32.613521575927734,32.9738883972168,33.4810791015625,33.240840911865234
2020-02-12,33.240840911865234,33.34761724848667,32.96055143714105,33.12738962222133,1891300,0.014902534519557031,33.03586196899414,34.12587229410807,0.010140134707191217,32.90715789794922,32.613521575927734,32.9738883972168,32.82706451416016
2020-02-13,32.82706451416016,32.94718815302046,32.673573763560306,32.78035004857531,2459400,-0.005569656084570163,33.06255449567522,33.951089223225914,-0.0124478318344039,33.240840911865234,32.90715789794922,32.613521575927734,32.84041976928711
2020-02-14,32.84041976928711,32.98723815116198,32.62686714787714,32.98723815116198,1414900,0.008655696696262538,32.983424595424104,33.79505593436105,0.00040683671612451455,32.82706451416016,33.240840911865234,32.90715789794922,32.473388671875
2020-02-18,32.473388671875,32.52010316640988,32.206446521033634,32.2264688370836,1975100,-0.006057485044111632,32.839468819754465,33.615824744814915,-0.011176199938691456,32.84041976928711,32.82706451416016,33.240840911865234,32.58683776855469
2020-02-19,32.58683776855469,32.62687730644306,32.39997725732983,32.526775915973275,1583700,-0.001015771070089655,32.784175872802734,33.45121147519066,0.0034936020329146,32.473388671875,32.84041976928711,32.82706451416016,32.26649475097656
2020-02-20,32.26649475097656,32.62019333333059,32.206432919689874,32.57347885852405,1444500,-0.01982688924673648,32.73460061209543,33.298673175630114,-0.009830441967193515,32.58683776855469,32.473388671875,32.84041976928711,32.032928466796875
2020-02-21,32.032928466796875,32.092990309502056,31.786008689341543,31.95951926507405,1733800,0.00518651471762599,32.609710693359375,33.1429575965518,-0.007238663077048901,32.26649475097656,32.58683776855469,32.473388671875,30.391244888305664
2020-02-24,30.391244888305664,30.658184461228203,30.377897527797227,30.511368587132857,2125300,-0.024767889825447975,32.20262554713658,32.917010988507954,-0.05124987495891509,32.032928466796875,32.26649475097656,32.58683776855469,29.470293045043945
2020-02-25,29.470293045043945,30.20437994480533,29.29678247544977,30.14431810422497,3336200,-0.020634769080421833,31.723086765834264,32.659603482200986,-0.03030319576070062,30.391244888305664,32.032928466796875,32.26649475097656,29.30345344543457
2020-02-26,29.30345344543457,29.92409158575933,29.23004424990718,29.763925836813367,3072000,-0.0005402628434884038,31.217805862426758,32.44033041454497,-0.005661280644694289,29.470293045043945,30.391244888305664,32.032928466796875,28.52932357788086
2020-02-27,28.52932357788086,29.370186731626063,28.52932357788086,28.949756427627527,3756400,-0.025405481910298455,30.654367991856166,32.17593120393299,-0.026417700869121208,29.30345344543457,29.470293045043945,30.391244888305664,28.789594650268555
2020-02-28,28.789594650268555,28.916393290695986,27.575012957664857,27.90868930279221,5065100,-0.02773137670798631,30.11190468924386,31.945218040829612,0.009122931767982179,28.52932357788086,29.30345344543457,29.470293045043945,29.643808364868164
2020-03-02,29.643808364868164,29.683850446921003,28.596064735765363,28.87635421863773,3889700,0.015972598974132834,29.73723520551409,31.77138855343773,0.029670918433429172,28.789594650268555,28.52932357788086,29.30345344543457,29.02983856201172
2020-03-03,29.02983856201172,30.077581957026773,28.83630569395208,29.53702542595445,4042300,-0.011229881185362611,29.308222361973353,31.60963485354469,-0.020711569691027942,29.643808364868164,28.789594650268555,28.52932357788086,29.91741943359375
2020-03-04,29.91741943359375,29.99082608399592,29.38353529640833,29.60376288485955,3292400,0.007382115060606154,29.240533011300222,31.49300684247698,0.0305747780748431,29.02983856201172,29.643808364868164,28.789594650268555,29.056535720825195
2020-03-05,29.056535720825195,29.310127901247427,28.76957387046726,29.1165975626617,2737400,-0.01578352575761066,29.181424822126115,31.32235536121187,-0.028775333202765596,29.91741943359375,29.02983856201172,29.643808364868164,28.23568725585937
2020-03-06,28.23568725585937,28.549341222683022,27.9553978615778,28.3624833236606,3422800,-0.017754836134000973,29.028886795043945,31.076705750964937,-0.028250045802174273,29.056535720825195,29.91741943359375,29.02983856201172,23.20384979248047
2020-03-09,23.20384979248047,24.74543518737798,23.19717484098089,24.49184049110413,11580700,-0.11545181748655031,28.268104825701034,30.58731387910389,-0.1782084288504333,28.23568725585937,29.056535720825195,29.91741943359375,24.70539665222168
2020-03-10,24.70539665222168,24.87223482312073,23.52418209676656,24.71206905892832,6898400,0.05471324767301855,27.684647968837194,30.193576176961262,0.0647111092844519,23.20384979248047,28.23568725585937,29.056535720825195,23.030330657958984
2020-03-11,23.030330657958984,24.378382838028145,22.73669651263847,24.298301261258445,7588500,-0.03624992786807757,26.739865439278738,29.737233752296085,-0.06780162317742278,24.70539665222168,23.20384979248047,28.23568725585937,19.4266357421875
2020-03-12,19.4266357421875,21.35528446292576,19.226429186623083,21.33526342550707,8805600,-0.08690021238425816,25.367979322160995,29.09530412583124,-0.15647603889378348,23.030330657958984,24.70539665222168,23.20384979248047,20.83474540710449
2020-03-13,20.83474540710449,21.188442704180545,18.97950619914154,21.188442704180545,4990200,-0.01988634333397754,24.070454461233957,28.504537673223588,0.07248345434609105,19.4266357421875,23.030330657958984,24.70539665222168,17.551372528076172
2020-03-16,17.551372528076172,18.579096122984524,17.35116726113576,17.764926425119732,5041200,-0.09710138819402092,22.42685971941267,27.777123769124348,-0.157591216733021,20.83474540710449,19.4266357421875,23.030330657958984,18.438953399658203
2020-03-17,18.438953399658203,18.632486281659148,17.75825465517442,18.298809952312013,4181000,0.08828236171104908,21.027326311383927,27.091339656284877,0.050570453687436956,17.551372528076172,20.83474540710449,19.4266357421875,16.550344467163086
2020-03-18,16.550344467163086,16.83063261848335,14.768512920814452,16.503629987422062,6215000,-0.11430665242258287,20.076825550624303,26.333099456060502,-0.10242495284630015,18.438953399658203,17.551372528076172,20.83474540710449,16.52365493774414
2020-03-19,16.52365493774414,16.95076030838877,15.11554016869782,15.809587668869751,8288700,0.013322124380705791,18.90800530569894,25.568185987926665,-0.0016126268230790552,16.550344467163086,18.438953399658203,17.551372528076172,16.96410369873047
2020-03-20,16.96410369873047,18.46564709792736,16.96410369873047,17.271085293808927,9054400,-0.04272806690377462,18.04140145438058,24.83950069972447,0.026655649893791544,16.52365493774414,16.550344467163086,18.438953399658203,19.219757080078125
2020-03-23,19.219757080078125,19.740292639687773,18.799325442878438,19.740292639687773,10013400,0.0034334730545686476,18.011847359793528,24.22934968130929,0.13296625754041225,16.96410369873047,16.52365493774414,16.550344467163086,22.002614974975582
2020-03-24,22.002614974975582,22.342963664424,20.90148221980787,21.408671596954072,5664900,0.07356722196820065,18.178685869489396,23.829891114007857,0.14479152277017993,19.219757080078125,16.96410369873047,16.52365493774414,24.104774475097656
2020-03-25,24.104774475097656,24.46514547925188,22.369658785518737,22.883520577572416,6755200,0.039043806307675455,19.114886147635325,23.574390229724703,0.09554134826760086,22.002614974975582,19.219757080078125,16.96410369873047,24.111591339111328
2020-03-26,24.111591339111328,24.622863435532903,23.273105413035672,23.334458168624835,4558300,-0.004601264709708008,19.925262996128627,23.327158700852166,0.0002828014018847469,24.104774475097656,22.002614974975582,19.219757080078125,23.99570655822754
2020-03-27,23.99570655822754,24.24793342197557,22.748201274499237,23.32082618170057,3443400,-0.038520806089277215,20.98888615199498,23.11127217610677,-0.004806185508619332,24.111591339111328,24.104774475097656,22.002614974975582,25.072784423828125
2020-03-30,25.072784423828125,25.563606500791977,24.38427243294452,24.84100762086903,3966400,-0.018429535668412655,22.21019036429269,22.934281212942942,0.04488627425856251,23.99570655822754,24.111591339111328,24.104774475097656,25.386369705200195
2020-03-31,25.386369705200195,26.497532729600817,24.98416881033876,26.129418727894542,5090000,0.031836772936373325,23.413371222359793,22.731546038673038,0.01250699866721039,25.072784423828125,23.99570655822754,24.111591339111328,25.549968719482425
2020-04-01,25.549968719482425,26.7497552743418,25.406813167056388,26.14304357986468,4019800,-0.03797455952340023,24.31768717084612,22.56583795093355,0.006444364286112059,25.386369705200195,25.072784423828125,23.99570655822754,27.07697296142578
2020-04-02,27.07697296142578,28.031346048201137,26.19076585164679,27.349649871733934,4921100,0.023848680920218746,25.04259545462472,22.430578595116025,0.05976540553566245,25.549968719482425,25.386369705200195,25.072784423828125,24.316102981567383
2020-04-03,24.316102981567383,25.17504167723149,24.016157580165075,25.038701912788728,3760100,-0.019277176274821173,25.072785241263254,22.204843702770415,-0.10196376026934661,27.07697296142578,25.549968719482425,25.386369705200195,25.365915298461918
2020-04-06,25.365915298461918,25.365915298461918,24.30928669520121,24.73875603475892,3129000,0.05487306688835725,25.25197437831334,22.068187895275297,0.043173542968227174,24.316102981567383,27.07697296142578,25.549968719482425,24.827373504638672
2020-04-07,24.827373504638672,25.843101952021648,24.75920492716149,25.665862090302262,4382200,0.026397531258042894,25.370783942086355,22.145498548235214,-0.02123092297228879,25.365915298461918,24.316102981567383,27.07697296142578,25.290924072265625
2020-04-08,25.290924072265625,25.365911058754172,24.47289083902672,24.67739914733645,2406000,0.010590045877122867,25.401946749005997,22.173380806332542,0.018670946708895464,24.827373504638672,25.365915298461918,24.316102981567383,25.045522689819336
2020-04-09,25.045522689819336,25.65904778689075,24.30928945277569,25.106875459572976,4393000,0.04640717707970632,25.353254318237305,22.269342331659224,-0.00970314021524421,25.290924072265625,24.827373504638672,25.365915298461918,24.67058753967285
2020-04-13,24.67058753967285,25.4545393051204,24.33655781734351,25.25684675898633,1513400,-0.0007153265919892515,25.227628435407365,22.51905432201567,-0.014970146751973723,25.045522689819336,25.290924072265625,24.827373504638672,24.104782104492188
2020-04-14,24.104782104492188,25.147776633861444,24.05024515109154,24.984170974589635,2609200,0.030064431810590486,24.80302974155971,22.67477035522461,-0.022934412659236014,24.67058753967285,25.045522689819336,25.290924072265625,22.959529876708984
2020-04-15,22.959529876708984,23.12995393897644,22.24374933527863,22.898177110274105,3589600,-0.025017346743537727,24.609233583722794,22.932301657540457,-0.047511411753013655,24.104782104492188,24.67058753967285,25.045522689819336,21.98470497131348
2020-04-16,21.98470497131348,22.400540117077824,21.766562370332984,22.37327164183903,5654000,-0.03563791953198159,24.126203536987305,23.101146970476425,-0.04245840009051771,22.959529876708984,24.104782104492188,24.67058753967285,23.52532768249512
2020-04-17,23.52532768249512,23.52532768249512,22.727744615237093,22.918618662007116,4663400,0.027346546196872712,23.9401969909668,23.433289028349378,0.07007702460378273,21.98470497131348,22.959529876708984,24.104782104492188,22.49597549438477
2020-04-20,22.49597549438477,23.08223466576733,22.22329596335784,22.3119172010113,4369100,-0.00791364130834693,23.540918622698108,23.717685245332262,-0.04375506271380347,23.52532768249512,21.98470497131348,22.959529876708984,22.175575256347656
2020-04-21,22.175575256347656,22.44143634271765,21.787008653120047,21.88244569946164,4820800,-0.0246556425674731,23.130926132202152,23.965850557599747,-0.014242558101874137,22.49597549438477,23.52532768249512,21.98470497131348,23.42989921569824
2020-04-22,23.42989921569824,23.51852045569041,22.884542739717222,23.054966800990343,2635800,0.029739831656987015,22.95368494306292,24.1663335164388,0.056563310978439585,22.175575256347656,22.49597549438477,23.52532768249512,23.593505859375
2020-04-23,23.593505859375,24.500160451646245,23.470800335539096,23.60714009540839,2487900,0.015162539840387845,22.880645479474754,24.242090225219727,0.006982814657911174,23.42989921569824,22.175575256347656,22.49597549438477,23.279924392700195
2020-04-24,23.279924392700195,24.016154877082872,23.279924392700195,23.96843635496846,2673300,0.027738215469812033,22.926416124616356,24.202811649867467,-0.013291007641842323,23.593505859375,23.42989921569824,22.175575256347656,23.968435287475582
2020-04-27,23.968435287475582,24.30246752786396,23.10949932720654,23.24583646976737,1788500,-0.004152206664222113,23.209806169782365,24.195994695027668,0.02957530630946903,23.279924392700195,23.593505859375,23.42989921569824,24.329730987548828
2020-04-28,24.329730987548828,24.541057698340484,23.716206105368745,24.10477264422201,1680700,0.011118897615408851,23.32472092764718,24.211900620233443,0.01507381252634521,23.968435287475582,23.279924392700195,23.593505859375,25.5636043548584
2020-04-29,25.5636043548584,25.5636043548584,24.8069212498803,24.88190823872884,2295200,0.037800625914273356,23.76295362200056,24.235272997901554,0.050714632559687,24.329730987548828,23.968435287475582,23.279924392700195,23.961626052856445
2020-04-30,23.961626052856445,24.595603821684072,23.825286272378403,24.397911270014163,3427200,-0.023178911483876186,24.018103735787527,24.16742806207566,-0.06266637050723622,25.5636043548584,24.329730987548828,23.968435287475582,22.789108276367188
2020-05-01,22.789108276367188,23.641228679759724,22.08696189612057,23.320830575935297,6654900,-0.029152495767471365,23.92656217302595,24.03595851716541,-0.04893314727067455,23.961626052856445,25.5636043548584,24.329730987548828,22.877721786499023
2020-05-04,22.877721786499023,23.082230094031317,22.380083951333564,22.645945011171964,9243000,-0.011871438551061209,23.82430730547224,23.835994175502233,0.003888414985667943,22.789108276367188,23.961626052856445,25.5636043548584,23.86618423461914
2020-05-05,23.86618423461914,24.718304535205533,23.757112940162678,24.377456414970972,6894100,0.020494697161504538,23.908058711460658,23.8145694732666,0.04320633222768899,22.877721786499023,22.789108276367188,23.961626052856445,23.320825576782227
2020-05-06,23.320825576782227,23.99570593580348,23.211754292547575,23.92753475786649,6293900,0.022160641062779707,23.815543038504465,23.71718424842471,-0.02285068498909193,23.86618423461914,22.877721786499023,22.789108276367188,23.791200637817383
2020-05-07,23.791200637817383,24.295654416578465,23.791200637817383,23.98889057789139,6277100,0.009485047445838557,23.738610131399973,23.667842683337984,0.0201697431116441,23.320825576782227,23.86618423461914,22.877721786499023,24.827373504638672
2020-05-08,24.827373504638672,24.82737350463867,23.995705937466056,24.111593039270165,1691300,0.008053757417050722,23.633434295654297,23.645768846784318,0.043552777457319225,23.791200637817383,23.320825576782227,23.86618423461914,23.729846954345703
2020-05-11,23.729846954345703,24.13204783833342,23.729846954345703,24.09796094609981,2042900,-0.007989412625857284,23.60032299586705,23.583117621285574,-0.04420630922106639,24.827373504638672,23.791200637817383,23.320825576782227,23.51852035522461
2020-05-12,23.51852035522461,24.159313886706883,23.51852035522461,24.04342677375931,1542400,-0.0369126961445696,23.704524721418107,23.52825727916899,-0.00890551883995161,23.729846954345703,24.827373504638672,23.791200637817383,22.693666458129883
2020-05-13,22.693666458129883,23.511702394288346,22.618679462249546,23.511702394288346,2355900,0.004878024348512255,23.67823110307966,23.461061296008882,-0.03507252516893511,23.51852035522461,23.729846954345703,24.827373504638672,22.993616104125977
2020-05-14,22.993616104125977,23.02088458049513,21.82109762490237,22.155129959262016,2726800,0.0,23.553578513009207,23.462684449695406,0.013217328568281506,22.693666458129883,23.51852035522461,23.729846954345703,22.516420364379883
2020-05-15,22.516420364379883,23.239019134889087,22.516420364379883,22.945889616694306,2057200,0.01941745562740449,23.438663482666016,23.488004230317614,-0.020753401186882736,22.993616104125977,22.693666458129883,23.51852035522461,24.329730987548828
2020-05-18,24.329730987548828,24.697847477135305,24.11840687722122,24.425170618543284,2697900,0.020408180151441968,23.515596389770508,23.526309149605886,0.0805328108919805,22.516420364379883,22.993616104125977,22.693666458129883,24.09796142578125
2020-05-19,24.09796142578125,24.59560197727816,24.09114560747772,24.554699266062507,3637900,0.007999991743846246,23.411394664219447,23.6025941939581,-0.009526186783001878,24.329730987548828,22.516420364379883,22.993616104125977,24.875099182128903
2020-05-20,24.875099182128903,25.154594561682487,24.629688097552098,24.861464944045192,2874000,0.015211679485488183,23.57500212533133,23.731142952328636,0.032249107823545176,24.09796142578125,24.329730987548828,22.516420364379883,24.568334579467773
2020-05-21,24.568334579467773,24.91599853840503,24.17976790752292,24.820561475185585,1832600,-0.0032573435379812388,23.7249755859375,23.785354160127184,-0.012332196161915943,24.875099182128903,24.09796142578125,24.329730987548828,24.5546989440918
2020-05-22,24.5546989440918,24.58196741787801,24.084329473371145,24.561514762305958,1442200,-0.00915035334371328,23.990837369646346,23.831125259399414,-0.0005550085347408862,24.568334579467773,24.875099182128903,24.09796142578125,24.895544052124023
2020-05-26,24.895544052124023,25.14777090295961,24.82737287590868,25.03188380409024,1554000,0.004617464236296387,24.262541362217494,23.908059528895787,0.013881054245799884,24.5546989440918,24.568334579467773,24.875099182128903,25.400001525878903
2020-05-27,25.400001525878903,25.80902084251988,25.14095881918431,25.740849656180615,3055000,0.008535721042925104,24.674481528145925,23.976229349772137,0.02026296242808323,24.895544052124023,24.5546989440918,24.568334579467773,25.522708892822266
2020-05-28,25.522708892822266,25.98626259134325,25.47499035919202,25.93854405771301,4483400,-0.000650987019565008,24.844906943184988,24.033037821451824,0.004830998408340337,25.400001525878903,24.895544052124023,24.5546989440918,25.61814308166504
2020-05-29,25.61814308166504,25.645408951861725,25.195489587810275,25.5499719050121,2459100,-0.0013029662291293986,25.062075751168386,24.03563490368071,0.0037391872956562544,25.522708892822266,25.400001525878903,24.895544052124023,26.354372024536133
2020-06-01,26.354372024536133,26.38845631061056,25.829465697504023,25.89763687011722,2625600,0.020221820657017275,25.273400442940847,24.14957518804641,0.028738575646336084,25.61814308166504,25.522708892822266,25.400001525878903,26.77703094482422
2020-06-02,26.77703094482422,27.29512161061879,26.51798821239205,27.131513347613893,5257100,0.015984655454722496,25.588928495134628,24.339476267496746,0.016037525762123472,26.354372024536133,25.61814308166504,25.522708892822266,27.840471267700195
2020-06-03,27.840471267700195,27.98362683713361,27.60869446937085,27.73821580355377,4004500,0.025802311869552064,26.058324541364396,24.575797671363468,0.03971464667114377,26.77703094482422,26.354372024536133,25.61814308166504,27.779111862182617
2020-06-04,27.779111862182617,27.976804325313157,27.472348143611757,27.73820916621855,4493800,-0.004294457344308333,26.470262799944198,24.7621275583903,-0.0022039643268814135,27.840471267700195,26.77703094482422,26.354372024536133,29.36747360229492
2020-06-05,29.36747360229492,29.68786904861253,29.183415315875205,29.333386711855816,3144200,0.015403507053164622,27.037044525146484,25.05006317865281,0.057178276540749806,27.779111862182617,27.840471267700195,26.77703094482422,30.12416076660156
2020-06-08,30.12416076660156,30.178697722818104,29.510635611956676,30.00827363533921,2321200,0.0145632273075742,27.69439479282924,25.351632708594913,0.02576616479013394,29.36747360229492,27.779111862182617,27.840471267700195,29.19705390930176
2020-06-09,29.19705390930176,29.31294103260279,28.86983739541232,29.22431978507169,1867600,-0.00299037785842704,28.205667768205917,25.559712727864582,-0.030776188737104193,30.12416076660156,29.36747360229492,27.779111862182617,28.62442970275879
2020-06-10,28.62442970275879,29.101615047749608,28.43355296429737,28.924375148248032,2762500,-0.0017998204822675667,28.529961722237722,25.792788096836635,-0.019612396795984366,29.19705390930176,30.12416076660156,29.36747360229492,26.156679153442383
2020-06-11,26.156679153442383,27.56778990070508,26.102144816590105,27.411000106616367,2453600,-0.05168261100177052,28.441340037754603,25.918414706275577,-0.08621134376970896,28.62442970275879,29.19705390930176,30.12416076660156,26.988359451293945
2020-06-12,26.988359451293945,27.567800326874035,26.49072141216233,27.383741994515997,1504400,0.024081195976302094,28.319609778267996,26.122923896426247,0.031796096628807335,26.156679153442383,28.62442970275879,29.19705390930176,27.02242660522461
2020-06-15,27.02242660522461,27.247387513311647,26.06805385092614,26.197575143166063,1778900,0.0006187598855837972,28.211511884416854,26.31477201552618,0.0012622906550561197,26.988359451293945,26.156679153442383,28.62442970275879,27.431459426879883
2020-06-16,27.431459426879883,28.0177160427652,27.09742710577395,27.72458643459008,2198700,0.006802833662671759,27.934938430786133,26.54882149469285,0.015136790919294763,27.02242660522461,26.988359451293945,26.156679153442383,27.24740219116211
2020-06-17,27.24740219116211,27.745040182635947,27.226949533659734,27.69050322991633,2211400,-0.003071402344673735,27.52397292000907,26.687758218674432,-0.00670971357569905,27.431459426879883,27.02242660522461,26.988359451293945,27.17241096496582
2020-06-18,27.17241096496582,27.342835015071763,26.84519710081817,26.906549862874893,2294800,-0.0030805924041122923,27.234738213675364,26.83416057768322,-0.002752233980699015,27.24740219116211,27.431459426879883,27.02242660522461,26.84519386291504
2020-06-19,26.84519386291504,27.792751051141185,26.770206873838557,27.785932633699147,2390400,0.005562365217220311,26.980561665126256,26.927974610101607,-0.01204225500904843,27.17241096496582,27.24740219116211,27.431459426879883,27.254213333129883
2020-06-22,27.254213333129883,27.281481804810355,26.91336523851776,27.09742352166406,1600900,-0.007375597866468797,27.13735226222447,27.05587359837123,0.015236227099103994,26.84519386291504,27.17241096496582,27.24740219116211,27.656417846679688
2020-06-23,27.656417846679688,27.92227897956609,27.540530727407123,27.854110391813403,1453300,0.019195009938262952,27.232789175851003,27.203574498494465,0.014757516888623146,27.254213333129883,26.84519386291504,27.17241096496582,26.633872985839844
2020-06-24,26.633872985839844,27.38373784054165,26.53843592438306,27.38373784054165,1831600,-0.027946476249169794,27.177281515938894,27.286352066766646,-0.03697314910805072,27.656417846679688,27.254213333129883,26.84519386291504,27.238161087036133
2020-06-25,27.238161087036133,27.27293237226184,26.41761127870673,26.50105652735984,1565300,0.014999984450603465,27.149667467389786,27.373883474440802,0.02268870552613822,26.633872985839844,27.656417846679688,27.254213333129883,26.946104049682617
2020-06-26,26.946104049682617,27.286843048714505,26.61927303557825,27.22425844287913,2221600,-0.00923642674693681,27.106624875749862,27.441664196196058,-0.010722347827383905,27.238161087036133,26.633872985839844,27.656417846679688,27.050403594970703
2020-06-29,27.050403594970703,27.314647262495964,26.813973235353995,26.98781900999346,1471000,0.016780574307271534,27.089195251464844,27.50986707778204,0.003870672550502219,26.946104049682617,27.238161087036133,26.633872985839844,26.744434356689453
2020-06-30,26.744434356689453,26.904372157153198,26.278528936122388,26.4106507749378,1348300,0.002444985296294444,27.07480103628976,27.528441474551247,-0.01131107849119617,27.050403594970703,26.946104049682617,27.238161087036133,26.674898147583008
2020-07-01,26.674898147583008,26.953049816906944,26.54277365092864,26.59840557639916,1237300,0.004877976424248809,26.992041724068777,27.52357800801595,-0.0026000254175894133,26.744434356689453,27.050403594970703,26.946104049682617,27.099084854125977
2020-07-02,27.099084854125977,27.50240574117138,26.946099697310583,27.161669449852592,1524800,0.004247686242872195,26.912422725132533,27.488273893083846,0.015902092828849357,26.674898147583008,26.744434356689453,27.050403594970703,27.523265838623047
2020-07-06,27.523265838623047,27.877910071352627,27.40504932592908,27.63452703444764,1106000,0.0096675299193143,27.039478846958705,27.476090749104817,0.01565296344066347,27.099084854125977,26.674898147583008,26.744434356689453,26.800073623657227
2020-07-07,26.800073623657227,27.293795141160626,26.79311830500121,27.272934490546252,1413800,-0.003590627919841771,26.97689492361886,27.353833607264928,-0.02627566870901543,27.523265838623047,27.099084854125977,26.674898147583008,27.029544830322266
2020-07-08,27.029544830322266,27.161669338914628,26.779206448438263,26.80702241368681,2166700,0.00900905029121657,26.98881503513881,27.20647094363258,0.008562334935620308,26.800073623657227,27.523265838623047,27.099084854125977,25.854345321655277
2020-07-09,25.854345321655277,26.66098965683257,25.78480806882192,26.63317369462876,2728200,-0.001785630250800918,26.817949567522323,27.04729434422084,-0.04347833143489077,27.029544830322266,26.800073623657227,27.523265838623047,26.264625549316406
2020-07-10,26.264625549316406,26.35502611414764,25.97256320627572,26.05601110581681,2240200,0.008348264929315619,26.749405452183314,26.934922717866442,0.015868908013597416,25.854345321655277,27.029544830322266,26.800073623657227,26.257667541503903
2020-07-13,26.257667541503903,26.70271500210253,26.16726963860964,26.65403839202829,1520400,-0.0023654616315257337,26.6898010798863,26.939731688726518,-0.0002649193608124101,26.264625549316406,25.854345321655277,27.029544830322266,27.147762298583984
2020-07-14,27.147762298583984,27.21034689622728,26.389794461649146,26.46628704239946,1894800,0.011855285992372178,26.696755000523158,26.947322300502233,0.033898470063007835,26.257667541503903,26.264625549316406,25.854345321655277,27.33551979064941
2020-07-15,27.33551979064941,27.5232736089868,27.09213403235566,27.39114907792888,1779600,0.007615708482942907,26.669934136526926,26.962231499808176,0.006916131429190342,27.147762298583984,26.257667541503903,26.264625549316406,27.050403594970703
2020-07-16,27.050403594970703,27.439816432450456,26.93218708882435,27.29378661839555,1389200,0.0005813465356361291,26.70569556100028,26.944085984002974,-0.010430245989916598,27.33551979064941,27.147762298583984,26.257667541503903,26.75835227966309
2020-07-17,26.75835227966309,26.93219812554396,26.66099903039813,26.91829013955224,984900,0.004067446874769898,26.666953768048966,26.920797892979213,-0.01079656036488541,27.050403594970703,27.33551979064941,27.147762298583984,26.27157974243164
2020-07-20,26.27157974243164,26.702719290437194,26.21595045884569,26.528873468631424,1505700,0.006944373345237009,26.726558685302734,26.877901168096635,-0.01819142420071229,26.75835227966309,27.050403594970703,27.33551979064941,26.89742660522461
2020-07-21,26.89742660522461,27.078225098392803,26.48019768088152,26.48715034679396,1641500,0.002873639914235504,26.816958836146764,26.880388441539946,0.02382220136469959,26.27157974243164,26.75835227966309,27.050403594970703,26.34806632995605
2020-07-22,26.34806632995605,26.57754403578076,26.25766578044849,26.57754403578076,1636700,-0.005730558076110004,26.829872948782786,26.837238584245956,-0.020424268958200265,26.89742660522461,26.27157974243164,26.75835227966309,26.34806632995605
2020-07-23,26.34806632995605,26.39674293676564,26.028190727299915,26.07686733410949,1625300,-0.010374851092261994,26.715630667550222,26.77493613106864,0.0,26.34806632995605,26.89742660522461,26.27157974243164,26.598403930664062
2020-07-24,26.598403930664062,26.674896497115054,26.341112922972943,26.431510817254985,2658800,-0.002329642591288983,26.61032840183803,26.77324712844122,0.009501175440088883,26.34806632995605,26.34806632995605,26.89742660522461,26.765295028686523
2020-07-27,26.765295028686523,26.800063650998208,26.41760350021797,26.68184715192746,3464300,0.02685367466139521,26.569598606654576,26.750729697091238,0.006274477914445908,26.598403930664062,26.34806632995605,26.34806632995605,26.4245548248291
2020-07-28,26.4245548248291,26.605353243295355,26.32024631050291,26.46627876109472,1279200,-0.0005685199133466101,26.521913255964005,26.725894019717263,-0.012730672443259983,26.765295028686523,26.598403930664062,26.34806632995605,26.6540470123291
2020-07-29,26.6540470123291,26.6957683186424,26.34112395159357,26.40370856374068,2830300,0.003981714492736321,26.57655143737793,26.70701989673433,0.008684808089344465,26.4245548248291,26.765295028686523,26.598403930664062,26.633174896240234
2020-07-30,26.633174896240234,26.83483665230199,25.986468335543076,26.76529939633131,2545000,-0.018130230509699974,26.538801193237305,26.70172182718913,-0.0007830749333942455,26.6540470123291,26.4245548248291,26.765295028686523,26.188135147094727
2020-07-31,26.188135147094727,26.20899579737772,25.617921049494065,26.06296594004319,3342600,-0.00807849964103513,26.515953881399973,26.678542636689684,-0.016709977345146787,26.633174896240234,26.6540470123291,26.4245548248291,26.751394271850582
2020-08-03,26.751394271850582,26.75834693711974,26.22985683833757,26.327210068165087,2091100,-0.013379905845940732,26.573572158813477,26.66198594229562,0.021508180005644473,26.188135147094727,26.633174896240234,26.6540470123291,27.36332321166992
2020-08-04,27.36332321166992,27.37027852798744,26.85569388020449,26.932186443641573,1646400,0.007075464317362723,26.682846341814315,26.654369626726425,0.02287465593758764,26.751394271850582,26.188135147094727,26.633174896240234,27.6553897857666
2020-08-05,27.6553897857666,28.10738726767951,27.599757857279645,27.787511636908587,2231200,0.01873527885267179,26.810002735682897,26.695098967779252,0.01067365143617205,27.36332321166992,26.751394271850582,26.188135147094727,27.33551979064941
2020-08-06,27.33551979064941,27.50241030516471,27.15471863846812,27.33551979064941,903200,-0.0034481772531257393,26.940140587942942,26.709669203985307,-0.011566280482577684,27.6553897857666,27.36332321166992,26.751394271850582,27.078224182128903
2020-08-07,27.078224182128903,27.12690079989927,26.786164475506723,26.80702512521496,1115600,-0.005190258131694714,27.00073732648577,26.767949149722146,-0.009412501042270982,27.33551979064941,27.6553897857666,27.36332321166992,27.26597023010254
2020-08-10,27.26597023010254,27.37723141801945,27.08517179449104,27.24510958632936,1611200,-0.0057972552906363495,27.09113665989467,26.81563222975958,0.0069334697397751555,27.078224182128903,27.33551979064941,27.6553897857666,27.620620727539062
2020-08-11,27.620620727539062,28.357725199801138,27.558036135302064,28.267327296429272,1810600,-0.0005829769943943575,27.295777457101003,26.88053476242792,0.013007074182343814,27.26597023010254,27.078224182128903,27.33551979064941,28.142162322998047
2020-08-12,28.142162322998047,28.46899066231716,28.030901103781108,28.455082678330456,1338200,0.0151690819510788,27.494458607264928,26.927887144542876,0.01888232710639204,27.620620727539062,27.26597023010254,27.078224182128903,27.808374404907227
2020-08-13,27.808374404907227,28.163018657865734,27.620620628866963,28.030896809249096,913800,0.0022989119313883144,27.55803734915597,26.950404030936106,-0.011860777230257358,28.142162322998047,27.620620727539062,27.26597023010254,27.46068572998047
2020-08-14,27.46068572998047,27.690160823258307,27.32160854934233,27.35637718133272,1291400,0.001146692724137699,27.530222484043666,26.96994127546038,-0.012503020488151995,27.808374404907227,28.142162322998047,27.620620727539062,27.30073928833008
2020-08-17,27.30073928833008,27.634525510067636,27.18947809864289,27.56498560859064,1780200,0.0017182589778268476,27.52525384085519,26.995769228254044,-0.005824561091559488,27.46068572998047,27.808374404907227,28.142162322998047,27.092134475708008
2020-08-18,27.092134475708008,27.544134710881146,27.043457853788063,27.44678146704125,2852500,0.0017155012911622691,27.527241025652206,27.034843263171968,-0.007640995008191709,27.30073928833008,27.46068572998047,27.808374404907227,27.182527542114254
2020-08-19,27.182527542114254,27.4189579201129,27.1199429522712,27.168619560740662,4680000,-0.002854019859928947,27.51532064165388,27.04841949826195,0.003336505895735087,27.092134475708008,27.30073928833008,27.46068572998047,26.96695709228516
2020-08-20,26.96695709228516,27.10603424964422,26.78615864459168,26.85569589693313,3678900,-0.004579337202160638,27.421940122331893,27.07789048694429,-0.007930478484574621,27.182527542114254,27.092134475708008,27.30073928833008,26.66099548339844
2020-08-21,26.66099548339844,26.730532751428655,26.36198045605036,26.44542570822197,2858800,0.0011501168969709763,27.210344859531947,27.09279187520345,-0.011345796555379595,26.96695709228516,27.182527542114254,27.092134475708008,27.585847854614254
2020-08-24,27.585847854614254,27.662340424342894,27.38418876031059,27.578895190400814,2056900,0.018954493072009138,27.17855535234724,27.139813014439174,0.03468934128103762,26.66099548339844,26.96695709228516,27.182527542114254,27.41895294189453
2020-08-25,27.41895294189453,27.78055243392685,27.25205984838895,27.75273647622997,1814600,0.0005637752610430091,27.17259352547782,27.170939581734793,-0.006050019328726397,27.585847854614254,26.66099548339844,26.96695709228516,27.42590713500977
2020-08-26,27.42590713500977,27.62756886054884,27.35636988956396,27.551076298952925,2058900,0.0005634575975888012,27.190474646432058,27.21862302507673,0.0002536272311337573,27.41895294189453,27.585847854614254,26.66099548339844,27.40505599975586
2020-08-27,27.40505599975586,27.58585449224628,27.14776491913136,27.58585449224628,3140700,-0.007319827637356613,27.235177721296036,27.254385357811337,-0.0007602714889708428,27.42590713500977,27.41895294189453,27.585847854614254,27.78751373291016
2020-08-28,27.78751373291016,27.80142171608097,27.412006145327886,27.50936202752357,1826800,0.010210015611997525,27.321604319981166,27.30935387384324,0.013955736239243954,27.40505599975586,27.42590713500977,27.41895294189453,27.51631736755371
2020-08-31,27.51631736755371,27.870964341192263,27.44678009761668,27.870964341192263,2165100,-0.00505353655673102,27.400084359305247,27.37260064624605,-0.009759648450852865,27.78751373291016,27.40505599975586,27.42590713500977,27.286834716796875
2020-09-01,27.286834716796875,27.58584701706721,27.13384958198446,27.3841879288862,5409600,0.013544004536258702,27.48948996407645,27.39809781029111,-0.008339875125420448,27.51631736755371,27.78751373291016,27.40505599975586,27.26597023010254
2020-09-02,27.26597023010254,27.544124526232803,27.182525002333843,27.460679298464107,3509400,-0.008908677193189218,27.443793160574778,27.393461954025994,-0.0007646356534527499,27.286834716796875,27.51631736755371,27.78751373291016,27.14080047607422
2020-09-03,27.14080047607422,27.71101438342056,26.98781800391421,27.38418614310189,3123300,-0.005617940884305894,27.404057094029017,27.3689577011835,-0.004590695030178282,27.26597023010254,27.286834716796875,27.51631736755371,27.210346221923828
2020-09-04,27.210346221923828,27.537174532471624,26.74443808375243,27.49545323686102,3317300,0.006779654028679305,27.373262677873885,27.36299705505371,0.002562405847643223,27.14080047607422,27.26597023010254,27.286834716796875,26.4315128326416
2020-09-08,26.4315128326416,26.779204413802077,26.208990432913,26.66794321393777,3411700,-0.02076318168446356,27.234185082571848,27.332201276506698,-0.028622693108355524,27.210346221923828,27.14080047607422,27.26597023010254,26.8209285736084
2020-09-09,26.8209285736084,27.27292869381255,26.800067927427868,27.02954299344252,2529300,0.022922802597494796,27.09610148838588,27.31100881667364,0.014733009927675678,26.4315128326416,27.210346221923828,27.14080047607422,26.40369987487793
2020-09-10,26.40369987487793,27.342466095480557,26.396744557663112,27.252065540421928,3244200,0.007842911091559657,26.937156132289342,27.25306020464216,-0.0155560870156084,26.8209285736084,26.4315128326416,27.210346221923828,26.765295028686523
2020-09-11,26.765295028686523,26.834832273309896,26.480188081449345,26.695755131387305,3021100,-0.01167315581667605,26.86265046255929,27.18749509538923,0.01369486683768284,26.40369987487793,26.8209285736084,26.4315128326416,26.38283920288086
2020-09-14,26.38283920288086,26.6053616277387,26.222901375806572,26.57754831413888,3337500,0.024746944971900442,26.736488887241908,27.119612466721307,-0.014289243791101747,26.765295028686523,26.40369987487793,26.8209285736084,26.34806632995605
2020-09-15,26.34806632995605,26.77225046301908,26.33415834905673,26.63317330670194,2692500,0.0,26.62324115208217,27.06663059052967,-0.0013180110244166432,26.38283920288086,26.765295028686523,26.40369987487793,26.410659790039062
2020-09-16,26.410659790039062,26.65404555852589,26.02124415206634,26.243769268534333,1921400,0.004390774966623212,26.50900023324149,27.02424585251581,0.002375637714705725,26.34806632995605,26.38283920288086,26.765295028686523,26.062959671020508
2020-09-17,26.062959671020508,26.132499576365102,25.78480800767058,25.951698475145307,4015400,-0.01256839922033004,26.456349781581334,26.975237528483074,-0.013165143233176302,26.410659790039062,26.34806632995605,26.38283920288086,25.46492958068848
2020-09-18,25.46492958068848,25.7987131661153,25.374531683350224,25.72917591390493,5223500,-0.0038736828398311385,26.26263563973563,26.89344714936756,-0.022945593972467315,26.062959671020508,26.410659790039062,26.34806632995605,24.484451293945312
2020-09-21,24.484451293945312,24.748697754775744,24.171528202524723,24.700021124185582,2073400,-0.03388893028569051,25.98845727103097,26.775232587541854,-0.03850308258801238,25.46492958068848,26.062959671020508,26.410659790039062,24.1854305267334
2020-09-22,24.1854305267334,24.964261739152374,24.13675390754181,24.811276563020645,2295500,0.009200680837665232,25.61990519932338,26.657348541986373,-0.012212679942141813,24.484451293945312,25.46492958068848,26.062959671020508,23.587905883789062
2020-09-23,23.587905883789062,24.42017056415701,23.5807937164668,24.4059435159805,2510700,-0.02564095294313551,25.220629010881698,26.46697035289946,-0.02470597504079408,24.1854305267334,24.484451293945312,25.46492958068848,23.737287521362305
2020-09-24,23.737287521362305,24.050277176623634,23.43852762882977,23.82264981654204,2102500,0.010526272227129096,24.847660609654017,26.291652951921737,0.006332975818591269,23.587905883789062,24.1854305267334,24.484451293945312,23.260692596435547
2020-09-25,23.260692596435547,23.289146693620523,22.97615705164989,23.15399108875791,2739500,0.0005788470871050944,24.39766529628209,26.09330940246582,-0.020077901676754273,23.737287521362305,23.587905883789062,24.1854305267334,24.03604888916016
2020-09-28,24.03604888916016,24.08584220201704,23.77996744387788,23.84398780519845,3445400,0.0,24.10810661315918,25.932880492437455,0.033333327866747586,23.260692596435547,23.737287521362305,23.587905883789062,23.70883178710937
2020-09-29,23.70883178710937,23.929344225373505,23.481201755254396,23.85821170597185,5111600,0.0034701779702086544,23.857235499790736,25.738657542637416,-0.013613597790540277,24.03604888916016,23.260692596435547,23.737287521362305,24.39882469177246
2020-09-30,24.39882469177246,24.83985225983718,24.263671826237083,24.45573287528096,5698500,0.0057635866441008154,23.845003128051758,25.590205510457356,0.02910277954050189,23.70883178710937,24.03604888916016,23.260692596435547,23.88667297363281
2020-10-01,23.88667297363281,23.99337178478284,23.644818536080592,23.94357846353966,4335700,0.00114616230793807,23.802323477608816,25.428293046497163,-0.020990835608255987,24.39882469177246,23.70883178710937,24.03604888916016,23.70883178710937
2020-10-02,23.70883178710937,23.87955091908601,23.153987824356104,23.18244191752944,3287800,-0.010303271354796695,23.819598606654576,25.25890550159273,-0.007445205396320653,23.88667297363281,24.39882469177246,23.70883178710937,24.44150733947754
2020-10-05,24.44150733947754,24.45573438623365,23.929344510384148,24.14274478466249,2939100,0.01330251942518168,23.920201437813894,25.130367733183363,0.030903064265128677,23.70883178710937,23.88667297363281,24.39882469177246,24.37748908996582
2020-10-06,24.37748908996582,25.131506351932227,24.34903499399759,25.05325894478557,2226600,0.005707661043597767,24.079743794032506,24.995469774518693,-0.0026192431024217866,24.44150733947754,23.70883178710937,23.88667297363281,24.59088706970215
2020-10-07,24.59088706970215,24.626453329551182,24.19965278429939,24.469961243509093,1418600,0.007945476355505576,24.15900639125279,24.907820928664435,0.008753894995041422,24.37748908996582,24.44150733947754,23.70883178710937,24.846967697143555
2020-10-08,24.846967697143555,24.96789351951556,24.633567431260747,24.73315404110395,2198900,0.0016891095765165787,24.321597235543386,24.81382279168992,0.010413639276840803,24.59088706970215,24.37748908996582,24.44150733947754,25.074594497680664
2020-10-09,25.074594497680664,25.323561017209556,24.91809970624448,25.30222180511609,10537600,0.007307608805031007,24.418135779244558,24.750532059442428,0.00916115009733276,24.846967697143555,24.59088706970215,24.37748908996582,24.854082107543945
2020-10-12,24.854082107543945,25.067485106226457,24.711817059798072,25.067485106226457,1836100,0.002790067490546333,24.556337084089005,24.659521920340403,-0.008794255482660551,25.074594497680664,24.846967697143555,24.59088706970215,24.32057762145996
2020-10-13,24.32057762145996,24.59088606967717,24.206763966452435,24.56954685734188,2154400,-0.006121168731638482,24.64372934613909,24.561318987891788,-0.021465467273162786,24.854082107543945,25.074594497680664,24.846967697143555,24.1071834564209
2020-10-14,24.1071834564209,24.42728529009117,24.08584423868697,24.235224189889006,1825900,0.0005599252508456942,24.595968791416713,24.45461027962821,-0.008774222732718662,24.32057762145996,24.854082107543945,25.074594497680664,23.680381774902344
2020-10-15,23.680381774902344,23.723060208485663,23.2891474237064,23.39584622119685,3132800,0.00895341930054716,24.496382032121932,24.324597040812176,-0.0177043362319822,24.1071834564209,24.32057762145996,24.854082107543945,23.474090576171875
2020-10-16,23.474090576171875,23.744399045625787,23.28202950947029,23.481202742998548,2319800,0.004991752064191557,24.33683967590332,24.201317560105096,-0.00871148111932496,23.680381774902344,24.1071834564209,24.32057762145996,23.218006134033203
2020-10-19,23.218006134033203,23.84398256110186,23.15398578679287,23.595013338042143,2420100,-0.0060706792757047046,24.10413088117327,24.094321205502464,-0.010909238051531545,23.474090576171875,23.680381774902344,24.1071834564209,23.67326164245605
2020-10-20,23.67326164245605,23.8653226915748,23.5736750348089,23.68748868833873,2100500,0.008883943950479312,23.90394047328404,24.05569312686012,0.019607864077334725,23.218006134033203,23.474090576171875,23.680381774902344,23.27491569519043
2020-10-21,23.27491569519043,23.673262134051043,23.27491569519043,23.587902570514,2540000,0.0,23.67834527151925,24.012335277739027,-0.016826829918156316,23.67326164245605,23.218006134033203,23.474090576171875,23.346052169799805
2020-10-22,23.346052169799805,23.4100725316872,22.81966493964305,22.862343371879945,3374000,-0.0022014894741283486,23.539127349853516,24.000818434215727,0.003056357992483605,23.27491569519043,23.67326164245605,23.218006134033203,23.381616592407227
2020-10-23,23.381616592407227,23.858213185250037,23.260690759220328,23.85109830474972,2816700,0.014892535435510279,23.435474940708705,23.983881723313104,0.0015233591679122416,23.346052169799805,23.27491569519043,23.67326164245605,22.6987361907959
2020-10-26,22.6987361907959,23.10419757479833,22.485335890825997,23.03306504598571,4033500,-0.011413046156375617,23.295239857264928,23.957121894473122,-0.029205867734273028,23.381616592407227,23.346052169799805,23.27491569519043,21.8380184173584
2020-10-27,21.8380184173584,22.179459413553243,21.80956432262587,22.15811884250385,4360200,-0.0038482489300237788,23.061515263148717,23.852453776768275,-0.03791919365918317,22.6987361907959,23.381616592407227,23.346052169799805,20.74256134033203
2020-10-28,20.74256134033203,21.14090919128012,20.564727308705887,20.877715584262376,4737700,-0.033664498462314674,22.70788029261998,23.71120280311221,-0.05016284243792102,21.8380184173584,22.6987361907959,23.381616592407227,21.162248611450195
2020-10-29,21.162248611450195,21.169362135139902,20.37977864353919,20.628746545615314,3297000,0.006853219478639927,22.349164145333425,23.557080132620676,0.020233145956864984,20.74256134033203,21.8380184173584,22.6987361907959,21.574825286865234
2020-10-30,21.574825286865234,21.58905233543081,21.16936390010845,21.31163031546615,3399500,0.0022688575143683387,22.106294087001256,23.446992147536506,0.019495880753986006,21.162248611450195,20.74256134033203,21.8380184173584,22.584924697875977
2020-11-02,22.584924697875977,22.691624858166257,22.008742746895557,22.307504009768024,3150500,0.01754376303908245,21.997561591012136,23.393472762334916,0.04681842831078176,21.574825286865234,21.162248611450195,20.74256134033203,23.02594757080078
2020-11-03,23.02594757080078,23.182442372795737,22.90502174273684,23.09708280513109,3815300,0.008898952429904794,21.946751730782644,23.32606515430269,0.019527312082040282,22.584924697875977,21.574825286865234,21.162248611450195,23.004615783691406
2020-11-04,23.004615783691406,23.35317176060257,22.58492726301842,22.855235813672024,3193500,0.019845622603949398,21.990448815482004,23.260690234956286,-0.0009264238548178927,23.02594757080078,22.584924697875977,21.574825286865234,23.075740814208984
2020-11-05,23.075740814208984,23.346049276852693,22.969042033306376,23.239347782418363,2759100,0.025945797717715546,22.167266300746373,23.188540413266136,0.00309177215504719,23.004615783691406,23.02594757080078,22.584924697875977,23.09708404541016
2020-11-06,23.09708404541016,23.55233871544373,23.09708404541016,23.39584390504524,1948000,0.005268844479021206,22.503626687186106,23.10521262032645,0.0009249207370205514,23.075740814208984,23.004615783691406,23.02594757080078,26.62531089782715
2020-11-09,26.62531089782715,27.05211147975199,26.269642841712475,26.753351615110983,5588100,0.012054479576186106,23.284064156668528,23.179056258428666,0.1527563758905799,23.09708404541016,23.075740814208984,23.004615783691406,27.79190444946289
2020-11-10,27.79190444946289,27.855924814466658,27.50025672300844,27.71365703517693,4860600,-0.0031073954247430313,24.172218322753906,23.318952560424805,0.04381520862282007,26.62531089782715,23.09708404541016,23.075740814208984,27.101903915405277
2020-11-11,27.101903915405277,27.56427345883721,26.973863202255867,27.50025310226251,2476900,0.0051949442462546624,24.817501068115234,23.451396669660294,-0.024827393002603282,27.79190444946289,26.62531089782715,23.09708404541016,26.618194580078125
2020-11-12,26.618194580078125,27.32241848711996,26.47592953613832,26.703556862680134,2614400,0.0005168096274250633,25.330679212297714,23.570968627929688,-0.017847799063747782,27.101903915405277,27.79190444946289,26.62531089782715,27.599838256835938
2020-11-13,27.599838256835938,27.66385861001532,27.20149180463685,27.20860397119825,1715100,0.009813853875537903,25.987139565604075,23.75760941278367,0.03687867236091602,26.618194580078125,27.101903915405277,27.79190444946289,28.95849227905273
2020-11-16,28.95849227905273,29.250139974525784,28.631278320918465,29.107872210349,2694700,0.008184249513561337,26.827532632010325,24.01877139863514,0.04922688349016968,27.599838256835938,26.618194580078125,27.101903915405277,29.427976608276367
2020-11-17,29.427976608276367,29.442203657307555,28.560148325631,28.752206703721686,3168400,0.0005074824204409634,27.731945855276926,24.314484278361004,0.01621231950543356,28.95849227905273,27.599838256835938,26.618194580078125,28.887353897094727
2020-11-18,28.887353897094727,29.577350649666123,28.858899807321784,29.442195080010325,2152700,-0.0015213386075164648,28.055094855172293,24.562774385724747,-0.018371045973632927,29.427976608276367,28.95849227905273,27.599838256835938,29.31415557861328
2020-11-19,29.31415557861328,29.31415557861328,28.531687072838125,28.617046632087977,2498400,-0.012696801433041416,28.272559302193777,24.850357237316313,0.014774689403499908,28.887353897094727,29.427976608276367,28.95849227905273,29.392406463623047
2020-11-20,29.392406463623047,29.44219977189504,28.937151808832382,29.122097994766676,2826400,-0.0015431371973534391,28.599773951939174,25.138278870355514,0.0026693890192373004,29.31415557861328,28.887353897094727,29.427976608276367,30.85776138305664
2020-11-23,30.85776138305664,30.90755469395077,30.19621857999808,30.246011890892216,2096100,0.012879844966981135,29.205426352364675,25.494285765148344,0.04985488075796596,29.392406463623047,29.31415557861328,28.887353897094727,32.37289810180664
2020-11-24,32.37289810180664,32.48671174600812,31.704243281314376,31.84651101494905,3168700,0.014242270682332858,29.887292044503347,25.954960141863143,0.049100668708324635,30.85776138305664,29.392406463623047,29.31415557861328,31.83228302001953
2020-11-25,31.83228302001953,32.067025180539254,31.34146220283908,31.754035633179623,2835400,0.006519398768652929,30.297833578927175,26.430877503894624,-0.016699619542463462,32.37289810180664,30.85776138305664,29.392406463623047,32.109703063964844
2020-11-27,32.109703063964844,32.2164045376077,31.89630283021032,31.903414995471948,1134600,-0.0059789021148571875,30.680937358311244,26.97216996692476,0.008715053324037214,31.83228302001953,32.37289810180664,30.85776138305664,29.975706100463867
2020-11-30,29.975706100463867,31.8536331758246,29.961479051282996,31.746934377266296,3218300,-0.016040192653908547,30.836416244506836,27.39185841878255,-0.06645956704270672,32.109703063964844,31.83228302001953,32.37289810180664,30.893320083618164
2020-12-01,30.893320083618164,31.27744214237037,30.76527939736743,31.120947367279197,2280700,0.02394290510282837,31.06201117379325,27.835596266246977,0.030611922203897635,29.975706100463867,32.109703063964844,31.83228302001953,31.17074012756348
2020-12-02,31.17074012756348,31.57620138917674,30.800845119620792,30.843526252144216,2637800,0.010447819325781094,31.31605884007045,28.24444462004162,0.008979936219041251,30.893320083618164,29.975706100463867,32.109703063964844,31.192081451416016
2020-12-03,31.192081451416016,31.6259968307912,31.0853826831717,31.32012214413431,2492200,0.0004923813727837345,31.363818849836075,28.633308138166154,0.0006846588744828797,31.17074012756348,30.893320083618164,29.975706100463867,32.61476516723633
2020-12-04,32.61476516723633,32.61476516723633,32.209303731886855,32.30177820187973,2110700,0.01574801435713935,31.398371287754603,29.09093429928734,0.045610412951641255,31.192081451416016,31.17074012756348,30.893320083618164,31.62601089477539
2020-12-07,31.62601089477539,32.173740165303435,31.554878350980104,32.05992646711142,2372700,-0.008236438676718305,31.368903841291154,29.498090017409552,-0.030316154888467728,32.61476516723633,31.192081451416016,31.17074012756348,31.73981285095215
2020-12-08,31.73981285095215,32.031460514271124,31.597545102460348,31.611772148662688,2726300,0.00683924268562075,31.316062382289342,29.90964853195917,0.003598365805772774,31.62601089477539,32.61476516723633,31.192081451416016,31.81095123291016
2020-12-09,31.81095123291016,32.38713173675311,31.65445642271485,32.18084633021515,2912100,-0.012130142149969214,31.578240258353098,30.156583786010742,0.0022412980912041025,31.73981285095215,31.62601089477539,32.61476516723633,32.472503662109375
2020-12-10,32.472503662109375,32.74992438905941,31.69003209238263,31.70425914421759,2190000,0.006876303013095164,31.80383791242327,30.37946946280343,0.020796373687650194,31.81095123291016,31.73981285095215,31.62601089477539,32.13105392456055
2020-12-11,32.13105392456055,32.330229900016484,31.796727765407407,32.301775801589606,1742900,0.0029269072551636466,31.941025597708567,30.61895279657273,-0.010515041929065938,32.472503662109375,31.81095123291016,31.73981285095215,31.384143829345703
2020-12-14,31.384143829345703,32.10970688119154,31.355692451385654,31.988781062649664,1713000,0.00048628668326333724,31.96846308026995,30.845902760823567,-0.023245739058808668,32.13105392456055,32.472503662109375,31.81095123291016,31.938989639282227
2020-12-15,31.938989639282227,31.96744101891697,31.305898277221992,31.59754594834857,1704000,0.013126046470324226,31.87192371913365,31.052529017130535,0.017679176241147454,31.384143829345703,32.13105392456055,32.472503662109375,31.412601470947266
2020-12-16,31.412601470947266,31.647343681984918,31.31301485300347,31.547754350509297,4060400,0.01727439986298207,31.841436658586776,31.1693913596017,-0.01648105260310262,31.938989639282227,31.384143829345703,32.13105392456055,31.46239471435547
2020-12-17,31.46239471435547,31.69002204447603,31.28456069310304,31.569096212519653,3572800,0.02264148581556058,31.80180549621582,31.266268412272137,0.0015851359351519712,31.412601470947266,31.938989639282227,31.384143829345703,30.99291229248047
2020-12-18,30.99291229248047,31.49084808321744,30.936006818027767,31.362807373784168,1286400,0.0036900331363445282,31.68494279044015,31.366533097766695,-0.014922018051626185,31.46239471435547,31.412601470947266,31.938989639282227,30.26023292541504
2020-12-21,30.26023292541504,30.402500662640207,29.755185036120523,29.897450059814297,2318800,-0.019271190626457768,31.36890411376953,31.41158439999535,-0.023640223292058726,30.99291229248047,31.46239471435547,31.412601470947266,30.011276245117188
2020-12-22,30.011276245117188,30.35983221126336,29.88323549947431,30.23179146562048,2142200,-0.023832566026759205,31.066078730991908,31.44105438959031,-0.008227189820761649,30.26023292541504,30.99291229248047,31.46239471435547,30.91465950012207
2020-12-23,30.91465950012207,31.177855753358536,30.665693004932205,30.701259259454854,2632700,0.023916123186770832,30.99900954110282,31.443763823736283,0.030101460785156187,30.011276245117188,30.26023292541504,30.99291229248047,30.91465950012207
2020-12-24,30.91465950012207,31.04270018722865,30.63012675040955,30.76527960300815,734200,0.0019466485991357363,30.85267666407994,31.37432389032273,0.0,30.91465950012207,30.011276245117188,30.26023292541504,30.74394416809082
2020-12-28,30.74394416809082,31.3130124509238,30.63724267788956,31.08538513779061,1822200,-0.02379804535790353,30.757154192243302,31.322498230707076,-0.005522148223258805,30.91465950012207,30.91465950012207,30.011276245117188,30.81507873535156
2020-12-29,30.81507873535156,31.241879297479485,30.72260428526219,31.241879297479485,1786800,0.003482584691573143,30.664680480957028,31.260849453154066,0.002313774929846746,30.74394416809082,30.91465950012207,30.91465950012207,30.92960548400879
2020-12-30,30.92960548400879,31.255791250647743,30.835376190951337,31.06007979066437,1506700,0.020823095952863246,30.655636651175364,31.30627323332287,0.003716581406162156,30.81507873535156,30.74394416809082,30.91465950012207,30.37871360778809
2020-12-31,30.37871360778809,30.80637874091325,30.349718705347648,30.748388936032367,1483000,-0.010199221425422067,30.672562462942942,31.281768163045246,-0.017811151083240384,30.92960548400879,30.81507873535156,30.74394416809082,30.719402313232425
2021-01-04,30.719402313232425,31.21230468277794,30.45845367463696,31.18330977513254,2286100,0.014720289205849335,30.77372332981655,31.26027588617234,0.011214717971369081,30.37871360778809,30.92960548400879,30.81507873535156,31.51673889160156
2021-01-05,31.51673889160156,31.95165415540423,31.067328940934416,31.08907373633737,3579100,0.01595755421832723,30.859734671456472,31.275735764276412,0.025955471732133306,30.719402313232425,30.37871360778809,30.92960548400879,33.009944915771484
2021-01-06,33.009944915771484,33.328880579774214,32.62576933208155,32.799735999332555,4041100,-0.009519327311145798,31.159061159406388,31.294553847539994,0.047378189390268055,31.51673889160156,30.719402313232425,30.37871360778809,33.48110580444336
2021-01-07,33.48110580444336,33.56809053651939,32.93746367194907,32.99545349333309,2649100,0.009610815812592932,31.550084250313894,31.382891700381325,0.014273301269484007,33.009944915771484,31.51673889160156,30.719402313232425,33.27089309692383
2021-01-08,33.27089309692383,33.408614748070896,32.94470732830568,33.31438268933535,1893000,0.0028556359413016708,31.900914873395646,31.455800283522834,-0.0062785473319592056,33.48110580444336,33.009944915771484,31.51673889160156,32.7707405090332
2021-01-11,32.7707405090332,32.922959611969475,32.13286919241275,32.18360889339151,1932000,-0.016611184484012442,32.163934162684846,31.501504534766788,-0.015032737066407953,33.27089309692383,33.48110580444336,33.009944915771484,32.75624465942383
2021-01-12,32.75624465942383,32.93021133208233,32.488048688968995,32.69825761194197,2296800,0.012548165378880372,32.50358145577567,31.51501601082938,-0.00044234122830943967,32.7707405090332,33.27089309692383,33.48110580444336,33.04618835449219
2021-01-13,33.04618835449219,33.19840746562462,32.82873208643065,33.13317030869551,1916000,0.0038131965298682235,32.83597946166992,31.558593840826127,0.008851554812921547,32.75624465942383,32.7707405090332,33.27089309692383,33.29989242553711
2021-01-14,33.29989242553711,33.48110647332213,32.937464329967064,32.988204042138314,2390800,0.013295438956574035,33.09071568080357,31.649819964454288,0.007677256702751656,33.04618835449219,32.75624465942383,32.7707405090332,32.06038284301758
2021-01-15,32.06038284301758,32.68375949005486,31.879168830046574,32.66201469333239,2497800,-0.015932566094410516,32.95506395612444,31.65560059320359,-0.03722263023195149,33.29989242553711,33.04618835449219,32.75624465942383,32.60402297973633
2021-01-19,32.60402297973633,32.835976681597984,32.40831152533313,32.69825503521333,2156100,0.015238055428763886,32.82976640973772,31.712334950764973,0.016956757484171803,32.06038284301758,33.29989242553711,33.04618835449219,32.806983947753906
2021-01-20,32.806983947753906,32.93745825932018,32.57503023054863,32.7997366038253,1351300,0.013133299376087981,32.76349367414202,31.776363009498233,0.006225028369772678,32.60402297973633,32.06038284301758,33.29989242553711,32.03138732910156
2021-01-21,32.03138732910156,32.66926141687728,31.741446572917216,32.6475166205677,2238700,-0.00833339744777184,32.657871791294646,31.825814201718284,-0.02364120456447638,32.806983947753906,32.60402297973633,32.06038284301758,32.21260452270508
2021-01-22,32.21260452270508,32.26334422918039,31.50224586694405,31.661715095927395,2506100,0.004668658715248908,32.580208914620535,31.918784277779714,0.005657488130052846,32.03138732910156,32.806983947753906,32.60402297973633,31.473241806030277
2021-01-25,31.473241806030277,31.473241806030277,30.84261794815593,31.17605099805677,2392200,-0.0032528844400325774,32.35550226484026,31.988401685442245,-0.022952590379758386,32.21260452270508,32.03138732910156,32.806983947753906,31.57473564147949
2021-01-26,31.57473564147949,31.980653325479228,31.444261310163338,31.82118684895369,2761100,-0.004195786969798054,32.10905129568918,32.01983388264974,0.003224765852679612,31.473241806030277,32.21260452270508,32.03138732910156,31.13980865478516
2021-01-27,31.13980865478516,31.66895312749852,30.625161631816702,31.067324171166373,1853300,-0.016853962844257775,31.977540697370255,32.03055527096703,-0.013774525039030538,31.57473564147949,31.473241806030277,32.21260452270508,31.53123664855957
2021-01-28,31.53123664855957,31.82118016056584,31.371767440445492,31.429757248889253,1632900,0.000476233619069788,31.82428550720215,32.06804538908459,0.012570019235306429,31.13980865478516,31.57473564147949,31.473241806030277,30.50194549560547
2021-01-29,30.50194549560547,31.27754128818352,30.32797881792235,31.241296271715743,2004300,-0.04616851436249991,31.49499429975237,32.053134282430015,-0.03264353899044181,31.53123664855957,31.13980865478516,31.57473564147949,30.516435623168945
2021-02-01,30.516435623168945,30.668657480306,30.197499987708028,30.596170223310708,2620000,0.028443032284760195,31.278572627476283,32.033459527151926,0.00047505584735785256,30.50194549560547,31.53123664855957,31.13980865478516,30.465696334838867
2021-02-02,30.465696334838867,30.6686578920444,30.07427620223381,30.596170634075936,4347600,0.018437669180727978,31.029014314923966,32.03760156177339,-0.0016626872468538112,30.516435623168945,30.50194549560547,31.53123664855957,30.7701416015625
2021-02-03,30.7701416015625,30.87886835609766,30.132267467551365,30.132267467551365,4207400,0.006193479311878969,30.928571428571427,32.04001771836054,0.009993051311795842,30.465696334838867,30.516435623168945,30.50194549560547,30.516435623168945
2021-02-04,30.516435623168945,30.55992797736612,30.081523141621684,30.545430525967063,2333500,-0.002367537827240085,30.777385711669922,31.992384229387557,-0.00824520022295483,30.7701416015625,30.465696334838867,30.516435623168945,30.675905227661133
2021-02-05,30.675905227661133,30.755639828853536,30.31347723322742,30.654160432829084,2869900,0.01328912960099271,30.711113793509348,31.88123948233468,0.0052256956369804985,30.516435623168945,30.7701416015625,30.465696334838867,31.538482666015625
2021-02-08,31.538482666015625,31.66170962122436,30.748389532379846,30.791881886884013,3646600,0.0018735064788357736,30.712148938860214,31.788733618600027,0.02811905408994053,30.675905227661133,30.516435623168945,30.7701416015625,30.5816707611084
2021-02-09,30.5816707611084,31.02383332183522,30.081521163704227,31.02383332183522,3730200,0.013557770881500897,30.72353826250349,31.660675412132626,-0.030337918124965557,31.538482666015625,30.675905227661133,30.516435623168945,30.69040298461914
2021-02-10,30.69040298461914,30.777384929918973,30.14676098755936,30.24824038459353,3881900,-0.004151274559807905,30.748390742710658,31.56161172049386,0.003555470345623535,30.5816707611084,31.538482666015625,30.675905227661133,30.545434951782227
2021-02-11,30.545434951782227,30.56717974947842,30.204751707307096,30.34247613300037,3347600,-0.003705458804266204,30.759781973702566,31.456335067749023,-0.004723562375820389,30.69040298461914,30.5816707611084,31.538482666015625,31.00209617614746
2021-02-12,31.00209617614746,31.02384097462712,30.327979772211997,30.371472134277923,1810600,0.011157621837583509,30.792918341500418,31.358997344970703,0.014950228244780206,30.545434951782227,30.69040298461914,30.5816707611084,32.00239944458008
2021-02-16,32.00239944458008,32.176363368402285,31.683460975728167,31.72695333923708,1869800,0.005976965330447115,31.005198887416295,31.29721196492513,0.03226566561012856,31.00209617614746,30.545434951782227,30.69040298461914,32.65476608276367
2021-02-17,32.65476608276367,32.71275589682641,31.879170292866977,32.15461637945193,2623400,0.00411332892093208,31.287893295288086,31.325515928722563,0.020384928927386303,32.00239944458008,31.00209617614746,30.545434951782227,31.929903030395508
2021-02-18,31.929903030395508,32.538782119661946,31.879163336715465,32.4010604889741,2650600,-0.005461907024226331,31.3438104901995,31.29341497875395,-0.022197772004582617,32.65476608276367,32.00239944458008,31.00209617614746,32.596778869628906
2021-02-19,32.596778869628906,32.604026213796985,32.074881606118986,32.13287141988965,2395900,0.00915317214896505,31.631683077130997,31.28340521312895,0.020885620560719298,31.929903030395508,32.65476608276367,32.00239944458008,33.01719284057617
2021-02-22,33.01719284057617,33.4738529306779,32.93021088797322,32.944708340924784,3332100,0.0036282538455867375,31.964081627982004,31.33034833272298,0.012897408441144398,32.596778869628906,31.929903030395508,32.65476608276367,34.16971969604492
2021-02-23,34.16971969604492,34.17696980626516,33.18391485421525,33.85078397402639,2947100,-0.01536380362882761,32.4818365914481,31.423544293358212,0.03490686991573555,33.01719284057617,32.596778869628906,31.929903030395508,34.546634674072266
2021-02-24,34.546634674072266,34.55388201696919,33.74929423032147,33.82177871971481,2456700,0.015144565539738197,32.98819923400879,31.569896334693546,0.01103067222617482,34.16971969604492,33.01719284057617,32.596778869628906,34.65536117553711
2021-02-25,34.65536117553711,35.47444634223283,34.4886446522688,35.12651584605039,3168900,-0.041139212768947386,33.367193767002654,31.71659278869629,0.003147238580273104,34.546634674072266,34.16971969604492,33.01719284057617,33.633323669433594
2021-02-26,33.633323669433594,33.98125426069037,33.430362084037235,33.945012009225266,2521800,-0.010372501575076742,33.506987707955496,31.835331598917644,-0.029491468893562245,34.65536117553711,34.546634674072266,34.16971969604492,33.88700866699219
2021-03-01,33.88700866699219,34.11171496054283,33.647804925621635,33.87976132563495,2326800,0.020009616504089056,33.78657422746931,31.947511218843005,0.007542668100600114,33.633323669433594,34.65536117553711,34.546634674072266,34.03923034667969
2021-03-02,34.03923034667969,34.31467634629079,33.91600617836499,33.93050362730301,2092500,0.00607198129475095,33.99263872419085,32.11595335460844,0.004492036496445584,33.88700866699219,33.633323669433594,34.65536117553711,34.46690368652344
2021-03-03,34.46690368652344,34.69161005134676,34.07548076654978,34.07548076654978,2037500,-0.010677884909743751,34.19974027361189,32.304070881434846,0.012564130724696865,34.03923034667969,33.88700866699219,33.633323669433594,35.02504348754883
2021-03-04,35.02504348754883,35.67016491807871,34.611875767656514,34.901819288506644,3230000,-0.0234631885917308,34.32192938668387,32.521182650611514,0.01619349988910157,34.46690368652344,34.03923034667969,33.88700866699219,35.66291427612305
2021-03-05,35.66291427612305,35.96735245626446,35.35847333087555,35.69915652160092,5554300,0.01489670308023805,34.481397901262554,32.75417182559059,0.018211848582029067,35.02504348754883,34.46690368652344,34.03923034667969,35.20625686645508
2021-03-08,35.20625686645508,35.46720547752678,34.76409424937316,35.126522261393575,3211900,-0.017519013238398995,34.56009728567941,32.97749664669945,-0.012804825935767927,35.66291427612305,35.02504348754883,34.46690368652344,34.974300384521484
2021-03-09,34.974300384521484,35.24249631790366,34.6263698524053,35.162761719169644,1832900,0.011566286931931513,34.75166538783482,33.182182130359465,-0.006588501663595037,35.20625686645508,35.66291427612305,35.02504348754883,35.96010208129883
2021-03-10,35.96010208129883,35.98184687373096,35.307730657276366,35.503442084483105,1483100,0.01810387590588669,35.04782158987863,33.39273543584915,0.028186459369852868,34.974300384521484,35.20625686645508,35.66291427612305,35.974609375
2021-03-11,35.974609375,36.24280536043739,35.684665826073854,35.87312996240783,1468900,0.02012169485878057,35.3243043082101,33.64954203651065,0.00040342748939847795,35.96010208129883,34.974300384521484,35.20625686645508,36.43125915527344
2021-03-12,36.43125915527344,36.53998865478557,36.06158383412305,36.24279782323925,1328800,-0.01009177781884718,35.604926518031526,33.92291613987514,0.012693668901677668,35.974609375,35.96010208129883,34.974300384521484,35.69192123413086
2021-03-15,35.69192123413086,36.16307611469631,35.48895961370992,36.06884403254041,2393700,0.004633945367703118,35.700194767543245,34.16798691522507,-0.020294053466322737,36.43125915527344,35.974609375,35.96010208129883,35.256988525390625
2021-03-16,35.256988525390625,35.36571801023987,34.829323458145645,35.322225663279035,1293300,-0.0036899781537724774,35.64220537458147,34.370600836617605,-0.012185746625606786,35.69192123413086,36.43125915527344,35.974609375,35.46720886230469
2021-03-17,35.46720886230469,35.575938382329824,34.89457188503787,34.9308141366774,1910100,0.005092461897775458,35.67948423113142,34.53559176127116,0.005962515396420454,35.256988525390625,35.69192123413086,36.43125915527344,34.24219512939453
2021-03-18,34.24219512939453,35.19175462191345,34.21320022875578,34.952553604408514,2638700,-0.01427905493265258,35.57489776611328,34.611183620634534,-0.03453933287127442,35.46720886230469,35.256988525390625,35.69192123413086,34.829341888427734
2021-03-19,34.829341888427734,35.00330860322155,34.075490732833096,34.24221010185126,2706500,0.003270926151778042,35.413360595703125,34.74925213768368,0.017146878487622974,34.24219512939453,35.46720886230469,35.256988525390625,34.53214263916016
2021-03-22,34.53214263916016,34.80033861010633,34.459658138398424,34.51764518598652,2972100,-0.000465709195816566,35.20729391915457,34.841412317185174,-0.008533013636020437,34.829341888427734,34.24219512939453,35.46720886230469,33.680912017822266
2021-03-23,33.680912017822266,34.20418152105279,33.53351140540206,33.688280783298495,2728400,-0.025163091537865,34.81438718523298,34.873017992292134,-0.024650385301391187,34.53214263916016,34.829341888427734,34.24219512939453,34.33683395385742
2021-03-24,34.33683395385742,34.616894772389884,33.902003792753945,33.909372556548284,2125600,-0.009082124600186647,34.62080328805106,34.88097581409273,0.019474589514917984,33.680912017822266,34.53214263916016,34.829341888427734,33.680912017822266
2021-03-25,33.680912017822266,33.850421738104004,33.08394080266522,33.504030720631455,2721400,0.0,34.39564950125558,34.83975092569987,-0.019102574713690812,34.33683395385742,33.680912017822266,34.53214263916016,34.40316390991211
2021-03-26,34.40316390991211,34.40316390991211,33.99781442878062,34.15258377061465,1409400,0.015918857783129958,34.24364307948521,34.82774153209868,0.021443952934162347,33.680912017822266,34.33683395385742,33.680912017822266,34.64637756347656
2021-03-29,34.64637756347656,34.83799918655212,34.1968098108849,34.33683883433811,1565900,-0.0014244282154949328,34.30138342721121,34.87598219371977,0.0070695141354246704,34.40316390991211,33.680912017822266,34.33683395385742,34.697967529296875
2021-03-30,34.697967529296875,34.882217562112345,34.49897715648429,34.56530728075515,1224900,0.001426460105517613,34.282615661621094,34.91459928240095,0.0014890435724714823,34.64637756347656,34.40316390991211,33.680912017822266,34.29998779296875
2021-03-31,34.29998779296875,34.572677062358615,34.263138347607814,34.263138347607814,2247200,-0.0018993050651776588,34.24945068359375,34.927016303652806,-0.011469828484682698,34.697967529296875,34.64637756347656,34.40316390991211,34.182064056396484
2021-04-01,34.182064056396484,34.299983955217144,33.91674358119195,34.299983955217144,2402600,0.0161751180379599,34.3210438319615,34.913452511742,-0.0034380110361567073,34.29998779296875,34.697967529296875,34.64637756347656,33.92411422729492
2021-04-05,33.92411422729492,34.31472619810181,33.74723577496513,34.30735462258589,1523000,0.004213465774592917,34.262083871024,34.86102730887277,-0.007546350292831239,34.182064056396484,34.29998779296875,34.697967529296875,33.916748046875
2021-04-06,33.916748046875,34.21154642702551,33.673536642104125,34.04940830194411,2267800,0.003729544272097929,34.29577473231724,34.77787653605143,-0.0002171370008533513,33.92411422729492,34.182064056396484,34.29998779296875,34.12311172485352
2021-04-07,34.12311172485352,34.410541378522844,33.887271864846234,34.11574295923018,2349400,-0.007431471868231898,34.25576727730887,34.72629819597517,0.00608441816689842,33.916748046875,33.92411422729492,34.182064056396484,33.607208251953125
2021-04-08,33.607208251953125,33.69565030085972,33.25344849062477,33.592470721901364,2041700,0.004679382770120588,34.10731451851981,34.66119857061477,-0.01511888707748299,34.12311172485352,33.916748046875,33.92411422729492,33.15763854980469
2021-04-09,33.15763854980469,33.31977667378987,33.03971863625523,33.27555846335414,2301700,-0.0023287444488018227,33.887267521449495,34.5277479262579,-0.013377180835076108,33.607208251953125,34.12311172485352,33.916748046875,33.11341094970703
2021-04-12,33.11341094970703,33.356619493085844,32.88493993259074,33.23133083983081,3269600,-0.0056023506717020055,33.71775654384068,34.391500382196334,-0.0013338585626724297,33.15763854980469,33.607208251953125,34.12311172485352,33.26818084716797
2021-04-13,33.26818084716797,33.40084107725443,33.22396264476048,33.356620063414944,2486300,0.0037559092128052196,33.58720179966518,34.240877605619886,0.004673934005047231,33.11341094970703,33.15763854980469,33.607208251953125,33.55561065673828
2021-04-14,33.55561065673828,33.90937033577475,33.32714244545774,33.32714244545774,1884200,0.005612732890596828,33.5345584324428,34.13914853050595,0.0086397813842225,33.26818084716797,33.11341094970703,33.15763854980469,33.5261344909668
2021-04-15,33.5261344909668,33.75460271382477,33.356622000454415,33.74723395013961,1548000,0.011627970352342087,33.47875649588449,34.056726909819105,-0.0008784273388141584,33.55561065673828,33.26818084716797,33.11341094970703,33.430328369140625
2021-04-16,33.430328369140625,33.65879662394607,33.3639982409704,33.60720683663951,1657000,0.0,33.37978744506836,33.95973260062082,-0.0028576548797173418,33.5261344909668,33.55561065673828,33.26818084716797,33.84303665161133
2021-04-19,33.84303665161133,33.91673833411735,33.5777190288848,33.77670935450349,1505900,-0.0018391491425060469,33.4134772164481,33.94072505405971,0.01234532541569866,33.430328369140625,33.5261344909668,33.55561065673828,32.958648681640625
2021-04-20,32.958648681640625,33.41558800232925,32.59751735934261,33.41558800232925,2330700,-0.003684977550970303,33.38505009242466,33.851644425165084,-0.026132051301271053,33.84303665161133,33.430328369140625,33.5261344909668,33.017601013183594
2021-04-21,33.017601013183594,33.07656236548431,32.69332200982576,32.75965212544804,2172100,0.004160969626192834,33.3713629586356,33.77952339535668,0.0017886756253999714,32.958648681640625,33.84303665161133,33.430328369140625,32.472225189208984
2021-04-22,32.472225189208984,32.78913545488957,32.42800417140509,32.62699453437422,2757900,0.000920795680470432,33.257655007498606,33.721966879708425,-0.016517730157222688,33.017601013183594,32.958648681640625,33.84303665161133,32.77439498901367
2021-04-23,32.77439498901367,32.83335353442552,32.50907450607977,32.6269944083357,1334500,0.0022999204906470894,33.14605276925223,33.647565024239675,0.009305484858028956,32.472225189208984,33.017601013183594,32.958648681640625,32.81861114501953
2021-04-26,32.81861114501953,32.95864295306025,32.66384181012069,32.774392941581034,1998700,0.011473214971029932,33.04497800554548,33.60650307791574,0.0013491067042024074,32.77439498901367,32.472225189208984,33.017601013183594,32.95127868652344
2021-04-27,32.95127868652344,33.010240052761326,32.71543884443726,32.81124965885748,1680600,-0.0009075232108147757,32.97654233660017,33.5373656863258,0.00404244838142831,32.81861114501953,32.77439498901367,32.472225189208984,33.80620574951172
2021-04-28,33.80620574951172,33.924125694736404,33.091317311589115,33.1060548447381,2388200,0.003178926181860664,32.97128077915737,33.497357504708425,0.02594518625882447,32.95127868652344,32.81861114501953,32.77439498901367,33.30503463745117
2021-04-29,33.30503463745117,33.680906275612514,32.951274914814384,33.65879436008797,2653400,-0.006790343385764119,33.0207644871303,33.43102736700149,-0.014824825825589305,33.80620574951172,32.95127868652344,32.81861114501953,32.634361267089844
2021-04-30,32.634361267089844,32.958643087936835,32.50170103336736,32.92916241123583,2795200,-0.013673631876934156,32.96601595197405,33.351711818150115,-0.020137296888055545,33.30503463745117,33.80620574951172,32.95127868652344,33.37136459350586
2021-05-03,33.37136459350586,33.39347650891932,32.86283552191383,32.95127474927063,2176800,0.00785574648002707,33.094464438302175,33.31310708182199,0.022583660221940693,32.634361267089844,33.30503463745117,33.80620574951172,33.45981216430664
2021-05-04,33.45981216430664,33.71039235944037,33.13553025799663,33.59247243299114,2367000,-0.008711510736970962,33.19238117762974,33.29099745977493,0.0026504031788376903,33.37136459350586,32.634361267089844,33.30503463745117,34.60215377807617
2021-05-05,34.60215377807617,34.63900321921444,34.11573384532747,34.21891340508747,2052600,0.012488286534163118,33.44717298235212,33.32363582792736,0.03414070611514464,33.45981216430664,33.37136459350586,32.634361267089844,35.08857727050781
2021-05-06,35.08857727050781,35.08857727050781,34.44001635723664,34.65374707352625,1485800,0.009593513248773666,33.75250135149275,33.36961037772043,0.01405760738338313,34.60215377807617,33.45981216430664,33.37136459350586,35.30230712890625
2021-05-07,35.30230712890625,35.30967589312952,34.469496200058074,34.528454748141364,1987100,0.018099548819990652,33.96623011997768,33.45032937186105,0.006091152022230206,35.08857727050781,34.60215377807617,33.45981216430664,34.83799743652344
2021-05-10,34.83799743652344,35.493927120357135,34.83799743652344,35.39074754916071,2077400,-0.008444452146068593,34.18522480555943,33.5303464617048,-0.0131523894652944,35.30230712890625,35.08857727050781,34.60215377807617,34.314727783203125
2021-05-11,34.314727783203125,34.904327337258344,34.314727783203125,34.506346583983905,2014800,-0.010757432292733515,34.42527716500418,33.587552025204616,-0.015020084155920155,34.83799743652344,35.30230712890625,35.08857727050781,34.45476150512695
2021-05-12,34.45476150512695,35.206502093519845,34.32947281277789,34.32947281277789,2364900,-0.012233847425164535,34.58004815237863,33.6440558660598,0.004080863552482272,34.314727783203125,34.83799743652344,35.30230712890625,34.60215377807617
2021-05-13,34.60215377807617,34.77903222011271,34.21891340508747,34.35157364233095,2171500,-0.02110087448261544,34.74323981148856,33.69389125279018,0.0042778491712178734,34.45476150512695,34.314727783203125,34.83799743652344,35.91402053833008
2021-05-14,35.91402053833008,35.93612964536709,35.29494023839914,35.302311815033306,1928400,0.021555719003695017,34.93064934866769,33.80760011218843,0.037912864287803494,34.60215377807617,34.45476150512695,34.314727783203125,35.89927291870117
2021-05-17,35.89927291870117,35.95086269895065,35.27282398056765,35.29493308312252,2154600,0.012385368129161245,35.04646301269531,33.92516890026274,-0.00041063683229691783,35.91402053833008,34.60215377807617,34.45476150512695,35.40549087524414
2021-05-18,35.40549087524414,36.10564163924749,35.40549087524414,36.01719958953593,1529600,0.004984110005869402,35.06120354788644,33.99957148234049,-0.013754653042006404,35.89927291870117,35.91402053833008,34.60215377807617,34.46949768066406
2021-05-19,34.46949768066406,34.80114831360443,34.23365785533591,34.69796874145242,1563200,-0.013976572735457715,35.00856072562082,34.07151667277018,-0.026436385188901124,35.40549087524414,35.89927291870117,35.91402053833008,34.742191314697266
2021-05-20,34.742191314697266,34.874851584533715,34.29999228953099,34.506351459750874,1647800,0.0059442672702021415,35.06962694440569,34.15364002046131,0.00791115775923168,34.46949768066406,35.40549087524414,35.89927291870117,34.860111236572266
2021-05-21,34.860111236572266,35.073841983655875,34.77167199383978,34.90433226365493,1421900,0.0027272291473887655,35.12753404889788,34.26734887985956,0.0033941417456047063,34.742191314697266,34.46949768066406,35.40549087524414,35.30230712890625
2021-05-24,35.30230712890625,35.324416233008435,34.808515582975964,34.985396850090545,1436500,0.005439719776635599,35.22755595615932,34.38772564842587,0.012684867507538833,34.860111236572266,34.742191314697266,34.46949768066406,34.55793380737305
2021-05-25,34.55793380737305,35.21386343834811,34.52845312899766,35.1622736569073,1701700,-0.0022542952210343747,35.03382928030832,34.470550537109375,-0.02108568481983708,35.30230712890625,34.860111236572266,34.742191314697266,34.543209075927734
2021-05-26,34.543209075927734,34.75693987357145,34.35159020277257,34.46213857948126,1311400,0.01174876269401759,34.840105874197825,34.54635674612863,-0.0004260883051454556,34.55793380737305,35.30230712890625,34.860111236572266,34.388431549072266
2021-05-27,34.388431549072266,34.5137230535047,34.152591694010695,34.35158209886255,1868700,0.0,34.6948116847447,34.57408178420294,-0.004480693340194852,34.543209075927734,34.55793380737305,35.30230712890625,34.41054153442383
2021-05-28,34.41054153442383,34.4621313283196,34.137852222198624,34.137852222198624,1541000,0.008485843541968352,34.68638937813895,34.626724969773065,0.000642948350814132,34.388431549072266,34.543209075927734,34.55793380737305,35.19912338256836
2021-06-01,35.19912338256836,35.24334440048749,34.92643413398104,34.94854323722448,2327000,0.013728981945899443,34.75166538783482,34.74885649908157,0.0229168682903651,34.41054153442383,34.388431549072266,34.543209075927734,35.832942962646484
2021-06-02,35.832942962646484,35.92875375987382,35.390744040943986,35.56762248505211,1860900,0.003931925188521701,34.890641348702566,34.866074516659694,0.018006686507199055,35.19912338256836,34.41054153442383,34.388431549072266,35.818206787109375
2021-06-03,35.818206787109375,35.91401759547341,35.5823669599306,35.64869708703916,1495900,-0.015665731953066198,34.96434129987444,34.97837902250744,-0.00041124658815971937,35.832942962646484,35.19912338256836,34.41054153442383,35.79609298706055
2021-06-04,35.79609298706055,35.89190378285856,35.51603217472982,35.80346456212385,1236800,0.014146640435450664,35.14122118268694,35.035233270554315,-0.0006173899263094418,35.818206787109375,35.832942962646484,35.19912338256836,35.51603317260742
2021-06-07,35.51603317260742,35.69291443047872,35.45707462760514,35.58236329288013,935200,-0.00305143651098827,35.280196053641184,35.05558831351144,-0.00782375368603383,35.79609298706055,35.818206787109375,35.832942962646484,35.64868927001953
2021-06-08,35.64868927001953,35.77398073216522,35.04434949396404,35.2138591568643,1170900,-0.0065587530702087005,35.46023287091936,35.072082701183504,0.0037351045587608045,35.51603317260742,35.79609298706055,35.818206787109375,35.81083679199219
2021-06-09,35.81083679199219,35.98034648623777,35.619217993280955,35.855057812355895,3622300,-0.0074824157462788365,35.66027505057199,35.118408384777254,0.004548484819300924,35.64868927001953,35.51603317260742,35.79609298706055,35.597110748291016
2021-06-10,35.597110748291016,36.1203802398103,35.479190823280575,35.92876141595563,3216400,0.007095230721132051,35.71713038853237,35.179474240257626,-0.005968194626185475,35.81083679199219,35.64868927001953,35.51603317260742,36.10564422607422
2021-06-11,36.10564422607422,36.48151312426343,35.77399354447616,36.48151312426343,805000,-0.0022015915592178414,35.75608771187918,35.25808770315988,0.014285807670714412,35.597110748291016,35.81083679199219,35.64868927001953,36.37833404541016
2021-06-14,36.37833404541016,36.79105240033792,36.20145274227473,36.34148459392488,1093700,0.0026478895487247467,35.83610589163644,35.342667715890066,0.007552553767729675,36.10564422607422,35.597110748291016,35.81083679199219,36.805789947509766
2021-06-15,36.805789947509766,36.805789947509766,36.17934088554537,36.22356191082851,2241100,-0.011883847805876369,35.98034831455776,35.385132925851,0.011750288002909004,36.37833404541016,36.10564422607422,35.597110748291016,36.45203399658203
2021-06-16,36.45203399658203,36.78368469235219,36.28989584309785,36.69524544395782,1599700,-0.008908734160096632,36.1140627179827,35.41145488194057,-0.009611421231068284,36.805789947509766,36.37833404541016,36.10564422607422,35.700286865234375
2021-06-17,35.700286865234375,36.51835749557263,35.37600780579694,36.37832847679039,1332400,-0.00853923839266535,36.121433803013396,35.42549278622582,-0.02062291315261433,36.45203399658203,36.805789947509766,36.37833404541016,34.211544036865234
2021-06-18,34.211544036865234,34.76429412389162,34.211544036865234,34.3884253017439,1450500,-0.016772509553288906,35.89296340942383,35.41320927937826,-0.04170114469917352,35.700286865234375,36.45203399658203,36.805789947509766,35.361270904541016
2021-06-21,35.361270904541016,35.486562406317766,34.68323203846894,34.68323203846894,1475500,0.005071528392455171,35.85927200317383,35.44268925984701,0.03360640099835521,34.211544036865234,35.700286865234375,36.45203399658203,35.2885627746582
2021-06-22,35.2885627746582,35.520919781475705,35.08618538017189,35.348524858606446,1977600,-0.003211104620575833,35.74254608154297,35.463091714041575,-0.0020561514906828338,35.361270904541016,34.211544036865234,35.700286865234375,35.11616134643555
2021-06-23,35.11616134643555,35.82822924733519,35.11616134643555,35.7157992793735,1249800,0.007363073954198329,35.56223569597517,35.45422762916202,-0.004885476048530513,35.2885627746582,35.361270904541016,34.211544036865234,36.05309295654297
2021-06-24,36.05309295654297,36.15053455200851,35.70830313786262,35.790753498696105,1346700,0.004568321103062267,35.45470755440848,35.52542568388439,0.02668092337497252,35.11616134643555,35.2885627746582,35.361270904541016,35.67082977294922
2021-06-25,35.67082977294922,35.97814296305387,35.610864828886896,35.97064877468903,1567900,0.0,35.34310695103237,35.579121907552086,-0.010602784733462878,36.05309295654297,35.11616134643555,35.2885627746582,34.62146759033203
2021-06-28,34.62146759033203,35.003736976681246,34.58399092835109,35.003736976681246,2427500,-0.005456939474885125,35.1889899117606,35.59021886189779,-0.029417935867950162,35.67082977294922,36.05309295654297,35.11616134643555,34.24669647216797
2021-06-29,34.24669647216797,34.80136081082112,34.23170523498425,34.65145129827005,1565400,-0.001828960350898523,35.19401168823242,35.58241671607608,-0.010824818941780445,34.62146759033203,35.67082977294922,36.05309295654297,33.92438888549805
2021-06-30,33.92438888549805,34.36662033404346,33.856929754049226,34.1492545631847,3062000,0.0013741848829122993,34.98874282836914,35.52171507335844,-0.00941134824294243,34.24669647216797,34.62146759033203,35.67082977294922,34.35163116455078
2021-07-01,34.35163116455078,34.733897661079205,34.321648693646566,34.72640347299605,1965300,-0.0032021936512843796,34.85489545549665,35.45117641630627,0.012593956533594852,33.92438888549805,34.24669647216797,34.62146759033203,34.33664321899414
2021-07-02,34.33664321899414,34.47905568050542,34.074300862375175,34.329146170906874,1311800,0.002753610704057996,34.743535723005024,35.38062577020554,-0.0004363095739134959,34.35163116455078,33.92438888549805,34.24669647216797,33.61707305908203
2021-07-06,33.61707305908203,34.14925188061148,33.35473360143667,34.14925188061148,2002500,-0.004119073730571632,34.3955328805106,35.27686291649228,-0.02095633388863305,34.33664321899414,34.35163116455078,33.92438888549805,33.15985107421875
2021-07-07,33.15985107421875,33.23480438307268,32.86752630740333,32.97995912996968,4490300,0.002757407116934063,34.03682163783482,35.164663768949964,-0.013600886194336859,33.61707305908203,34.33664321899414,34.35163116455078,32.837547302246094
2021-07-08,32.837547302246094,33.06241009222124,32.48526045373754,32.56771081056171,1820200,-0.008249278905772428,33.78197588239397,35.030799865722656,-0.00971969901949421,33.15985107421875,33.61707305908203,34.33664321899414,33.23481369018555
2021-07-09,33.23481369018555,33.339749495681566,32.979968365715386,33.12987788468952,1183200,0.012938893929798967,33.63742119925363,34.90813209896996,0.0120979311969589,32.837547302246094,33.15985107421875,33.61707305908203,33.317256927490234
2021-07-12,33.317256927490234,33.53462554044845,32.94997882768892,33.069905845306266,1140100,-0.003193331463898441,33.550688062395366,34.799567631312776,0.0024806288391812092,33.23481369018555,32.837547302246094,33.15985107421875,32.80757522583008
2021-07-13,32.80757522583008,33.12238265964952,32.717630653208296,33.0924030416332,2279700,-0.016933612248147822,33.330108642578125,34.64251672653925,-0.01529782907306565,33.317256927490234,33.23481369018555,32.837547302246094,32.62018585205078
2021-07-14,32.62018585205078,33.309765607080145,32.57521214048038,33.1373706683228,3398400,0.010707513609426123,33.084900447300505,34.46355728876023,-0.005711771518907005,32.80757522583008,33.317256927490234,33.23481369018555,32.35034942626953
2021-07-15,32.35034942626953,32.59020350366671,32.12548658612045,32.17045743857858,1311300,-0.0009212198532837501,32.90393992832729,34.25139345441546,-0.008272068927047127,32.62018585205078,32.80757522583008,33.317256927490234,31.84065818786621
2021-07-16,31.84065818786621,32.25290719680088,31.73572238842314,32.19294510824173,2568600,-0.01106492961007366,32.715483801705496,34.03180413019089,-0.0157553549634748,32.35034942626953,32.62018585205078,32.80757522583008,30.95619773864746
2021-07-19,30.95619773864746,31.21104306913445,30.67136993180052,31.076124784800967,2889800,-0.01165507416874445,32.44671957833426,33.805895124162944,-0.027777706227058996,31.84065818786621,32.35034942626953,32.62018585205078,30.926210403442383
2021-07-20,30.926210403442383,30.97868115847174,30.229136522952395,30.356557738533464,2536200,0.002358503365400111,32.11691910879953,33.649450665428525,-0.0009687021467640333,30.95619773864746,31.84065818786621,32.35034942626953,31.74321937561035
2021-07-21,31.74321937561035,31.84066099480586,31.37594404518215,31.37594404518215,1722400,0.014117623231800325,31.892056601388113,33.47716249738421,0.026418011179184964,30.926210403442383,30.95619773864746,31.84065818786621,31.66826629638672
2021-07-22,31.66826629638672,31.803184582723706,31.413420962115342,31.780699154762992,2451200,0.0,31.729298182896205,33.304767426990324,-0.0023612311762311045,31.74321937561035,30.926210403442383,30.95619773864746,31.503366470336918
2021-07-23,31.503366470336918,31.735726383559303,31.360953990205644,31.675761428165224,1273200,-0.0037123369432447983,31.569752556937082,33.13272957574753,-0.005207099893201783,31.66826629638672,31.74321937561035,30.926210403442383,32.44778823852539
2021-07-26,32.44778823852539,32.50775032305694,31.975574313463643,31.990565549418005,1577500,-0.0009314183916327989,31.583672387259348,32.96104839869908,0.029978439576536342,31.503366470336918,31.66826629638672,31.74321937561035,32.38032150268555
2021-07-27,32.38032150268555,32.57520180575781,32.11797922401742,32.25289745663869,2203500,-0.007459187871571293,31.66076714651925,32.80435752868652,-0.0020792398959180725,32.44778823852539,31.503366470336918,31.66826629638672,32.63516998291016
2021-07-28,32.63516998291016,32.7176203398592,32.32035978903975,32.42529556723471,1475100,0.004696965891130889,31.90062032427107,32.7097719283331,0.007870474053306653,32.38032150268555,32.44778823852539,31.503366470336918,33.36972427368164
2021-07-29,33.36972427368164,33.78947025812593,33.347238851772595,33.7070198987453,2176600,0.02010288104374336,32.24969373430525,32.6680113474528,0.022508057753525934,32.63516998291016,32.38032150268555,32.44778823852539,32.702632904052734
2021-07-30,32.702632904052734,33.00244903953282,32.54522635919341,32.96497238000854,2016400,-0.004124737095977271,32.38675280979702,32.6098324911935,-0.019990916441435358,33.36972427368164,32.63516998291016,32.38032150268555,32.66515350341797
2021-08-02,32.66515350341797,33.272282770907,32.47776736223531,33.0249345513744,2881100,0.0013806070062594156,32.52916526794434,32.52952403113956,-0.0011460667630257548,32.702632904052734,33.36972427368164,32.63516998291016,33.557106018066406
2021-08-03,33.557106018066406,33.662041785608544,32.92748855352837,33.35472866954148,1674100,0.0013787035584671425,32.8225566319057,32.49240321204776,0.027305933662767234,32.66515350341797,32.702632904052734,33.36972427368164,33.10737991333008
2021-08-04,33.10737991333008,33.6320616466101,33.07740030573426,33.30226308877272,1346000,0.0022946429942058977,32.91678401402065,32.468132109869096,-0.013401814342816287,33.557106018066406,32.66515350341797,32.702632904052734,33.1898307800293
2021-08-05,33.1898307800293,33.639559212335,33.137362891819784,33.54961181030258,1763500,-0.003663042970345365,33.03242819649832,32.46955971490769,0.0024904074836202827,33.10737991333008,33.557106018066406,32.66515350341797,33.43718719482422
2021-08-06,33.43718719482422,33.57959964855895,33.2572952212719,33.5046463274956,1200300,-0.0078124250358703184,33.14700208391462,32.49811399550665,0.007452777220658735,33.1898307800293,33.10737991333008,33.557106018066406,33.204833984375
2021-08-09,33.204833984375,33.35474351585412,33.01744778484773,33.219825223451565,1112600,-0.001389559387010575,33.12344632829939,32.49668639046805,-0.006948946067006023,33.43718719482422,33.1898307800293,33.10737991333008,33.13737106323242
2021-08-10,33.13737106323242,33.21232725007637,32.95748193337928,33.04742649830585,1510500,0.006957267104290121,33.18555177961077,32.48812039693197,-0.00203171987471229,33.204833984375,33.43718719482422,33.1898307800293,33.594600677490234
2021-08-11,33.594600677490234,33.77449270348127,33.45218818224212,33.647068589386215,1717300,0.00875183395078416,33.31832994733538,32.525597799391974,0.013798005079682651,33.13737106323242,33.204833984375,33.43718719482422,33.79696273803711
2021-08-12,33.79696273803711,33.924383934797724,33.587091186061755,33.811953971647554,2607700,-0.005479461916703787,33.35259519304548,32.58163479396275,0.0060236483383018236,33.594600677490234,33.13737106323242,33.204833984375,33.63956451416016
2021-08-13,33.63956451416016,33.789474015222154,33.46716958868893,33.61707623046502,1282300,0.0018365180072479337,33.42862156459263,32.64302598862421,-0.004657170678233791,33.79696273803711,33.594600677490234,33.13737106323242,33.257301330566406
2021-08-16,33.257301330566406,33.39221962069337,32.957485131951515,33.21233047338172,1479900,-0.002749824730651551,33.43826021466936,32.71048518589565,-0.01136349976923301,33.63956451416016,33.79696273803711,33.594600677490234,33.04742813110352
2021-08-17,33.04742813110352,33.42969469539298,32.7925828018151,32.98746317866562,1260900,-0.012867540867139038,33.38258034842355,32.81006758553641,-0.006310590188206011,33.257301330566406,33.63956451416016,33.79696273803711,32.59019470214844
2021-08-18,32.59019470214844,33.09239100683161,32.55271804879247,32.91999325468049,1181500,-0.004190026006271275,33.2947747366769,32.88930493309384,-0.013835673600413934,33.04742813110352,33.257301330566406,33.63956451416016,31.86314392089844
2021-08-19,31.86314392089844,32.05053009579249,31.6382810828828,32.0130534326709,1834600,-0.018232778421675033,33.11274228777204,32.89501562572661,-0.022308881180205575,32.59019470214844,33.04742813110352,33.257301330566406,32.0130500793457
2021-08-20,32.0130500793457,32.0130500793457,31.69824271095669,31.780693076759288,1144100,-0.0052380625306716055,32.88680648803711,32.91143390110561,0.004704688238530652,31.86314392089844,32.59019470214844,33.04742813110352,32.67265319824219
2021-08-23,32.67265319824219,32.76259776057084,32.35034875233792,32.35034875233792,1145800,0.01579693291441253,32.726190839494976,32.96711422148205,0.020604194766247863,32.0130500793457,31.86314392089844,32.59019470214844,32.867530822753906
2021-08-24,32.867530822753906,32.89751329412866,32.62767677032756,32.66515628918893,1128900,0.012723894589882434,32.615900312151226,32.98710196358817,0.005964548496545152,32.67265319824219,32.0130500793457,31.86314392089844,33.06241226196289
2021-08-25,33.06241226196289,33.18983346957289,32.59019837052588,32.70263120253468,2548300,0.005584002842613955,32.58805901663644,33.01958247593471,0.005929299656245224,32.867530822753906,32.67265319824219,32.0130500793457,32.66515350341797
2021-08-26,32.66515350341797,33.09988786413322,32.64266522216184,32.905007535388926,1205200,-0.004627512184733895,32.5334483555385,33.02101026262556,-0.012015419667425586,33.06241226196289,32.867530822753906,32.67265319824219,33.414703369140625
2021-08-27,33.414703369140625,33.48215964575363,32.837553619623286,32.837553619623286,1157400,0.013482134641273014,32.65123530796596,33.02315212431408,0.022946466963463807,32.66515350341797,33.06241226196289,32.867530822753906,33.302268981933594
2021-08-30,33.302268981933594,33.52713180476372,33.264792321342895,33.444681435892626,858300,-0.00045875715513099546,32.856824602399556,33.05170622326079,-0.0033648177559723047,33.414703369140625,32.66515350341797,33.06241226196289,33.19733810424805
2021-08-31,33.19733810424805,33.23481477038809,32.86753657992844,33.04742858040153,2370500,0.006425059050292781,33.02600860595703,33.07704834710984,-0.003150862715764813,33.302268981933594,33.414703369140625,32.66515350341797,33.002445220947266
2021-09-01,33.002445220947266,33.18983135617279,32.83005031965405,33.18233716884939,1448400,0.006383944055237567,33.07312175205776,33.050635928199405,-0.005870738270905007,33.19733810424805,33.302268981933594,33.414703369140625,33.47465896606445
2021-09-02,33.47465896606445,33.6170713989985,33.18983124091087,33.21981370867135,1604500,-0.010874509591918713,33.15985434395926,33.06812540690104,0.014308447206132113,33.002445220947266,33.19733810424805,33.302268981933594,33.317256927490234
2021-09-03,33.317256927490234,33.38471605360535,33.07740289225553,33.32475111515385,1492300,0.0036646231522434736,33.19626072474888,33.0741933186849,-0.004702125232516563,33.47465896606445,33.002445220947266,33.19733810424805,33.37721633911133
2021-09-07,33.37721633911133,33.66953824248558,33.257289331078674,33.407198805940844,1608200,-0.004107696685078488,33.29798398699079,33.07133756365095,0.0017996503058936852,33.317256927490234,33.47465896606445,33.002445220947266,32.88251495361328
2021-09-08,32.88251495361328,33.354728768235354,32.83754411555371,33.287269651860775,1650300,-0.019248382542196296,33.22195707048689,33.05598903837658,-0.014821529167438618,33.37721633911133,33.317256927490234,33.47465896606445,32.54523086547852
2021-09-09,32.54523086547852,32.90501485272846,32.40281839585316,32.6276812434197,1779600,0.0004673320556534133,33.11380876813617,33.027791886102584,-0.010257247312456474,32.88251495361328,33.37721633911133,33.317256927490234,32.46278381347656
2021-09-10,32.46278381347656,32.627681712443106,32.387827623686064,32.5602225712748,1606300,-0.0023353697662160666,33.00887244088309,32.973895844959074,-0.0025333067183559432,32.54523086547852,32.88251495361328,33.37721633911133,33.512142181396484
2021-09-13,33.512142181396484,33.57210712865608,33.13736983888222,33.17484650127644,2394100,0.01029956083880701,33.081686292375835,32.960332961309526,0.032324965534357375,32.46278381347656,32.54523086547852,32.88251495361328,33.47465896606445
2021-09-14,33.47465896606445,34.11926772648732,33.39970565594875,34.05180860366899,2863000,-0.0027802092541870937,33.081686292375835,32.95248031616211,-0.0011184965475838915,33.512142181396484,32.46278381347656,32.54523086547852,34.44157791137695
2021-09-15,34.44157791137695,34.53901951837828,34.05930853121804,34.134264713252136,2743300,-0.0009295511324406425,33.24230357578823,33.00887443905785,0.02888510219903151,33.47465896606445,33.512142181396484,32.46278381347656,34.561500549316406
2021-09-16,34.561500549316406,34.726401269540524,34.20171949915203,34.68142756603787,2385400,-0.013023247517511605,33.41148703438895,33.08097312563942,0.0034819147440929843,34.44157791137695,33.47465896606445,33.512142181396484,33.98429489135742
2021-09-17,33.98429489135742,34.342667343523445,33.694546889421524,34.22829229024709,2128800,-0.013195090446411095,33.5688841683524,33.147358848935085,-0.016700827475223723,34.561500549316406,34.44157791137695,33.47465896606445,33.5191764831543
2021-09-20,33.5191764831543,33.5191764831543,32.94730699075375,33.18368076140363,2199600,-0.021489986360877622,33.7080192565918,33.226217542375835,-0.013686275077650967,33.98429489135742,34.561500549316406,34.44157791137695,34.01479721069336
2021-09-21,34.01479721069336,34.29691867368462,33.8394242521486,34.18254652263992,2420000,-0.002928211252957502,33.929735456194194,33.32153883434477,0.014786184493170484,33.5191764831543,33.98429489135742,34.561500549316406,34.75440979003906
2021-09-22,34.75440979003906,35.379653411732185,34.74678323612584,35.07465524612078,3490200,0.017621177992679815,34.10720225742885,33.42067010062082,0.02174384797194051,34.01479721069336,33.5191764831543,33.98429489135742,35.631282806396484
2021-09-23,35.631282806396484,35.71515746710069,35.06703984858798,35.150911600613426,2679200,-0.0009618831511808423,34.41529137747629,33.55227733793713,0.025230554098166325,34.75440979003906,34.01479721069336,33.5191764831543,35.53215408325195
2021-09-24,35.53215408325195,35.692279740238384,35.16615798340008,35.227158787714615,2139800,0.004333051992520653,34.571087973458425,33.669884091331845,-0.002782070005257764,35.631282806396484,34.75440979003906,34.01479721069336,36.63015365600586
2021-09-27,36.63015365600586,36.79027644087799,36.52340513275777,36.52340513275777,3173400,-0.0023969448043913433,34.86660984584263,33.85869362240746,0.03090157636323676,35.53215408325195,35.631282806396484,34.75440979003906,36.90464782714844
2021-09-28,36.90464782714844,37.415516539756645,36.75977235265808,37.3392684332619,4697800,-0.011052356278773878,35.28380312238421,34.024881453741166,0.007493666931358112,36.63015365600586,35.53215408325195,35.631282806396484,36.34039688110352
2021-09-29,36.34039688110352,36.47764578059471,36.00490118716861,36.29464627838031,6670300,-0.008260470628695615,35.68683460780552,34.169554210844495,-0.015289427735165395,36.90464782714844,36.63015365600586,35.53215408325195,36.54627227783203
2021-09-30,36.54627227783203,36.69114483155432,36.08877785968271,36.50052167254567,3616800,0.017638549306827844,36.04847390311105,34.32902726672945,0.00566519395487286,36.34039688110352,36.90464782714844,36.63015365600586,36.63776779174805
2021-10-01,36.63776779174805,36.88176518401767,36.23364765617868,36.370896552915134,2575300,0.00048130205129859327,36.31752504621233,34.50213786533901,0.0025035525708463346,36.54627227783203,36.34039688110352,36.90464782714844,37.11051559448242
2021-10-04,37.11051559448242,37.65951122904561,37.03426749353913,37.25539105842471,4814800,0.000962448611990574,36.528844015938894,34.67527389526367,0.012903291636693348,36.63776779174805,36.54627227783203,36.34039688110352,38.20087432861328
2021-10-05,38.20087432861328,38.45249825796019,37.71287957813484,37.89587906390333,4196000,0.003846092781303323,36.910089765276226,34.90782710484096,0.029381395452586334,37.11051559448242,36.63776779174805,36.54627227783203,37.91113662719727
2021-10-06,37.91113662719727,38.01788513601419,37.22489205811882,37.5985147476568,2687800,0.0,37.093087332589285,35.123728070940295,-0.007584582984243027,38.20087432861328,37.11051559448242,36.63776779174805,37.83488082885742
2021-10-07,37.83488082885742,38.00263012645277,37.423137048171725,37.5146353429154,2895700,0.009578698683483822,37.225977761404856,35.359555017380494,-0.002011435296433328,37.91113662719727,38.20087432861328,37.11051559448242,38.21613311767578
2021-10-08,38.21613311767578,38.4982575095079,38.07888419967064,38.18563562042482,1593000,0.005218183523521658,37.49394008091518,35.629597981770836,0.01007674083983301,37.83488082885742,37.91113662719727,38.20087432861328,38.582122802734375
2021-10-11,38.582122802734375,39.13111838283294,38.57449915686781,38.87187079319509,2157700,-0.0018877533322241291,37.78477587018694,35.9209950764974,0.00957683719416691,38.21613311767578,37.83488082885742,37.91113662719727,38.36100006103516
2021-10-12,38.36100006103516,38.68124552604719,38.2694988635933,38.52874643898892,1473700,0.00992917232049062,38.030951908656526,36.15189307076591,-0.005731222795328894,38.582122802734375,38.21613311767578,37.83488082885742,38.39912414550781
2021-10-13,38.39912414550781,38.55162323272446,37.90350283922326,37.979753837170655,1514000,0.0046815732240541585,38.2150388445173,36.386391412644166,0.000993824050780523,38.36100006103516,38.582122802734375,38.21613311767578,38.83374786376953
2021-10-14,38.83374786376953,38.88712211240601,38.62787451530951,38.81849766291933,1708200,0.013047521591404765,38.30544934953962,36.595542362758096,0.011318584158710898,38.39912414550781,38.36100006103516,38.582122802734375,39.32174301147461
2021-10-15,39.32174301147461,39.4589919116878,39.19974431224938,39.26074511620121,1513900,0.011959625752327785,38.50696454729353,36.82222057524182,0.012566264513458325,38.83374786376953,38.39912414550781,38.36100006103516,39.5581169128418
2021-10-18,39.5581169128418,39.71823966080112,39.46661570656924,39.64961521043592,2317000,-0.005454651983150871,38.75314113071987,37.08764067150298,0.006011277305235652,39.32174301147461,38.83374786376953,38.39912414550781,39.74873352050781
2021-10-19,39.74873352050781,39.8478554479706,39.504736161298254,39.82498160450657,1789100,0.006855710493779643,38.972084045410156,37.38428624471029,0.0048186471587108315,39.5581169128418,39.32174301147461,38.83374786376953,39.89361190795898
2021-10-20,39.89361190795898,40.08423505465553,39.50474196851652,39.61911411132741,1748200,0.0049930628264398536,39.15943963187082,37.66422980172294,0.0036448554361214747,39.74873352050781,39.5581169128418,39.32174301147461,39.33699035644531
2021-10-21,39.33699035644531,39.73348682730975,39.131117021072725,39.69536278194702,2286200,-0.012646784789291599,39.29886681692941,37.88244792393276,-0.0139526486796403,39.89361190795898,39.74873352050781,39.5581169128418,39.00912094116211
2021-10-22,39.00912094116211,39.04724498907607,38.77274719021013,38.81849779291392,1842300,-0.005031990747897175,39.386009216308594,38.0432973589216,-0.00833488816282768,39.33699035644531,39.89361190795898,39.74873352050781,38.84900665283203
2021-10-25,38.84900665283203,39.25312688432522,38.71175772351754,39.08537754656772,2578100,0.004597725920248319,39.388189043317524,38.201242719377795,-0.004104534643874169,39.00912094116211,39.33699035644531,39.89361190795898,38.72700119018555
2021-10-26,38.72700119018555,38.94812474990868,38.51350127690732,38.94812474990868,1993600,-0.00457668358350749,39.30322592599051,38.301092601957784,-0.003140504047806636,38.84900665283203,39.00912094116211,39.33699035644531,38.44488143920898
2021-10-27,38.44488143920898,38.8871286117437,38.368633330892806,38.60500712055917,1919000,-0.009195451840496083,39.144192286900115,38.374437059674946,-0.00728483337997432,38.72700119018555,38.84900665283203,39.00912094116211,38.68887710571289
2021-10-28,38.68887710571289,38.77274885124532,38.16275533245451,38.47537719262721,2248000,0.0018562179048553507,38.992784227643696,38.48626945132301,0.006346635946575363,38.44488143920898,38.72700119018555,38.84900665283203,38.20850372314453
2021-10-29,38.20850372314453,38.71937235656775,37.94162957442096,38.56687616721527,2683100,-0.009726817025788148,38.75205448695591,38.565423329671226,-0.012416317518231246,38.68887710571289,38.44488143920898,38.72700119018555,38.31525802612305
2021-11-01,38.31525802612305,38.74225498358829,38.25425721419423,38.498257553230665,1848200,0.0065483710687799235,38.606092725481304,38.645303817022416,0.002793993288825014,38.20850372314453,38.68887710571289,38.44488143920898,38.49824523925781
2021-11-02,38.49824523925781,38.62024391541437,38.155123053605664,38.36099636499695,1946000,-0.0041823365681987745,38.53311048235212,38.71138618105934,0.004775831419691956,38.31525802612305,38.20850372314453,38.68887710571289,37.781517028808594
2021-11-03,37.781517028808594,37.93401616800373,37.61377059350517,37.697642356817305,1760200,0.01166595249907254,38.38061196463449,38.69141678583054,-0.01861716569144689,38.49824523925781,38.31525802612305,38.20850372314453,37.857757568359375
2021-11-04,37.857757568359375,38.46012449290706,37.85013101373819,38.38387639876534,1986400,-0.003228780021364286,38.256434304373606,38.688874925885884,0.0020179321940050343,37.781517028808594,38.49824523925781,38.31525802612305,38.13225173950195
2021-11-05,38.13225173950195,38.345751634727925,37.94162859903344,38.345751634727925,1210000,-0.0013882733738120878,38.21177291870117,38.703035445440385,0.007250671692503818,37.857757568359375,37.781517028808594,38.49824523925781,38.30001068115234
2021-11-08,38.30001068115234,38.66600685400003,38.24663642107116,38.26188662519136,1240100,0.003707077310945328,38.15622057233538,38.70702961512974,0.00439939772758291,38.13225173950195,37.857757568359375,37.781517028808594,38.94050216674805
2021-11-09,38.94050216674805,38.96337601709444,38.193259665751256,38.58975622093546,2264600,-0.00230831684582411,38.26079177856445,38.72409529913039,0.016723010625970813,38.30001068115234,38.13225173950195,37.857757568359375,38.21613311767578
2021-11-10,38.21613311767578,39.16162534074687,38.12463480856529,39.07012703163638,2146600,-0.005090302839990901,38.2466310773577,38.717196873256135,-0.018601944216600663,38.94050216674805,38.30001068115234,38.13225173950195,38.17037963867188
2021-11-11,38.17037963867188,38.62787402364098,38.11700539071476,38.162753084004656,2234500,0.007441841567665142,38.19979313441685,38.706304277692524,-0.001197229423055779,38.21613311767578,38.94050216674805,38.30001068115234,37.80438995361328
2021-11-12,37.80438995361328,37.941635965412935,37.69001488365491,37.77388954713387,1263400,0.0009234447755823716,38.20306069510324,38.65728723435175,-0.009588316608928893,38.17037963867188,38.21613311767578,38.94050216674805,37.95689010620117
2021-11-15,37.95689010620117,38.13226309863225,37.79676731859181,38.05601498320279,1805500,0.003228780021364841,38.21722248622349,38.592294238862536,0.004033927085584699,37.80438995361328,38.17037963867188,38.21613311767578,37.812007904052734
2021-11-16,37.812007904052734,38.17800400062736,37.812007904052734,38.16275379968527,1733600,-0.01057459329335042,38.171473366873606,38.509146190824964,-0.0038170198281014533,37.95689010620117,37.80438995361328,38.17037963867188,37.46126174926758
2021-11-17,37.46126174926758,37.85013169022595,37.407887500678754,37.56801024644523,1356800,-0.005576316751899291,38.051652090890066,38.40021896362305,-0.009276052085759878,37.812007904052734,37.95689010620117,37.80438995361328,37.331634521484375
2021-11-18,37.331634521484375,37.47650996742811,37.01138904689384,37.16388813851334,1285500,-0.007943948029967562,37.8218138558524,38.27822004045759,-0.003460300634047342,37.46126174926758,37.812007904052734,37.95689010620117,35.989654541015625
2021-11-19,35.989654541015625,36.4547755342678,35.982027985469266,36.31752662122031,2435900,-0.004239367134733607,37.50374548775809,38.1188230968657,-0.035947528086305414,37.331634521484375,37.46126174926758,37.812007904052734,36.29464721679688
2021-11-22,36.29464721679688,36.62251927309442,36.00490211809367,36.0201523193957,1329000,-0.010406747847456654,37.23578371320452,37.989562443324495,0.008474454108295726,35.989654541015625,37.331634521484375,37.46126174926758,37.01139068603516
2021-11-23,37.01139068603516,37.17913707643525,36.75214309140405,36.83601774094328,2034700,-0.0028680232668273353,37.122498103550505,37.902056921096076,0.01974791117150132,36.29464721679688,35.989654541015625,37.331634521484375,37.04951858520508
2021-11-24,37.04951858520508,37.072392434301655,36.63777184939462,36.63777184939462,1919700,-0.006231974782032523,36.99287360055106,37.82217679704939,0.0010301666179839408,37.01139068603516,36.29464721679688,35.989654541015625,35.56266021728516
2021-11-26,35.56266021728516,35.56266021728516,34.84591810313784,35.105165745902426,2457500,-0.03135558755125112,36.67153821672712,37.68492816743397,-0.0401316514950254,37.04951858520508,37.01139068603516,36.29464721679688,35.455909729003906
2021-11-29,35.455909729003906,36.19552856165495,35.38728527124578,36.10402734552495,2224500,0.014442266478989607,36.38505935668946,37.530977339971635,-0.003001757675860528,35.56266021728516,37.04951858520508,37.01139068603516,35.06703186035156
2021-11-30,35.06703186035156,35.37965367351126,34.86878217863384,35.196654191054755,3363500,-0.009818412913045416,36.06154469081334,37.381383441743395,-0.010967928100692137,35.455909729003906,35.56266021728516,37.04951858520508,35.36440658569336
2021-12-01,35.36440658569336,36.48526869756692,35.3567800310527,36.14214936437445,2788000,-0.008428383405831186,35.97222355433873,37.24086670648484,0.008480179518073783,35.06703186035156,35.455909729003906,35.56266021728516,36.6758918762207
2021-12-02,36.6758918762207,36.69114207683786,35.85240140364265,36.10402244212988,2978300,0.01000005432959461,36.026687077113564,37.15408797491165,0.037084894591668416,35.36440658569336,35.06703186035156,35.455909729003906,36.50814056396485
2021-12-03,36.50814056396485,36.836012561327,36.17264201298331,36.81313580914683,1872600,-0.003960438438012082,35.954794202532085,37.09345100039528,-0.004573885014766743,36.6758918762207,35.36440658569336,35.06703186035156,37.46126174926758
2021-12-06,37.46126174926758,37.69000894445946,37.35451325208993,37.55276004560866,1986400,0.004473142928787199,36.013614654541016,37.07457024710519,0.02610708654506233,36.50814056396485,36.6758918762207,35.36440658569336,37.697635650634766
2021-12-07,37.697635650634766,38.040757925614656,37.58326349809389,37.72813605478379,1475200,0.012864925086292889,36.31861114501953,37.05387424287342,0.0063098222091200196,37.46126174926758,36.50814056396485,36.6758918762207,38.25425720214844
2021-12-08,38.25425720214844,38.44488037634773,38.17800909594024,38.24663355499914,2624800,0.008304860650472978,36.718375069754465,37.051695505778,0.014765423398756194,37.697635650634766,37.46126174926758,36.50814056396485,37.819637298583984
2021-12-09,37.819637298583984,38.05601108609622,37.66714108334136,37.78913980074277,1768600,-0.004360550637324101,37.111604418073384,36.99832098824638,-0.011361347346722117,38.25425720214844,37.697635650634766,37.46126174926758,38.17800521850586
2021-12-10,38.17800521850586,38.27713007345224,37.82725931168453,38.03313266795231,1740400,-0.008272427126386317,37.51354707990374,36.99650537400019,0.009475710120977032,37.819637298583984,38.25425720214844,37.697635650634766,37.60613632202149
2021-12-13,37.60613632202149,37.9645087893095,37.39263931615385,37.90350798267386,2084200,-0.006378858199332038,37.64643914358957,36.969636644635884,-0.014979014571645743,38.17800521850586,37.819637298583984,38.25425720214844,37.54513931274414
2021-12-14,37.54513931274414,37.85776118245507,37.37738999920411,37.37738999920411,3222100,-0.0029628108321037017,37.794581821986604,36.957291376023065,-0.0016219961751728906,37.60613632202149,38.17800521850586,37.819637298583984,38.19325256347656
2021-12-15,38.19325256347656,38.19325256347656,36.98851291882896,37.3926359547653,4697400,0.0074294600186910476,37.899151938302175,36.96854673113142,0.017262241200751927,37.54513931274414,37.60613632202149,38.17800521850586,38.284759521484375
2021-12-16,38.284759521484375,38.68888264888558,38.21613505899579,38.21613505899579,3172000,0.002949700483893425,37.983026776994976,36.991058712913876,0.0023958933022456552,38.19325256347656,37.54513931274414,37.60613632202149,37.64425659179688
2021-12-17,37.64425659179688,38.071253469334,37.468883653347234,38.071253469334,3660600,-0.010294006449367954,37.89588383265904,36.99977275303432,-0.016729971343507066,38.284759521484375,38.19325256347656,37.54513931274414,37.40788650512695
2021-12-20,37.40788650512695,37.51463499946367,36.95038921824035,37.21726336276045,2361400,0.003048860275836951,37.837062290736604,37.00340379987444,-0.0062790478035748,37.64425659179688,38.284759521484375,38.19325256347656,38.54400253295898
2021-12-21,38.54400253295898,38.66600123952679,37.78913644503269,37.78913644503269,2027100,0.0020607624021324877,37.88934762137277,37.125039418538414,0.030371029586937937,37.40788650512695,37.64425659179688,38.284759521484375,38.67363357543945
2021-12-22,38.67363357543945,38.83375635636633,38.07126359917662,38.27713699265932,1354500,0.02365045048677117,38.041847229003906,37.23832448323568,0.003363196190370399,38.54400253295898,37.40788650512695,37.64425659179688,38.948123931884766
2021-12-23,38.948123931884766,39.13874708446757,38.82612232190043,38.87187292564455,1046700,0.010045257092407667,38.24227360316685,37.33054987589518,0.007097609690847273,38.67363357543945,38.54400253295898,37.40788650512695,38.894752502441406
2021-12-27,38.894752502441406,38.93287946551692,38.47538208672094,38.63550486039403,1149900,0.0004971559753761401,38.34248788016183,37.41841815766834,-0.0013703209309053888,38.948123931884766,38.67363357543945,38.54400253295898,39.05487060546875
2021-12-28,39.05487060546875,39.1311186994646,38.84137070665936,39.00912000386424,1031500,-0.011928453232912029,38.45250374930246,37.58471389043899,0.004116701938578826,38.894752502441406,38.948123931884766,38.67363357543945,38.86425018310547
2021-12-29,38.86425018310547,39.0472467849804,38.63550006774398,38.71937472221939,1472500,0.004024084519744342,38.62678854806082,37.74701581682478,-0.004880836100800923,39.05487060546875,38.894752502441406,38.948123931884766,38.66923904418945
2021-12-30,38.66923904418945,38.986517045397335,38.66923904418945,38.7775774418702,997200,0.005010047513145821,38.8069817679269,37.91854949224563,-0.005017751223740041,38.86425018310547,39.05487060546875,38.894752502441406,38.27458190917969
2021-12-31,38.27458190917969,38.707938537324246,38.08111960318666,38.69246119860475,1328400,0.0029910839577100834,38.768493107386995,38.0571292695545,-0.010205971070668562,38.66923904418945,38.86425018310547,39.05487060546875,39.450828552246094
2022-01-03,39.450828552246094,39.68298270237069,39.1722423912965,39.24962907600482,2172200,0.0054673176823258895,38.87952096121652,38.189269111269994,0.03073179599603404,38.27458190917969,38.66923904418945,38.86425018310547,39.65202713012695
2022-01-04,39.65202713012695,39.89965859314727,39.51273406317804,39.51273406317804,1409500,-0.0029660492141695416,38.9800785609654,38.33897799537296,0.0050999835811915695,39.450828552246094,38.27458190917969,38.66923904418945,39.76810836791992
2022-01-05,39.76810836791992,40.58064940589604,39.72941649982588,40.4026644510632,1587600,-0.0019831135672685463,39.10484368460519,38.4488278343564,0.0029274981935230038,39.65202713012695,39.450828552246094,38.27458190917969,40.31754302978516
2022-01-06,40.31754302978516,40.62708389742286,40.116343532221,40.5574373498044,1591000,0.007948419369861792,39.28522545950754,38.57358532860165,0.01381596169428212,39.76810836791992,39.65202713012695,39.450828552246094,40.99078750610352
2022-01-07,40.99078750610352,41.05269389866247,40.37944601258375,40.66576935116895,1784500,0.0014784379040480022,39.589016505650115,38.70389629545666,0.016698549210228064,40.31754302978516,39.76810836791992,39.65202713012695,41.16878128051758
2022-01-10,41.16878128051758,41.23068768636463,40.789593843702,41.08365738947731,1612800,0.0024606935706918964,39.9460939679827,38.8633793422154,0.004342287261193789,40.99078750610352,40.31754302978516,39.76810836791992,42.337284088134766
2022-01-11,42.337284088134766,42.3837160974422,41.393190181550935,41.439619238858285,2695000,0.011782055727629803,40.52647999354771,39.06144024076916,0.028383225620773,41.16878128051758,40.99078750610352,40.31754302978516,43.35876083374024
2022-01-12,43.35876083374024,43.49805389731604,43.08791485012051,43.157561381908415,2395600,0.018922865242776865,41.08475603376116,39.33537474132719,0.024127120281949077,42.337284088134766,41.16878128051758,40.99078750610352,42.96410369873047
2022-01-13,42.96410369873047,43.482581194609175,42.90219435187921,43.21947237449159,1697700,-0.01571434058531551,41.55790982927595,39.5934206644694,-0.009102131320659512,43.35876083374024,42.337284088134766,41.16878128051758,44.1867790222168
2022-01-14,44.1867790222168,44.24094821888013,43.50579399216359,43.52127132721023,1948500,0.0024189283589191035,42.189148494175505,39.87882668631418,0.02845806657715655,42.96410369873047,43.35876083374024,42.337284088134766,44.635623931884766
2022-01-18,44.635623931884766,44.79813156210266,44.070714346841214,44.44216162391092,3303100,-0.010617601561723533,42.806017194475444,40.181248801095144,0.0101579006119068,44.1867790222168,42.96410369873047,43.35876083374024,45.185054779052734
2022-01-19,45.185054779052734,45.5255503198248,44.44989744111361,45.00706981546755,3618800,0.016585214347003552,43.40519823346819,40.54033442905971,0.012309245368820498,44.635623931884766,44.1867790222168,42.96410369873047,44.20225524902344
2022-01-20,44.20225524902344,45.23921305515108,44.06296218909586,44.14034886238882,3770500,-0.0023991962765963493,43.83855165754046,40.86387579781668,-0.02175054417517075,45.185054779052734,44.635623931884766,44.1867790222168,43.04923629760742
2022-01-21,43.04923629760742,43.71474715110857,42.97958974428752,43.40520625813105,2573700,-0.010582047999924571,43.94025911603655,41.07841073899042,-0.026085070658051768,44.20225524902344,45.185054779052734,44.635623931884766,42.87898254394531
2022-01-24,42.87898254394531,42.87898254394531,41.50153196109209,42.16704272197634,2966400,-0.017501250833889315,43.87171936035156,41.27866545177641,-0.003954861184647163,43.04923629760742,44.20225524902344,45.185054779052734,43.629615783691406
2022-01-25,43.629615783691406,43.79212339626487,41.88071505637623,42.59265780746035,2663100,0.0024741878460965427,43.96679251534598,41.501593635195775,0.01750585473843258,42.87898254394531,43.04923629760742,44.20225524902344,44.20999526977539
2022-01-26,44.20999526977539,44.87550589825088,43.80759342576697,44.6820436435545,2753100,-0.010858872554395327,43.970109122140066,41.75470043364025,0.013302420286289252,43.629615783691406,42.87898254394531,43.04923629760742,44.75169372558594
2022-01-27,44.75169372558594,45.34755491958875,44.27190517041488,45.18504732122435,2522400,-0.007485120855095118,43.986690521240234,42.025977725074405,0.012252850345380706,44.20999526977539,43.629615783691406,42.87898254394531,44.34928512573242
2022-01-28,44.34928512573242,44.37249964997916,43.71472921232564,44.07843621752251,2231400,0.010055358783870538,43.86729485648019,42.287169865199495,-0.008992030610529667,44.75169372558594,44.20999526977539,43.629615783691406,43.95463180541992
2022-01-31,43.95463180541992,44.07071036050477,43.36650774125739,43.69926311703365,2553800,0.021403666374235852,43.83192007882254,42.5388552347819,-0.008898752690007061,44.34928512573242,44.75169372558594,44.20999526977539,44.80587005615234
2022-02-01,44.80587005615234,44.99933235699584,44.17131394554573,44.18678833185282,2755300,0.013157896046242179,44.082867758614675,42.84986895606632,0.019366292373934835,43.95463180541992,44.34928512573242,44.75169372558594,44.33381652832031
2022-02-02,44.33381652832031,44.4266775956053,43.86176809562148,44.387985730236565,2648200,0.0009620847271036848,44.29070118495396,43.08239219302223,-0.010535528653732862,44.80587005615234,43.95463180541992,44.34928512573242,44.27190399169922
2022-02-03,44.27190399169922,44.55823026919413,43.467100261226825,43.9236713244756,2193700,-0.005285938479282937,44.38245664324079,43.30238632928757,-0.0013965081616996722,44.33381652832031,44.80587005615234,43.95463180541992,45.16956329345703
2022-02-04,45.16956329345703,45.40171739272656,44.79811614422588,44.89871733630917,2144900,0.004347760463879746,44.51953778948103,43.559598468598864,0.020276049160345977,44.27190399169922,44.33381652832031,44.80587005615234,45.33982467651367
2022-02-07,45.33982467651367,45.60293352218999,44.88325353113419,45.07671583083735,2066000,0.0033670509898029444,44.60355649675642,43.7987547374907,0.00376938297920848,45.16956329345703,44.27190399169922,44.33381652832031,45.53328323364258
2022-02-08,45.53328323364258,46.013068870910686,45.21600520628784,45.94342233066208,3293400,0.015340328855864893,44.77269908360073,44.0150640578497,0.004266857194732854,45.33982467651367,45.16956329345703,44.27190399169922,46.45416259765625
2022-02-09,46.45416259765625,46.46190274212106,45.943422286985374,46.04402350102666,2725800,0.0018885457214525836,45.12977491106306,44.266748882475355,0.02022431282383952,45.53328323364258,45.33982467651367,45.16956329345703,45.68805694580078
2022-02-10,45.68805694580078,46.29165837014965,45.38625623362635,45.43268529580679,3723000,0.0037699716790211557,45.25580160958426,44.42630949474516,-0.016491647013224142,46.45416259765625,45.53328323364258,45.33982467651367,45.3862533569336
2022-02-11,45.3862533569336,46.34582463984768,45.08444971188783,45.86603899839064,4477800,-0.004694765465930284,45.40614972795759,44.52285675775437,-0.006605743580323509,45.68805694580078,46.45416259765625,45.53328323364258,45.13862228393555
2022-02-14,45.13862228393555,45.393990968098265,44.565972614721794,45.33208457121043,4443000,-0.008490534778375358,45.52996662684849,44.626405261811755,-0.005456080964661103,45.3862533569336,45.68805694580078,46.45416259765625,44.44989013671875
2022-02-15,44.44989013671875,44.83681467710383,43.90045799785192,44.44989013671875,3018700,0.01141771979984929,45.427156175885884,44.638934362502326,-0.015258156150280033,45.13862228393555,45.3862533569336,45.68805694580078,44.95288848876953
2022-02-16,44.95288848876953,45.50232056980915,44.62013318290055,44.62787037401393,1659900,0.01034810754862625,45.37187957763672,44.65404219854446,0.011316076384073392,44.44989013671875,45.13862228393555,45.3862533569336,44.48859024047852
2022-02-17,44.48859024047852,44.83682000661733,44.14035752233938,44.54275944641124,2731700,-0.0060522401787634905,45.222637721470434,44.620877220517116,-0.010328552044147399,44.95288848876953,44.44989013671875,45.13862228393555,44.5582389831543
2022-02-18,44.5582389831543,44.589190708071726,44.093927685387214,44.22548358628805,2732400,-0.009367732121617123,44.9517914908273,44.6378288269043,0.0015655416883135764,44.48859024047852,44.95288848876953,44.44989013671875,43.45162963867188
2022-02-22,43.45162963867188,44.33381717066127,43.21173534670979,44.17130956255799,3332800,-0.009456123259804161,44.63230187552317,44.65699041457403,-0.024835122970204848,44.5582389831543,44.48859024047852,44.95288848876953,43.55997085571289
2022-02-23,43.55997085571289,43.85403141735648,43.157568929673936,43.6837866058787,3161700,-0.00477319757450978,44.371404375348774,44.68941842942011,0.002493375229926542,43.45162963867188,44.5582389831543,44.48859024047852,41.15328979492188
2022-02-24,41.15328979492188,42.39144700626228,40.309794272196335,42.29858595341166,6042200,-0.0019185340437203324,43.80207116263254,44.57149814424061,-0.05524983174949416,43.55997085571289,43.45162963867188,44.5582389831543,42.32954406738281
2022-02-25,42.32954406738281,42.32954406738281,41.8497584779331,42.08191260495716,3805500,0.01441612448705043,43.49916458129883,44.48195284888858,0.028582265921449412,41.15328979492188,43.55997085571289,43.45162963867188,39.10259246826172
2022-02-28,39.10259246826172,39.93835087880834,38.800791804008746,39.28057739969296,6319900,0.007579328639391925,42.66340800694057,44.21294802711124,-0.07623402685330682,42.32954406738281,41.15328979492188,43.55997085571289,38.143028259277344
2022-03-01,38.143028259277344,38.971046677598,37.771580992815785,38.769844229931024,5556600,-0.004701386587425027,41.75689915248326,43.91741198585147,-0.024539657051210084,39.10259246826172,42.32954406738281,41.15328979492188,41.23067092895508
2022-03-02,41.23067092895508,41.44735064135613,40.31752893583487,40.41813012544967,5320200,0.012281440934432508,41.281532287597656,43.78769956316267,0.08094907013385177,38.143028259277344,39.10259246826172,42.32954406738281,39.41213607788086
2022-03-03,39.41213607788086,40.93661979511447,39.35796687542079,40.69672550421979,3667700,-0.01073264681670627,40.70446177891323,43.53085508800688,-0.04410636087411124,41.23067092895508,38.143028259277344,39.10259246826172,38.0733757019043
2022-03-04,38.0733757019043,38.483514773709366,37.52394355816544,38.33648450977925,3747800,-0.015094401777881239,39.92066247122629,43.23273885817755,-0.03396822677489719,39.41213607788086,41.23067092895508,38.143028259277344,37.77157211303711
2022-03-07,37.77157211303711,38.29004954474988,37.40012493389965,37.81800116542944,5354500,-0.031609113622385054,39.43755994524275,42.92319924490793,-0.007926893355350462,38.0733757019043,39.41213607788086,41.23067092895508,38.81626129150391
2022-03-08,38.81626129150391,39.07163284931611,37.91085948180463,38.73113743889984,8863300,0.0019783105900159637,38.93566240583147,42.620661054338726,0.02765808040344253,37.77157211303711,38.0733757019043,39.41213607788086,39.21092987060547
2022-03-09,39.21092987060547,39.95382720068669,38.70018961667455,39.09485428453017,4681600,0.011846024460886673,38.95113917759487,42.32880892072405,0.010167609294920332,38.81626129150391,37.77157211303711,38.0733757019043,39.303802490234375
2022-03-10,39.303802490234375,39.44309558563276,38.762107447240695,38.90913773593877,3122600,0.002438887849608662,39.11696406773159,42.032166980561755,0.0023685390766141623,39.21092987060547,38.81626129150391,37.77157211303711,38.421607971191406
2022-03-11,38.421607971191406,39.09485584367755,38.382913155623264,38.89365342992309,2928500,-0.003892984995457649,38.715669359479634,41.64966437930153,-0.02244552595800786,39.303802490234375,39.21092987060547,38.81626129150391,38.66923904418945
2022-03-14,38.66923904418945,39.15676183375282,38.47577677633099,38.97877690156303,2373800,-0.02051782322352591,38.60954121180943,41.31543495541527,0.00644509915315683,38.421607971191406,39.303802490234375,39.21092987060547,38.5067253112793
2022-03-15,38.5067253112793,38.78531142627725,37.75609378142337,38.33648053700254,3349300,0.0029926775950051,38.671448298863005,40.987838381812686,-0.004202661777865435,38.66923904418945,38.421607971191406,39.303802490234375,38.7775764465332
2022-03-16,38.7775764465332,39.34248589993991,38.18944951421947,38.83948283561894,3217700,0.035802947517550754,38.81516320364816,40.68493143717448,0.007033865722530619,38.5067253112793,38.66923904418945,38.421607971191406,39.303802490234375
2022-03-17,39.303802490234375,39.73715616302892,39.10260004043648,39.22641579723499,3795800,0.005761031405591144,38.88481194632394,40.43987964448475,0.013570369577550423,38.7775764465332,38.5067253112793,38.66923904418945,39.12239456176758
2022-03-18,39.12239456176758,39.46006300222955,38.39994310488165,38.83969512365188,3203800,0.007159796361765114,38.87216404506138,40.16223707653227,-0.004615531245656723,39.303802490234375,38.7775764465332,38.5067253112793,39.51503372192383
2022-03-21,39.51503372192383,39.69564659399486,39.279451845117535,39.35012670771803,2787500,0.0028436560185622906,38.902339935302734,39.925401051839195,0.010036174026524458,39.12239456176758,39.303802490234375,38.7775764465332,39.86841583251953
2022-03-22,39.86841583251953,40.04902873991541,39.54645317227701,39.88412169345656,2651000,0.00992442923361514,39.109026772635325,39.70207613990421,0.00894297884401496,39.51503372192383,39.12239456176758,39.303802490234375,40.064727783203125
2022-03-23,40.064727783203125,40.15895993720356,39.46006572016018,39.64067859682192,2856900,-0.006551332258708409,39.30838230678013,39.540795099167596,0.004923996767473016,39.86841583251953,39.51503372192383,39.12239456176758,40.5123405456543
2022-03-24,40.5123405456543,40.85786049432909,40.30031591956296,40.64583586823775,2054800,0.00753648804639484,39.59489876883371,39.39566984630766,0.011172240202735884,40.064727783203125,39.86841583251953,39.51503372192383,41.21122741699219
2022-03-25,41.21122741699219,41.28975670629594,40.50448178677493,40.55945079149452,2165100,-0.0028050070454537224,39.94256319318499,39.398428780691965,0.01725120943210623,40.5123405456543,40.064727783203125,39.86841583251953,40.28460693359375
2022-03-28,40.28460693359375,41.10129365319763,40.14325719383206,41.10129365319763,1957900,-0.0046882578054500135,40.0826781136649,39.3010508219401,-0.022484661134270723,41.21122741699219,40.5123405456543,40.064727783203125,40.59871292114258
2022-03-29,40.59871292114258,40.59871292114258,39.64067658474324,40.26104447456202,3200200,0.008007608723985316,40.29358073643276,39.37229465302967,0.007797171462206709,40.28460693359375,41.21122741699219,40.5123405456543,40.99919891357422
2022-03-30,40.99919891357422,41.33686733636572,40.84999777152585,40.975641626826,1888400,0.007009240116499171,40.50560433523996,39.50830277942476,0.009864499724647091,40.59871292114258,40.28460693359375,41.21122741699219,39.68779754638672
2022-03-31,39.68779754638672,40.4495122272872,39.67994311918935,40.339574211214114,2237700,-0.013921094781456422,40.47980172293527,39.43483261835007,-0.031986024164811555,40.99919891357422,40.59871292114258,40.28460693359375,40.99134826660156
2022-04-01,40.99134826660156,40.99134826660156,40.3081599775742,40.386686265292894,2974900,0.014588304890094994,40.61217607770647,39.51003319876535,0.03284512623032976,39.68779754638672,40.99919891357422,40.59871292114258,40.77146530151367
2022-04-04,40.77146530151367,40.93637528261311,40.23748120493335,40.4887688958837,4638600,0.006029688510925002,40.6491938999721,39.638513655889604,-0.005364131076094569,40.99134826660156,39.68779754638672,40.99919891357422,39.41294479370117
2022-04-05,39.41294479370117,40.0568699498529,39.21662607546989,39.82128808709255,2984400,-0.020285917023301292,40.3922963823591,39.716674259730745,-0.033320374869187375,40.77146530151367,40.99134826660156,39.68779754638672,38.86325073242188
2022-04-06,38.86325073242188,39.3422658387358,38.61981446875237,39.067420860065056,2516100,-0.008470557348970287,40.1892454964774,39.718911852155415,-0.013947043646612811,39.41294479370117,40.77146530151367,40.99134826660156,38.90252304077149
2022-04-07,38.90252304077149,39.03601834884709,38.26644923162398,38.847554032083146,1793900,0.0023731035088323527,39.94693265642439,39.70422581263951,0.0010105255635974864,38.86325073242188,39.41294479370117,40.77146530151367,38.918235778808594
2022-04-08,38.918235778808594,39.255904317914194,38.627681829428624,38.63553625810745,1950000,0.0037878216544744436,39.64965220860073,39.68586549304781,0.00040390023085734583,38.90252304077149,38.86325073242188,39.41294479370117,39.60926818847656
2022-04-11,39.60926818847656,40.23749055745767,39.57000503931181,40.15110983194346,2032800,-0.004245219227964059,39.63843372889927,39.74242074148996,0.017756005529013352,38.918235778808594,38.90252304077149,38.86325073242188,39.18522644042969
2022-04-12,39.18522644042969,39.77418273164505,39.04387669089108,39.53859781868962,2467200,0.001421009249328975,39.38041632516043,39.76699156988235,-0.010705619352246454,39.60926818847656,38.918235778808594,38.90252304077149,40.0804328918457
2022-04-13,40.0804328918457,40.18251647527601,39.82129072870852,39.90767144975425,2379500,0.014664214033964784,39.28169740949358,39.841930026099796,0.022845509206816272,39.18522644042969,39.60926818847656,38.918235778808594,39.970497131347656
2022-04-14,39.970497131347656,40.04117199840058,39.420804053778944,39.64068008657192,2239500,-0.007925383914640816,39.36134774344308,39.89873577299572,-0.0027428785710648107,40.0804328918457,39.18522644042969,39.60926818847656,40.19038009643555
2022-04-18,40.19038009643555,40.3788444440267,39.766330820975256,39.931237874014215,1861000,-0.0004699177322501358,39.55093765258789,39.940953754243395,0.005501131606277854,39.970497131347656,40.0804328918457,39.18522644042969,40.19822311401367
2022-04-19,40.19822311401367,40.606566442424445,40.10399095994539,40.3866904177364,2252100,-0.006111994574540369,39.73603766305106,39.992183685302734,0.00019514663855635384,40.19038009643555,39.970497131347656,40.0804328918457,39.97834014892578
2022-04-20,39.97834014892578,40.316008554268215,39.83699044456915,39.89981386676572,4095400,-0.008041506844829294,39.88748114449637,40.01424589611235,-0.005469967278509791,40.19822311401367,40.19038009643555,39.970497131347656,39.35798645019531
2022-04-21,39.35798645019531,40.5673108009198,39.35798645019531,40.51234178457657,2084600,-0.03099677831613168,39.851583753313335,39.98993973504929,-0.015517244998655588,39.97834014892578,40.19822311401367,40.19038009643555,38.5569953918457
2022-04-22,38.5569953918457,39.28730126955316,38.45491181431503,39.0046018335908,2026900,-0.019685046096048042,39.76183646065848,39.91814295450846,-0.020351423703120708,39.35798645019531,39.97834014892578,40.19822311401367,37.90522003173828
2022-04-25,37.90522003173828,37.93663174688549,36.79798253528043,37.771721740155655,3327700,-0.0010040010374200437,39.45109176635742,39.7939943586077,-0.01690420515093516,38.5569953918457,39.35798645019531,39.97834014892578,37.386940002441406
2022-04-26,37.386940002441406,37.920927196000086,37.08068325816813,37.19847270064993,5742200,-0.02361804445604654,39.08201217651367,39.61188543410528,-0.01367305159719201,37.90522003173828,38.5569953918457,39.35798645019531,37.85810470581055
2022-04-27,37.85810470581055,38.1486585947869,36.96289174008844,37.26129706052455,6997200,0.010293416278735812,38.74882997785296,39.496337708972746,0.012602387447016916,37.386940002441406,37.90522003173828,38.5569953918457,38.99675750732422
2022-04-28,38.99675750732422,39.14595868322557,38.14080761276071,38.659089007917466,2176800,0.004075333331391429,38.57719203404018,39.42005411783854,0.030076856999629697,37.85810470581055,37.386940002441406,37.90522003173828,38.250736236572266
2022-04-29,38.250736236572266,39.4286484811477,38.250736236572266,39.00459935415997,4200500,-0.010147084602655898,38.33039147513254,39.28917494274321,-0.01913034104468403,38.99675750732422,37.85810470581055,37.386940002441406,39.30300521850586
2022-05-02,39.30300521850586,39.39723736072315,38.454909947378646,38.62766837551272,2527000,-0.006663358519836793,38.322537013462615,39.27085149855841,0.02750977067279292,38.250736236572266,38.99675750732422,37.85810470581055,40.38668823242188
2022-05-03,40.38668823242188,40.55159524201483,39.57785604629701,39.58570747721696,2585600,0.010836067287299578,38.58392170497349,39.24205816359747,0.027572522963352775,39.30300521850586,38.250736236572266,38.99675750732422,41.43111038208008
2022-05-04,41.43111038208008,41.45467067061429,40.41025341466632,41.06988457747909,3337000,0.007656852108665069,39.087620326450896,39.27346983410063,0.02586055443931512,40.38668823242188,39.30300521850586,38.250736236572266,41.21908187866211
2022-05-05,41.21908187866211,41.6117193387555,40.41024667387118,41.57245319627729,5174500,-0.032421510148680666,39.63506916591099,39.35947636195591,-0.005117615759332339,41.43111038208008,40.38668823242188,39.30300521850586,42.20067596435547
2022-05-06,42.20067596435547,42.45196370176134,41.80018407339941,42.28705369017501,2775200,-0.013612468607705597,40.25543648856027,39.51840137300037,0.023814069623940393,41.21908187866211,41.43111038208008,40.38668823242188,39.64853286743164
2022-05-09,39.64853286743164,40.81073941414219,39.55429771821657,40.63012653819253,3845200,-0.0217623137522982,40.3485472542899,39.55392565046038,-0.06047635585457156,42.20067596435547,41.21908187866211,41.43111038208008,40.135398864746094
2022-05-10,40.135398864746094,40.54374215437557,39.27159471513478,40.213925153080815,2806200,0.0,40.617784772600444,39.61188579740978,0.012279546356540605,39.64853286743164,42.20067596435547,41.21908187866211,41.28190231323242
2022-05-11,41.28190231323242,41.76877192496832,41.030614578427695,41.03846600957143,3959100,-0.0021703419252488976,40.90048435756138,39.691535041445775,0.028565891480236028,40.135398864746094,39.64853286743164,42.20067596435547,40.59086227416992
2022-05-12,40.59086227416992,40.85000445312992,39.76632415167352,40.637979850958914,2892500,-0.0038064705112906827,40.929652077811106,39.75847008114769,-0.016739539612761423,41.28190231323242,40.135398864746094,39.64853286743164,42.01220703125
2022-05-13,42.01220703125,42.01220703125,41.23478356438959,41.4075450004888,2482500,0.013100463939002882,41.01266588483538,39.85045932588123,0.03501637258848156,40.59086227416992,41.28190231323242,40.135398864746094,42.67184448242188
2022-05-16,42.67184448242188,42.88386909617826,42.02791920905204,42.2085321032327,2055400,0.007543320649825214,41.2202033996582,39.97909491402762,0.015701090177938637,42.01220703125,40.59086227416992,41.28190231323242,43.31576919555664
2022-05-17,43.31576919555664,43.49638208740131,42.930983124697015,43.05663000137479,2503700,0.012299387749686641,41.37950243268694,40.127922966366725,0.015090154197576755,42.67184448242188,42.01220703125,40.59086227416992,42.71895599365234
2022-05-18,42.71895599365234,43.83404491991615,42.55404598709818,43.5356396175076,1727500,-0.023771971166412276,41.81813430786133,40.24795786539713,-0.013778197016654281,43.31576919555664,42.67184448242188,42.01220703125,43.08018112182617
2022-05-19,43.08018112182617,43.52778757131971,42.37343251968585,42.37343251968585,1914200,0.017316201003978904,42.238817487444194,40.39566457839239,0.008455851033145834,42.71895599365234,43.31576919555664,42.67184448242188,42.95454025268555
2022-05-20,42.95454025268555,43.6141713287978,42.2792033181437,43.18227070653546,1464000,-0.002127736069921893,42.47776576450893,40.566929045177645,-0.002916442453789303,43.08018112182617,42.71895599365234,43.31576919555664,44.50938415527344
2022-05-23,44.50938415527344,44.7999350463749,43.96754552123241,44.15600983064399,2048900,0.0117270115849617,43.037554604666575,40.85037612915039,0.03619742857079422,42.95454025268555,43.08018112182617,42.71895599365234,44.54079818725586
2022-05-24,44.54079818725586,44.68214792445496,43.97539923845947,44.15601212586135,2803900,-0.009483525191118058,43.39878191266741,41.1663560413179,0.000705784467222248,44.50938415527344,42.95454025268555,43.08018112182617,45.76583099365234
2022-05-25,45.76583099365234,45.78153685482221,45.169023247130845,45.47528005097653,1556000,-0.004787379002593739,43.84077998570034,41.56535085042318,0.02750361143611002,44.54079818725586,44.50938415527344,42.95454025268555,46.37834167480469
2022-05-26,46.37834167480469,46.50398555253327,45.89932345484375,45.89932345484375,2490400,0.013361966222039001,44.27829033987863,41.971076420375276,0.013383580454101374,45.76583099365234,44.54079818725586,44.50938415527344,46.19772720336914
2022-05-27,46.19772720336914,46.40189737433086,45.80508972448517,45.89146745354721,1857900,0.004746871571027711,44.77525765555246,42.31397973923456,-0.003894371055825574,46.37834167480469,45.76583099365234,44.54079818725586,46.174163818359375
2022-05-31,46.174163818359375,46.9594387234185,45.9150246573946,46.66888784731072,4053300,-0.002624632245984193,45.21725518362863,42.69128581455776,-0.0005100550705889884,46.19772720336914,46.37834167480469,45.76583099365234,45.7265625
2022-06-01,45.7265625,46.12705442410796,45.09048867702131,45.93073567578463,2906100,-0.008421139969612357,45.613258361816406,42.997169494628906,-0.009693761215041286,46.174163818359375,46.19772720336914,46.37834167480469,45.76583099365234
2022-06-02,45.76583099365234,46.01711878119684,45.31822443486454,45.3888993123356,1613600,0.02600842589062946,45.792750767299104,43.253319149925595,0.0008587676725608784,45.7265625,46.174163818359375,46.19772720336914,46.15060424804688
2022-06-03,46.15060424804688,46.22127910583138,45.55379367218089,45.57735395516631,1349200,-0.009312021929332004,46.022723061697825,43.47805695306687,0.008407435111315031,45.76583099365234,45.7265625,46.174163818359375,46.71600341796875
2022-06-06,46.71600341796875,46.90446770957795,46.39404084051594,46.55109341832832,1178600,0.0,46.15846197945731,43.73981512160528,0.012251175886733856,46.15060424804688,45.76583099365234,45.7265625,47.383487701416016
2022-06-07,47.383487701416016,47.391339132377325,46.3547765014955,46.38618821651277,1748600,0.006266438257199525,46.302054268973215,43.98661568051293,0.014288129005284755,46.71600341796875,46.15060424804688,45.76583099365234,48.01955795288086
2022-06-08,48.01955795288086,48.01955795288086,47.28925210764412,47.36777839388182,2698600,-0.0020758401727051234,46.56231580461775,44.385235922677175,0.013423879970022368,47.383487701416016,46.71600341796875,46.15060424804688,46.45685958862305
2022-06-09,46.45685958862305,47.23428300119334,46.39403915889231,47.17931400183427,3656900,-0.02444093025942673,46.602700914655415,44.68625786190941,-0.032542956055347516,48.01955795288086,47.383487701416016,46.71600341796875,45.32607269287109
2022-06-10,45.32607269287109,45.61662359599336,44.98054978534442,45.30251240653026,3528400,-0.013859175718495154,46.54548808506557,44.878837403796965,-0.02434057975001136,46.45685958862305,48.01955795288086,47.383487701416016,43.80263137817383
2022-06-13,43.80263137817383,44.4622623901249,43.3471735103618,44.28164952913169,1815200,-0.03513526609987849,46.265030997140066,45.03177878970192,-0.033610706248919375,45.32607269287109,46.45685958862305,48.01955795288086,43.77907943725586
2022-06-14,43.77907943725586,45.106193053893456,43.46496825202759,44.69784971133121,2195800,-0.007282804020831701,45.92624173845564,45.11591557094029,-0.0005376832436077006,43.80263137817383,45.32607269287109,46.45685958862305,43.94398880004883
2022-06-15,43.94398880004883,44.32092044503012,43.040924336735245,44.046075390018686,2266700,0.001128651132828562,45.530239650181365,45.17649387177967,0.0037668531388221904,43.77907943725586,43.80263137817383,45.32607269287109,42.84114837646485
2022-06-16,42.84114837646485,43.51700045567239,42.07782941154535,42.44358761619032,3203100,-0.015783647345255614,44.881334032331196,45.153892880394345,-0.02509650247277395,43.94398880004883,43.77907943725586,43.80263137817383,40.789737701416016
2022-06-17,40.789737701416016,42.70598064680334,40.24110488628209,42.46744477209938,2272100,0.0057274080762173,43.84850256783621,45.062025342668804,-0.04788411965576056,42.84114837646485,43.94398880004883,43.77907943725586,42.30047225952149
2022-06-21,42.30047225952149,42.6503246925368,42.03013077800789,42.32432493834233,1576100,-0.004555740313033851,43.25473294939314,45.02489634922573,0.03703712363056044,40.789737701416016,42.84114837646485,43.94398880004883,41.107791900634766
2022-06-22,41.107791900634766,41.561011020411954,40.71023105639874,40.98057255180518,1923900,-0.021167021121869634,42.65212140764509,44.93695595150902,-0.028195438376418247,42.30047225952149,40.789737701416016,42.84114837646485,39.883296966552734
2022-06-23,39.883296966552734,41.11573476674553,39.54139445620177,41.099831971712,2513200,-0.009351294416142242,42.09221649169922,44.716666085379465,-0.029787416873226058,41.107791900634766,42.30047225952149,40.789737701416016,41.61665725708008
2022-06-24,41.61665725708008,41.71207098281384,40.495536121978525,40.74202486603403,2486600,0.018879133164830142,41.783299037388396,44.57742127918062,0.043460807464863915,39.883296966552734,41.107791900634766,42.30047225952149,41.92676544189453
2022-06-27,41.92676544189453,42.36408175529575,41.5292046055028,41.64052115438873,1703900,0.007527390414398427,41.495124271937776,44.394608633858816,0.007451539966288223,41.61665725708008,39.883296966552734,41.107791900634766,42.37997817993164
2022-06-28,42.37997817993164,42.76958907559397,42.01422299340653,42.65031962935195,1409000,-0.010344906904287687,41.42924281529018,44.2042103721982,0.010809628008752625,41.92676544189453,41.61665725708008,39.883296966552734,42.11759185791016
2022-06-29,42.11759185791016,43.39773811116851,42.10168906203232,43.36593251941283,1607900,-0.008129959823355626,41.618936266217915,44.009918212890625,-0.006191280252846543,42.37997817993164,41.92676544189453,41.61665725708008,41.85520553588867
2022-06-30,41.85520553588867,42.18120530948463,41.25886426469007,41.6564251121558,2092300,-0.016978906057027232,41.555326734270366,43.804253532772975,-0.006229851006360754,42.11759185791016,42.37997817993164,41.92676544189453,42.00627517700195
2022-07-01,42.00627517700195,42.22890825223792,40.94876200333481,41.78363906861782,1799400,0.012507438714298269,41.68368148803711,43.62709699358259,0.0036093393684029085,41.85520553588867,42.11759185791016,42.37997817993164,40.67046737670898
2022-07-05,40.67046737670898,40.94875869829258,39.85944305404661,40.87719763943567,2164700,-0.019411832432224996,41.79613440377371,43.384460630871004,-0.031800196391236324,42.00627517700195,41.85520553588867,42.11759185791016,39.00866317749024
2022-07-06,39.00866317749024,39.37441835168224,38.29305259046423,38.85758814625813,2773900,0.0005999322710459332,41.42356382097517,43.04436819893973,-0.04086021888625779,40.67046737670898,42.00627517700195,41.85520553588867,39.97871780395508
2022-07-07,39.97871780395508,40.26496209910058,39.81174297616972,39.97871780395508,1790700,0.026378989361213634,41.14527130126953,42.72354507446289,0.024867671625942833,39.00866317749024,40.67046737670898,42.00627517700195,39.85943603515625
2022-07-08,39.85943603515625,40.37626311753829,39.40621708658624,40.21724126643451,2002400,0.0,40.7851938520159,42.36525689987909,-0.0029836316758269366,39.97871780395508,39.00866317749024,40.67046737670898,39.31876373291016
2022-07-11,39.31876373291016,39.57320240229894,38.93710572882697,39.294908022365576,1412300,-0.028037554848397317,40.38536126273019,41.95093336559478,-0.013564474463944043,39.85943603515625,39.97871780395508,39.00866317749024,38.444129943847656
2022-07-12,38.444129943847656,38.77012969376089,38.26125233127665,38.3566691116037,1192200,0.004807681687821308,39.89806474958147,41.569374811081666,-0.02224469200008017,39.31876373291016,39.85943603515625,39.97871780395508,38.94505310058594
2022-07-13,38.94505310058594,39.11998081194879,38.07042061006768,38.1817371416084,1545100,0.001794292594816671,39.460747310093474,41.265516735258565,0.01302989968741497,38.444129943847656,39.31876373291016,39.85943603515625,36.81412506103516
2022-07-14,36.81412506103516,37.10036928803124,36.30524778333005,36.67100294753712,2081300,-0.021492458852670926,38.90984126499721,40.93273072015672,-0.054716269972648,38.94505310058594,38.444129943847656,39.31876373291016,38.11017990112305
2022-07-15,38.11017990112305,38.30896030827135,37.74442467992578,37.99091044357475,1402400,0.013422865617848556,38.78148651123047,40.66278312319802,0.035205368535558446,36.81412506103516,38.94505310058594,38.444129943847656,39.09612274169922
2022-07-18,39.09612274169922,39.81968621930972,38.99275913045299,39.56524454853642,2190400,-0.0006021607958652808,38.65540150233677,40.4319323585147,0.025870852437175573,38.11017990112305,36.81412506103516,38.94505310058594,40.38422775268555
2022-07-19,40.38422775268555,40.400130549041656,39.67656999715427,39.7004226751143,1444700,0.0162651236747986,38.7303717476981,40.31493613833474,0.03294712929710686,39.09612274169922,38.11017990112305,36.81412506103516,39.92305374145508
2022-07-20,39.92305374145508,40.13773693169736,39.62090972539389,40.082078663836185,1878800,0.0017782778835480073,38.81669889177595,40.27366547357469,-0.011419656556384217,40.38422775268555,39.09612274169922,38.11017990112305,39.183589935302734
2022-07-21,39.183589935302734,39.231298321358494,38.29305462763169,38.55544620121627,1524200,0.0082841407098031,38.922336033412385,40.12524250575475,-0.018522225552713767,39.92305374145508,40.38422775268555,39.09612274169922,39.199493408203125
2022-07-22,39.199493408203125,39.5095903400553,38.976860335724254,39.03251860384397,860400,-0.005868635393522337,38.958684648786274,40.03437114897229,0.0004058707465715017,39.183589935302734,39.92305374145508,40.38422775268555,40.137733459472656
2022-07-25,40.137733459472656,40.137733459472656,39.326709155322185,39.58910070952433,1417900,0.005312909439328495,39.43348584856306,40.046487172444664,0.023935004503736534,39.199493408203125,39.183589935302734,39.92305374145508,39.48573684692383
2022-07-26,39.48573684692383,40.08207802143425,39.33466484131449,39.99461416386903,1368600,-0.011156853404018507,39.62999398367746,39.945014771961034,-0.016243981818434117,40.137733459472656,39.199493408203125,39.183589935302734,40.41603088378906
2022-07-27,40.41603088378906,40.55120009486085,39.65271187092855,39.81968970592346,1132900,0.015439379667337327,39.81855228969029,39.87307503109887,0.023560255199788882,39.48573684692383,40.137733459472656,39.199493408203125,38.92914962768555
2022-07-28,38.92914962768555,39.7322240766405,38.762174833282295,39.55729636832398,2723500,0.0035088984702702497,39.610683986118865,39.7087498619443,-0.03678939330729547,40.41603088378906,39.48573684692383,40.137733459472656,40.59891128540039
2022-07-29,40.59891128540039,40.662519438196135,39.80378965998976,39.93100899872952,2131500,0.006993020307664244,39.70723506382534,39.63643173944382,0.0428923229426863,38.92914962768555,40.41603088378906,39.48573684692383,40.19339370727539
2022-08-01,40.19339370727539,40.41602980360225,39.867393993414346,40.177490912312905,1277800,-0.0005786949501214167,39.851492745535715,39.55729784284319,-0.009988385532663902,40.59891128540039,38.92914962768555,40.41603088378906,38.84964370727539
2022-08-02,38.84964370727539,39.71632641378244,38.83374091054198,39.684520820315605,1824800,-0.010422717936463322,39.801514216831755,39.4069820585705,-0.03343211100277821,40.19339370727539,40.59891128540039,38.92914962768555,39.15974044799805
2022-08-03,39.15974044799805,40.14569260807605,38.97686283627961,40.13773969317837,1545100,0.0040959603837904535,39.66180092947824,39.33504268101284,0.007981971290629497,38.84964370727539,40.19339370727539,40.59891128540039,39.31080627441406
2022-08-04,39.31080627441406,39.76402529144706,39.16768416028282,39.52548944561094,2600700,0.004661934205276275,39.63681084769113,39.34943044753302,0.003857682014430708,39.15974044799805,38.84964370727539,40.19339370727539,39.50163650512695
2022-08-05,39.50163650512695,39.8514888744556,38.68266232778036,38.7224177962942,1259900,0.005220457551061264,39.50618307931082,39.32671229044596,0.004854396253813231,39.31080627441406,39.15974044799805,38.84964370727539,40.32062149047852
2022-08-08,40.32062149047852,40.6784268693089,40.24906041471244,40.53530471777675,1127600,0.007501329444235205,39.704964773995535,39.348673502604164,0.02073293812131749,39.50163650512695,39.31080627441406,39.15974044799805,41.21114349365234
2022-08-09,41.21114349365234,41.65640953509544,41.17933790979286,41.33836279594286,1376800,0.004581949851993228,39.792426518031526,39.43878682454427,0.022086018772902838,40.32062149047852,39.50163650512695,39.31080627441406,41.69617462158203
2022-08-10,41.69617462158203,41.84724966320812,41.10778635012207,41.84724966320812,1240900,0.026225725065362138,40.00710950578962,39.59364609491257,0.011769416881247219,41.21114349365234,40.32062149047852,39.50163650512695,42.72188186645508
2022-08-11,42.72188186645508,43.04788159092252,42.55490706363841,42.67417348001541,1412600,0.005555699254384594,40.560286385672434,39.773495083763486,0.024599552697146976,41.69617462158203,41.21114349365234,40.32062149047852,42.95246505737305
2022-08-12,42.95246505737305,42.95246505737305,42.1652934146343,42.41973205946648,980800,0.005524778354511817,41.10210418701172,40.065796988351,0.005397308846055715,42.72188186645508,41.69617462158203,41.21114349365234,41.235008239746094
2022-08-15,41.235008239746094,41.40198305418219,40.56710594885341,41.107788900202166,1550800,-0.016483493057190213,41.37699018205915,40.21459833780924,-0.03998505825760845,42.95246505737305,42.72188186645508,41.69617462158203,41.8631477355957
2022-08-16,41.8631477355957,41.99831693322318,41.52919513196985,41.74387829862623,977600,0.0067039237433095256,41.71434892926897,40.346361432756694,0.015233160430028647,41.235008239746094,42.95246505737305,42.72188186645508,41.839298248291016
2022-08-17,41.839298248291016,42.0460315653521,41.147543297213566,41.29066542959486,906700,-0.009988863992370312,41.93130275181362,40.415650503976,-0.0005697012430914139,41.8631477355957,41.235008239746094,42.95246505737305,42.65827178955078
2022-08-18,42.65827178955078,42.77753820053701,42.28456369553511,42.33227207981837,1088900,-0.00896858882054119,42.138035365513396,40.545898982456755,0.019574265715444072,41.839298248291016,41.8631477355957,41.235008239746094,42.157344818115234
2022-08-19,42.157344818115234,42.49129441219925,41.974467226143325,42.37997788083791,1447200,-0.020927631664812263,42.20391682216099,40.687506357828774,-0.011742786344154044,42.65827178955078,41.839298248291016,41.8631477355957,42.14939498901367
2022-08-22,42.14939498901367,42.14939498901367,41.52920110709503,42.022175653411175,1085800,-0.008665498384715531,42.12213298252651,40.8279778616769,-0.00018857518508008653,42.157344818115234,42.65827178955078,41.839298248291016,43.516998291015625
2022-08-23,43.516998291015625,43.58060946540634,42.72187681001813,42.72187681001813,3540600,0.010489351961871618,42.20278058733259,40.98889523460751,0.03244657016686525,42.14939498901367,42.157344818115234,42.65827178955078,42.65827178955078
2022-08-24,42.65827178955078,42.87295193595558,42.30046649029619,42.60261352446096,2716500,-0.0005765748790705905,42.4061039515904,41.13996832711356,-0.019733128092204177,43.516998291015625,42.14939498901367,42.157344818115234,42.9206657409668
2022-08-25,42.9206657409668,43.38978762964948,42.78549651814809,43.278471085410935,2603400,0.012117650011565173,42.5571779523577,41.259236653645836,0.006151068489377742,42.65827178955078,43.516998291015625,42.14939498901367,42.73778533935547
2022-08-26,42.73778533935547,43.71578452825968,42.68212707086769,43.37388200289299,2636000,-0.01767385566531665,42.685533251081196,41.44060025896345,-0.0042608938713821765,42.9206657409668,42.65827178955078,43.516998291015625,43.28641128540039
2022-08-29,43.28641128540039,43.620363876569584,42.88885055452848,42.896803467708615,3954900,0.005223487370547675,42.775267464774,41.56857644943964,0.012837023296565553,42.73778533935547,42.9206657409668,42.65827178955078,41.401981353759766
2022-08-30,41.401981353759766,42.46744441611107,41.401981353759766,42.45949453471847,4875300,-0.035219516485548,42.6673583984375,41.62612824212937,-0.043533983891988814,43.28641128540039,42.73778533935547,42.9206657409668,40.16158676147461
2022-08-31,40.16158676147461,40.95670828386739,40.04232035300443,40.113881411345695,3084400,-0.004189106709456936,42.38338579450335,41.68860172090076,-0.029959788196767367,41.401981353759766,43.28641128540039,42.73778533935547,39.66861343383789
2022-09-01,39.66861343383789,39.90714929094336,39.40622490096627,39.85944393941106,2091500,-0.01742774640956324,41.83361652919224,41.71283376784552,-0.01227474727441813,40.16158676147461,41.401981353759766,43.28641128540039,40.42397689819336
2022-09-02,40.42397689819336,41.37812329814,40.38422143010137,41.00441522515018,3507100,0.0012232231042039743,41.514431544712615,41.765841892787385,0.01904184187368485,39.66861343383789,40.16158676147461,41.401981353759766,40.35242462158203
2022-09-06,40.35242462158203,41.3781323005099,40.312669144840704,41.28271551655257,3818500,0.006719507616157028,41.147539956229075,41.80635561261858,-0.001770045455733671,40.42397689819336,39.66861343383789,40.16158676147461,39.40621948242188
2022-09-07,39.40621948242188,39.724266237113554,38.976853178783166,39.430072154908174,3384900,0.004247571086208213,40.671601976667134,41.76281265985398,-0.023448532474405037,40.35242462158203,40.42397689819336,39.66861343383789,39.27105712890625
2022-09-08,39.27105712890625,39.33466831571717,38.7144713769041,39.056373923141926,2958300,-0.007250584895238776,40.09797995431082,41.67042759486607,-0.0034299751483626295,39.40621948242188,40.35242462158203,40.42397689819336,40.296756744384766
2022-09-09,40.296756744384766,40.32856233145761,39.77197669027375,39.8594405381502,2369500,0.020085091859909143,39.940090724400115,41.603788648332866,0.026118462054934843,39.27105712890625,39.40621948242188,40.35242462158203,40.487586975097656
2022-09-12,40.487586975097656,40.97261159517971,40.40807603511447,40.718172947456,2427400,0.01730308594138119,39.986662183489116,41.49739365350632,0.004735622569413955,40.296756744384766,39.27105712890625,39.40621948242188,39.525489807128906
2022-09-13,39.525489807128906,40.17748920718014,39.39032060540632,39.827636832297095,2483800,-0.029911933160632453,39.96621595110212,41.33420435587565,-0.023762768785418054,40.487586975097656,40.296756744384766,39.27105712890625,40.71817779541016
2022-09-14,40.71817779541016,41.21115538807378,40.24905591410012,40.3444726932179,3257600,0.0054412102678838,40.00824465070452,41.30959338233585,0.030175160234602316,39.525489807128906,40.487586975097656,40.296756744384766,39.80378723144531
2022-09-15,39.80378723144531,40.04232309788508,39.501640182942616,39.92305364809115,1888300,-0.016836912053574737,39.92986788068499,41.21152859642392,-0.02245656887101477,40.71817779541016,39.525489807128906,40.487586975097656,39.883296966552734
2022-09-16,39.883296966552734,39.9151025566198,39.17563926987452,39.41417512908151,1817100,-0.012232543279916519,39.9980218069894,41.11838567824591,0.0019975419586357734,39.80378723144531,40.71817779541016,39.525489807128906,39.45360565185547
2022-09-19,39.45360565185547,39.66320969842932,38.46202579380311,38.56682781709004,2008500,0.005572798361212383,40.024100167410715,40.965782528831845,-0.010773716000901712,39.883296966552734,39.80378723144531,40.71817779541016,38.73612594604492
2022-09-20,38.73612594604492,39.179514917018594,38.453970166861865,39.13114711216856,2287600,-0.006773485848936445,39.801152910505024,40.80286734444754,-0.018185402676290097,39.45360565185547,39.883296966552734,39.80378723144531,38.53459167480469
2022-09-21,38.53459167480469,39.48586428279333,38.53459167480469,39.37300195222991,2807800,-0.004959691625968321,39.52215358189174,40.630733853294736,-0.005202747211245362,38.73612594604492,39.45360565185547,39.883296966552734,38.671634674072266
2022-09-22,38.671634674072266,39.39717942722304,38.63132406950776,39.17145480294512,1691400,-0.009345718292539718,39.40017427716936,40.40000225248791,0.0035563630834365423,38.53459167480469,38.73612594604492,39.45360565185547,36.22896194458008
2022-09-23,36.22896194458008,37.12380331306617,36.0274212066424,37.08349578053216,2557900,-0.033962267543432234,38.75885772705078,40.09384464082264,-0.06316445503478807,38.671634674072266,38.53459167480469,38.73612594604492,36.16447067260742
2022-09-26,36.16447067260742,36.93838637175545,36.01936109460871,36.55948879861798,2660200,-0.01627606304519935,38.23895536150251,39.77212106613886,-0.0017801026723125446,36.22896194458008,38.671634674072266,38.53459167480469,36.68846893310547
2022-09-27,36.68846893310547,37.53494236234871,36.57560662927761,37.08349007177012,2943500,-0.002647213762916767,37.78255135672433,39.48405838012695,0.014489310938399669,36.16447067260742,36.22896194458008,38.671634674072266,37.26084518432617
2022-09-28,37.26084518432617,37.47044615686993,35.962922598765765,36.22089444586593,3627500,0.019243511759660326,37.469299861363005,39.19712666102818,0.015600984937919504,36.68846893310547,36.16447067260742,36.22896194458008,37.60749816894531
2022-09-29,37.60749816894531,37.74454437726726,36.57560763013846,36.78521169321196,2607900,-0.015624964686472231,37.308067321777344,39.01643698556082,0.009303411742387357,37.26084518432617,36.68846893310547,36.16447067260742,37.50270080566406
2022-09-30,37.50270080566406,38.20406171113836,37.46239327321476,37.58331587056268,2469900,-0.0033068960373499046,37.16065434047154,38.88982336861746,-0.002786608213353192,37.60749816894531,37.26084518432617,36.68846893310547,39.68740081787109
2022-10-03,39.68740081787109,39.83251039181536,39.01828718269923,39.034407735121896,1970100,0.02388856744477219,37.30576378958566,38.89071800595238,0.05825447141868434,37.50270080566406,37.60749816894531,37.26084518432617,41.43677520751953
2022-10-04,41.43677520751953,41.43677520751953,40.49356299449771,40.55805750405398,2068600,0.018794537190394367,38.04973711286272,38.938946496872674,0.04407883493495768,39.68740081787109,37.50270080566406,37.60749816894531,41.331974029541016
2022-10-05,41.331974029541016,41.68668461369931,40.67092066913337,41.02563125329167,1739300,-0.00826972539035098,38.78795187813895,38.98559170677548,-0.0025291827719136073,41.43677520751953,39.68740081787109,37.50270080566406,40.88052749633789
2022-10-06,40.88052749633789,41.017576813872985,40.34846000675335,40.372646989417184,3885800,-0.00962160382199928,39.38681738717215,39.055796850295295,-0.010922452745190991,41.331974029541016,41.43677520751953,39.68740081787109,41.041748046875
2022-10-07,41.041748046875,41.60606262222933,40.75959229683135,41.25134902186928,2314600,-0.008419628858649553,39.926946367536274,39.140115465436665,0.0039437003485718325,40.88052749633789,41.331974029541016,41.43677520751953,39.905067443847656
2022-10-10,39.905067443847656,40.71123042251124,39.905067443847656,40.58224446893578,1517600,-0.00587848886683684,40.25517054966518,39.12146359398251,-0.027695716121279856,41.041748046875,40.88052749633789,41.331974029541016,39.34075546264648
2022-10-11,39.34075546264648,39.85669931260624,39.23595340710218,39.42137361124514,2747100,-0.010512526151843282,40.51774978637695,39.06685256958008,-0.014141361419705678,39.905067443847656,41.041748046875,40.88052749633789,38.95379257202149
2022-10-12,38.95379257202149,39.25207199535626,38.56683473425184,38.8973614128843,1662800,-0.010624213473829691,40.41294860839844,39.03962889171782,-0.00983618352200688,39.34075546264648,39.905067443847656,41.041748046875,40.6547966003418
2022-10-13,40.6547966003418,40.81602980058,39.17951696977345,39.187580321182494,1909500,0.02483232178319894,40.301237378801616,39.03661073957171,0.04366722508919585,38.95379257202149,39.34075546264648,39.905067443847656,41.11430740356445
2022-10-14,41.11430740356445,41.42065016294038,40.49356160902757,41.35615565559077,4569100,-0.024230619249001606,40.270142146519255,39.09901646205357,0.011302745103852985,40.6547966003418,38.95379257202149,39.34075546264648,41.59800338745117
2022-10-17,41.59800338745117,42.07363960977116,41.58994311176695,41.58994311176695,2825400,0.03154363046166653,40.37263870239258,39.18066914876302,0.011764663311457868,41.11430740356445,40.6547966003418,38.95379257202149,41.53351593017578
2022-10-18,41.53351593017578,42.11395424353206,41.11431082333709,42.02527582618401,3264700,-0.009759191220919616,40.44289125714983,39.2797124953497,-0.0015502536666182065,41.59800338745117,41.11430740356445,40.6547966003418,41.96884536743164
2022-10-19,41.96884536743164,42.08170769130212,41.41259094940187,41.54157690172065,1660100,-0.0019711950866634353,40.73771667480469,39.43365151541574,0.010481401044585725,41.53351593017578,41.59800338745117,41.11430740356445,41.79954147338867
2022-10-20,41.79954147338867,42.41222694586916,41.49320181241557,42.178438987284046,2307200,-0.0072415649900126056,41.08897181919643,39.589125315348305,-0.004034037452322892,41.96884536743164,41.53351593017578,41.59800338745117,42.06557846069336
2022-10-21,42.06557846069336,42.16231714323218,41.14655328840638,41.29972312536512,2320400,0.021883298732922052,41.53351266043527,39.75074168613979,0.006364591043996448,41.79954147338867,41.96884536743164,41.53351593017578,42.47672653198242
2022-10-24,42.47672653198242,42.96042616768106,42.21875462305024,42.30743304335838,2442900,-0.0259571778057337,41.793788364955354,40.0482542855399,0.00977397878108932,42.06557846069336,41.79954147338867,41.96884536743164,42.54122161865234
2022-10-25,42.54122161865234,42.90399558148549,42.54122161865234,42.7185784616525,2645600,0.016655584665412615,41.997633252825054,40.35190909249442,0.0015183629233141982,42.47672653198242,42.06557846069336,41.79954147338867,43.339317321777344
2022-10-26,43.339317321777344,43.50055052118685,42.613772537335805,42.65408006837131,1871700,0.022280404036727486,42.24639238630022,40.66861615862165,0.018760526208656758,42.54122161865234,42.47672653198242,42.06557846069336,43.734336853027344
2022-10-27,43.734336853027344,44.16966555239353,43.61341118922538,43.67790569665773,3195400,-0.002564064133281141,42.56079537527902,40.97687766665504,0.009114576686040987,43.339317321777344,42.54122161865234,42.47672653198242,44.153541564941406
2022-10-28,44.153541564941406,44.701732572569846,43.70208924240406,44.58080690975547,1924100,-0.007069368129659748,42.87289483206613,41.28859401884533,0.009585253649159853,43.734336853027344,43.339317321777344,42.54122161865234,44.153541564941406
2022-10-31,44.153541564941406,44.48406822466438,43.61341083304249,43.76658374930968,2091300,-0.0006473055238455094,43.209180559430806,41.60530072166806,0.0,44.153541564941406,43.734336853027344,43.339317321777344,45.024200439453125
2022-11-01,45.024200439453125,45.209620627944695,44.70173709808151,45.169310019414034,1450300,0.012953371815923376,43.63184084211077,41.85943403698149,0.019718891025562346,44.153541564941406,44.153541564941406,43.734336853027344,44.1696662902832
2022-11-02,44.1696662902832,45.22573772735765,44.024556721403634,45.22573772735765,2203200,-0.014066480803099912,43.873689379010884,41.989571707589285,-0.018979440852460394,45.024200439453125,44.153541564941406,44.153541564941406,44.83878326416016
2022-11-03,44.83878326416016,45.14512605201664,44.22610076371484,44.30671583012924,2892500,-0.013618670988225445,44.20191247122629,42.15656262352353,0.015148789431179255,44.1696662902832,45.024200439453125,44.153541564941406,46.305999755859375
2022-11-04,46.305999755859375,46.6445898014199,45.781995672034576,46.16089017565739,1630200,0.05654170418566329,44.62572424752371,42.414918445405505,0.03272204071763829,44.83878326416016,44.1696662902832,45.024200439453125,46.65264892578125
2022-11-07,46.65264892578125,47.06379375128857,46.57203386111232,46.86225301434864,1252100,0.0018669316865909114,45.04262597220285,42.6821042015439,0.007486053033074036,46.305999755859375,44.83878326416016,44.1696662902832,46.22538375854492
2022-11-08,46.22538375854492,46.70102002290486,46.064150553203525,46.31406217524607,1891900,0.013043408226157016,45.33860342843192,42.983071645100914,-0.009158433166700952,46.65264892578125,46.305999755859375,44.83878326416016,45.38697052001953
2022-11-09,45.38697052001953,46.19313341762296,45.34666299019284,45.9190379094271,1315100,-0.01716737445141414,45.51480756487165,43.27098664783296,-0.018137507368349515,46.22538375854492,46.65264892578125,46.305999755859375,46.08027267456055
2022-11-10,46.08027267456055,46.70907877203732,45.72556209462166,46.11251992962794,2211900,0.044291987435937985,45.665675027029856,43.610342843191965,0.01527535648662015,45.38697052001953,46.22538375854492,46.65264892578125,47.45880889892578
2022-11-11,47.45880889892578,47.72484413114043,47.2008370178332,47.58779483947208,2083200,0.01254479685555765,46.13555254255022,43.93434342883882,0.02991597367708887,46.08027267456055,45.38697052001953,46.22538375854492,46.79774856567383
2022-11-14,46.79774856567383,47.64421886603411,46.79774856567383,47.32981587520889,1684200,-0.008259583111460245,46.415404728480745,44.20498348417736,-0.013929138732913238,47.45880889892578,46.08027267456055,45.38697052001953,48.01506805419922
2022-11-15,48.01506805419922,48.53101186783378,47.692601633043765,48.144054007607856,2308500,0.0047590610328183125,46.6595573425293,44.51055799211775,0.026012351573218462,46.79774856567383,47.45880889892578,46.08027267456055,48.44232940673828
2022-11-16,48.44232940673828,48.99858070779264,48.13598663972536,48.80510333145523,2424800,-0.00473651964673627,46.915225982666016,44.83954911004929,0.008898484785167193,48.01506805419922,46.79774856567383,47.45880889892578,48.47457885742188
2022-11-17,48.47457885742188,48.490702485391736,47.63616865459463,47.83770939131651,1805600,0.002379560885769738,47.23653956821987,45.149345942905974,0.0006657287351485852,48.44232940673828,48.01506805419922,46.79774856567383,48.03118896484375
2022-11-18,48.03118896484375,48.28109750559334,47.39431951049748,48.13598793181146,2257700,0.000593523450296285,47.614285060337615,45.44609106154669,-0.009146853939304367,48.47457885742188,48.44232940673828,48.01506805419922,46.749393463134766
2022-11-21,46.749393463134766,47.039609558295865,45.798120882403566,47.03154928145852,2797000,-0.00771062247326848,47.709873744419646,45.669129871186755,-0.02668673271126376,48.03118896484375,48.47457885742188,48.44232940673828,48.42620468139648
2022-11-22,48.42620468139648,48.5713142479928,47.62810514038418,47.84576641501126,1616400,0.015540954260534257,47.84807314191546,45.95243835449219,0.03586808499631111,46.749393463134766,48.03118896484375,48.47457885742188,48.579376220703125
2022-11-23,48.579376220703125,48.61968682692925,47.86189171372998,48.007001285395056,1525900,0.014125923656107098,48.102591378348215,46.23996952601841,0.0031629887230351095,48.42620468139648,46.749393463134766,48.03118896484375,48.86153793334961
2022-11-25,48.86153793334961,49.13563346520447,48.72448862978834,48.77285951491602,487600,-0.0046431130534089204,48.22351564679827,46.50293241228376,0.005808261336345266,48.579376220703125,48.42620468139648,46.749393463134766,48.04731750488281
2022-11-28,48.04731750488281,48.66806343475294,47.85384009118732,48.03925722734052,993900,-0.00758018027307561,48.167085375104634,46.708312443324495,-0.0166638313672699,48.86153793334961,48.579376220703125,48.42620468139648,49.16787338256836
2022-11-29,49.16787338256836,49.53870755405576,48.901838166979225,48.901838166979225,1414400,0.009988339278873326,48.26612745012556,46.94709014892578,0.023321923800879718,48.04731750488281,48.86153793334961,48.579376220703125,50.32069778442383
2022-11-30,50.32069778442383,50.562549167710486,49.67576793795162,50.40131593727541,2051900,0.01861543085291517,48.593200138636995,47.24076425461542,0.023446700508795715,49.16787338256836,48.04731750488281,48.86153793334961,49.7402572631836
2022-12-01,49.7402572631836,50.55448053266888,49.6596391187553,50.489989092394005,1413000,-0.015419761402513554,49.02046639578683,47.465338389078774,-0.011534826558384781,50.32069778442383,49.16787338256836,48.04731750488281,49.71564865112305
2022-12-02,49.71564865112305,50.04374872487496,49.46136851252048,49.74025529617283,1197200,0.008120527494342555,49.20467267717634,47.72943278721401,-0.000494742355881761,49.7402572631836,50.32069778442383,49.16787338256836,49.02663040161133
2022-12-05,49.02663040161133,50.552304849864285,48.84617334200436,50.37184779025731,1586500,-0.012658038966231522,49.2685661315918,47.92885407947359,-0.013859182535198689,49.71564865112305,49.7402572631836,50.32069778442383,49.313720703125
2022-12-06,49.313720703125,49.99453373051855,48.9774163398047,49.72384812810214,3443900,-0.007575762083323889,49.333163670131135,48.07207888648624,0.005855803247376334,49.02663040161133,49.71564865112305,49.7402572631836,48.600093841552734
2022-12-07,48.600093841552734,49.354726708131615,48.43604226607189,49.0020200450296,1681300,0.011743923684700563,49.41213171822684,48.16481435866583,-0.014471162414784966,49.313720703125,49.02663040161133,49.71564865112305,49.01842498779297
2022-12-08,49.01842498779297,49.66642702436785,48.86257770377854,49.56799732546525,1767700,0.0011607486342775086,49.390781947544646,48.29781632196335,0.008607620133493699,48.600093841552734,49.313720703125,49.02663040161133,48.25559997558594
2022-12-09,48.25559997558594,48.87899235778138,48.1407616547644,48.411447288878726,1382400,-0.008695699010778601,49.095767974853516,48.434417724609375,-0.01556200576409783,49.01842498779297,48.600093841552734,49.313720703125,49.01842498779297
2022-12-12,49.01842498779297,49.17427540083112,48.47705695029308,48.55088000672596,1064400,-0.0035085999270001444,48.99264907836914,48.574329739525204,0.015808010108525616,48.25559997558594,49.01842498779297,48.600093841552734,50.5769157409668
2022-12-13,50.5769157409668,51.06086624499599,50.33904107496409,50.81479040696949,1331500,0.00938958893787123,49.115687234061106,48.72281101771763,0.03179397856136612,49.01842498779297,48.25559997558594,49.01842498779297,49.76486206054688
2022-12-14,49.76486206054688,50.72456189710204,49.69924329724877,50.62613218764286,1172400,0.0023255463306457447,49.22114889962332,48.86410213652111,-0.01605581654245003,50.5769157409668,49.01842498779297,48.25559997558594,49.51057815551758
2022-12-15,49.51057815551758,50.11756492984829,49.03482888950694,49.94531218002663,1037900,-0.031322449187479395,49.249271392822266,48.93531690325056,-0.005109707823964804,49.76486206054688,50.5769157409668,49.01842498779297,48.88718795776367
2022-12-16,48.88718795776367,48.91999890282967,48.24739017409645,48.46065818800149,1296200,-0.005389201311524983,49.29028483799526,48.95650064377558,-0.012591050659836345,49.51057815551758,49.76486206054688,50.5769157409668,49.174278259277344
2022-12-19,49.174278259277344,49.62541779524754,48.96101024873033,49.53518926224872,1232300,0.005987123249947102,49.31254959106445,48.98981966291155,0.005872505936764139,48.88718795776367,49.51057815551758,49.76486206054688,49.871490478515625
2022-12-20,49.871490478515625,50.18318817404426,49.526984969529,49.65002131029978,1011900,-0.010539257665479917,49.54339109148298,49.077453068324495,0.014178392523874983,49.174278259277344,48.88718795776367,49.51057815551758,51.78268432617188
2022-12-21,51.78268432617188,51.79908979699766,50.83939009234237,51.27412411764319,1471100,0.025062682953293614,49.93828528267996,49.31713358561198,0.03832237274880712,49.871490478515625,49.174278259277344,48.88718795776367,50.987037658691406
2022-12-22,50.987037658691406,51.74987486427364,50.45387079319029,51.72526822184315,1122400,-0.017114931953975843,49.996874128069194,49.43907801310221,-0.01536511051587841,51.78268432617188,49.871490478515625,49.174278259277344,51.84830856323242
2022-12-23,51.84830856323242,51.87291833658532,51.25772719617006,51.29053501226733,930800,0.0118159327102203,50.29450934273856,49.59474145798456,0.0168919581150484,50.987037658691406,51.78268432617188,49.871490478515625,51.987754821777344
2022-12-27,51.987754821777344,52.34866584010759,51.6350449754215,52.06157788564308,963300,0.007375545395206018,50.64839172363281,49.74360892886207,0.0026895044874002405,51.84830856323242,50.987037658691406,51.78268432617188,51.25772857666016
2022-12-28,51.25772857666016,52.51271440659537,51.11828362065133,52.49631206261695,1169600,-0.014643150150183915,50.98704038347517,49.89648564656576,-0.01404227298562577,51.987754821777344,51.84830856323242,50.987037658691406,51.58051681518555
2022-12-29,51.58051681518555,52.0701003555045,51.381362847324894,51.84605332870312,1459400,0.009287935899511046,51.33078874860491,50.011373429071334,0.006297357442256235,51.25772857666016,51.987754821777344,51.84830856323242,51.51413345336914
2022-12-30,51.51413345336914,52.01201361696525,51.20710429255482,51.64690170802443,1033200,-0.014723942405962864,51.56545203072684,50.06820369902111,-0.0012869852012972194,51.58051681518555,51.25772857666016,51.987754821777344,50.98305892944336
2023-01-03,50.98305892944336,52.3688306001368,50.96646250139042,52.169676628946455,1876900,0.009339924040431491,51.451219831194194,50.12738473074777,-0.010309297435945664,51.51413345336914,51.58051681518555,51.25772857666016,50.684329986572266
2023-01-04,50.684329986572266,51.38136093452346,50.41049368663874,51.07433494571951,1507900,0.017890333512964762,51.40797587803432,50.17351241338821,-0.005859376607522004,50.98305892944336,51.51413345336914,51.58051681518555,50.70922470092773
2023-01-05,50.70922470092773,50.86688601590768,50.33581299129636,50.37730247782319,1097600,-0.012121284164043122,51.24524961199079,50.253635951450896,0.0004911718150768518,50.684329986572266,50.98305892944336,51.51413345336914,51.30668640136719
2023-01-06,51.30668640136719,51.80456659935172,50.98306079068762,51.24859731833872,2221500,0.020245299874313227,51.14795412336077,50.34853907993862,0.011782110729618989,50.70922470092773,50.684329986572266,50.98305892944336,51.63860702514648
2023-01-09,51.63860702514648,52.34394101977356,51.44775283802016,52.18627652551405,2200000,0.0036080602731809464,51.202365330287385,50.49323018391927,0.006469344388813303,51.30668640136719,50.70922470092773,50.684329986572266,52.40201950073242
2023-01-10,52.40201950073242,52.46840204248839,51.746474886626665,52.03690444201795,1701800,0.008388265357463176,51.31972285679409,50.65435373215448,0.014783754240585534,51.63860702514648,51.30668640136719,50.70922470092773,52.5596809387207
2023-01-11,52.5596809387207,52.96628548273096,52.39371983574826,52.86670692168064,1230600,0.007130132293258873,51.46908678327288,50.85930996849423,0.003008690113289969,52.40201950073242,51.63860702514648,51.30668640136719,53.563751220703125
2023-01-12,53.563751220703125,53.87907387576652,52.8169277419842,53.19863611313157,1724300,0.017699133569321734,51.8377571105957,51.07575407482329,0.019103431833101592,52.5596809387207,52.40201950073242,51.63860702514648,53.630130767822266
2023-01-13,53.630130767822266,53.82098811941738,53.46417280800158,53.68821668684854,1419400,0.00985496832560151,52.25858579363142,51.22114526657831,0.0012392624789407947,53.563751220703125,52.5596809387207,52.40201950073242,53.032676696777344
2023-01-17,53.032676696777344,53.912268470554494,52.991187205610885,53.57204641283184,1382300,-0.023536078801822624,52.59050750732422,51.37675548735119,-0.01114026877225871,53.630130767822266,53.563751220703125,52.5596809387207,52.48500442504883
2023-01-18,52.48500442504883,53.97865135210986,52.46840799636536,53.92056543444028,1420900,0.002939334563579976,52.75883865356445,51.518394833519345,-0.010327072021273143,53.032676696777344,53.630130767822266,53.563751220703125,52.75054168701172
2023-01-19,52.75054168701172,52.92479944244492,52.12818984722588,52.35223688940221,1260000,-0.0017583858992656909,52.917686462402344,51.702364058721635,0.005059297696013099,52.48500442504883,53.032676696777344,53.630130767822266,52.94139099121094
2023-01-20,52.94139099121094,53.01607333171881,52.60117214344059,52.95798741859544,1356300,0.00998239442733273,52.9947395324707,51.8817503792899,0.0036179591355023355,52.75054168701172,52.48500442504883,53.032676696777344,53.20693588256836
2023-01-23,53.20693588256836,53.54715159826293,53.03267496066154,53.11565710572316,1139900,0.008720939227792046,53.08720452444894,52.04058111281622,0.005015827623446878,52.94139099121094,52.75054168701172,52.48500442504883,53.00778198242188
2023-01-24,53.00778198242188,53.37289392492615,52.59288075280308,53.07416453312939,1283000,0.0005763694654385976,53.007780347551616,52.098919096447176,-0.003743006373943869,53.20693588256836,52.94139099121094,52.75054168701172,52.76713562011719
2023-01-25,52.76713562011719,52.982882854909214,52.16967686923927,52.40202369760568,2248600,0.005760261000719913,52.884495326450896,52.183685666038876,-0.004539830819265345,53.00778198242188,53.20693588256836,52.94139099121094,53.51395797729492
2023-01-26,53.51395797729492,53.58034369239777,52.41861900165898,53.18203573267095,2181800,0.002863804563120187,52.95324979509626,52.263002304803756,0.014153172204651732,52.76713562011719,53.00778198242188,53.20693588256836,52.48500442504883
2023-01-27,52.48500442504883,53.11565605324018,52.37712922132884,53.01607748113937,1177800,-0.009137644894962382,52.95324979509626,52.28668085734049,-0.019227760216926182,53.51395797729492,52.76713562011719,53.00778198242188,51.90414047241211
2023-01-30,51.90414047241211,52.377127596157095,51.82116149701457,52.19457321719351,1731900,-0.011527502923884936,52.83233533586775,52.31746237618582,-0.011067236423047633,52.48500442504883,53.51395797729492,52.76713562011719,51.48094177246094
2023-01-31,51.48094177246094,51.53902768735708,50.966462004173785,51.323277290218606,4315900,-0.0034984313551953417,52.62369973318918,52.31272070748465,-0.008153467066391529,51.90414047241211,52.48500442504883,53.51395797729492,50.667728424072266
2023-02-01,50.667728424072266,51.3979521523281,50.00388406682952,51.29008013490397,2258100,0.019894695901195636,52.260955810546875,52.27241570608957,-0.01579639611068051,51.48094177246094,51.90414047241211,52.48500442504883,49.9955940246582
2023-02-02,49.9955940246582,50.60964918638752,49.50601048767446,50.56815653450906,2221600,-0.008605860738750248,51.83064324515207,52.22539356776646,-0.0132655325257236,50.667728424072266,51.48094177246094,51.90414047241211,50.28602981567383
2023-02-03,50.28602981567383,51.30668966777853,50.09517562211429,50.593059017241394,1452900,-0.01620372033969364,51.47619955880301,52.20642689296177,0.005809227726594868,49.9955940246582,50.667728424072266,51.48094177246094,49.9955940246582
2023-02-06,49.9955940246582,50.38560216111243,49.27366683129062,50.25283390525811,2087600,-0.008235186757653667,50.97357613699777,52.17244447980608,-0.005775675512269207,50.28602981567383,49.9955940246582,50.667728424072266,51.26519775390625
2023-02-07,51.26519775390625,51.4062658258097,50.468588108689616,50.50178096860165,2154700,0.013048531112220596,50.79931804112026,52.17046882992699,0.025394312319239054,49.9955940246582,50.28602981567383,49.9955940246582,50.55156707763672
2023-02-08,50.55156707763672,51.3813695825128,50.16985868510061,50.95817169782195,2485600,-0.009953171930857208,50.60609327043806,52.11870502290272,-0.013920373031530042,51.26519775390625,49.9955940246582,50.28602981567383,51.24859619140625
2023-02-09,51.24859619140625,51.73817974701821,51.032848954475824,51.638604342699935,2053400,0.0,50.5729010445731,52.06378010341099,0.01378847687746343,50.55156707763672,51.26519775390625,49.9955940246582,52.88330459594727
2023-02-10,52.88330459594727,52.99947642113485,52.34393495536997,52.52648932404552,1366600,-0.0076876502168111704,50.88941192626953,52.079190753755114,0.03189762307704225,51.24859619140625,50.55156707763672,51.26519775390625,53.09905624389648
2023-02-13,53.09905624389648,53.33139673433728,52.634365766680176,52.94969156069999,1176200,0.004171519342293095,51.332763671875,52.057062421526226,0.004079768645277593,52.88330459594727,51.24859619140625,50.55156707763672,53.83757781982422
2023-02-14,53.83757781982422,53.9454561843691,53.07416112575092,53.248418871296565,1368500,0.004154307044598626,51.840127672467915,52.06694085257394,0.013908374803038637,53.09905624389648,52.88330459594727,51.24859619140625,53.655033111572266
2023-02-15,53.655033111572266,53.72971229833314,52.85842029955735,53.25672512284213,1347500,-0.011820343363149854,52.36290468488421,52.09657687232608,-0.0033906560369946215,53.83757781982422,53.09905624389648,52.88330459594727,53.00778198242188
2023-02-16,53.00778198242188,53.4060867830025,52.86671391832,52.89990677639634,1045600,-0.0011960556219506868,52.611845288957866,52.121471041724796,-0.01206319503716391,53.655033111572266,53.83757781982422,53.09905624389648,51.66349792480469
2023-02-17,51.66349792480469,52.14478485385867,51.48094354261616,52.07010250850357,1491400,-0.005389344683165653,52.77069255283901,52.06970705304827,-0.025360126519969772,53.00778198242188,53.655033111572266,53.83757781982422,52.02861404418945
2023-02-21,52.02861404418945,52.38542934952671,51.80456700371407,51.82946006417407,1676600,-0.016255225934591833,52.88212367466518,52.02624148414249,0.007067197035635964,51.66349792480469,53.00778198242188,53.655033111572266,51.27349853515625
2023-02-22,51.27349853515625,51.85436093297772,51.04945147462031,51.51414202596656,1719500,-0.007956065148532088,52.65215138026646,51.93417303902762,-0.01451346577081336,52.02861404418945,51.66349792480469,53.00778198242188,52.54308319091797
2023-02-23,52.54308319091797,52.62606215759568,51.88753859165216,52.10328896972569,1276000,-0.0006167214508829844,52.572726658412385,51.912044525146484,0.024761030396457384,51.27349853515625,52.02861404418945,51.66349792480469,51.94562911987305
2023-02-24,51.94562911987305,51.9622255477731,50.99965488768453,51.15731937001258,2240000,-0.012345751870349142,52.30244827270508,51.872925167992,-0.011370746343035143,52.54308319091797,51.27349853515625,52.02861404418945,51.80456161499024
2023-02-27,51.80456161499024,52.24435585307673,51.6054076556909,51.829454672860855,2776800,0.010624949525930516,52.03809520176479,51.79152534121559,-0.002715676126614386,51.94562911987305,52.54308319091797,51.27349853515625,51.37306213378906
2023-02-28,51.37306213378906,52.19456783344634,51.16561155124825,52.16967161103906,1586200,0.004947438946965033,51.80456379481724,51.738575708298455,-0.008329372312964822,51.80456161499024,51.94562911987305,52.54308319091797,51.60540771484375
2023-03-01,51.60540771484375,51.887540644331736,51.26518887329454,51.580514656944594,3624800,0.015384692833824376,51.796265193394255,51.72435033889044,0.004522712320507605,51.37306213378906,51.80456161499024,51.94562911987305,51.91243743896485
2023-03-02,51.91243743896485,52.07009874980252,51.47264003008953,51.54732237005365,2344500,-0.010909161721039284,51.77966853550503,51.7448977515811,0.005949564933536822,51.60540771484375,51.37306213378906,51.80456161499024,52.078399658203125
2023-03-03,52.078399658203125,52.21946771880866,51.23200395635027,51.331579362666176,1863200,0.010416677990324308,51.89465441022601,51.812072572253996,0.0031969644930158747,51.91243743896485,51.60540771484375,51.37306213378906,52.66756057739258
2023-03-06,52.66756057739258,52.88330781366179,52.32734171202323,52.56798200793445,1361100,-0.016373577348898438,51.9124368940081,51.93930907476516,0.011312961286371825,52.078399658203125,51.91243743896485,51.60540771484375,51.779666900634766
2023-03-07,51.779666900634766,52.484997618259584,51.44774470090268,52.4767009877164,1263200,-0.022811247439811222,51.88872800554549,52.01043465023949,-0.01685845455957835,52.66756057739258,52.078399658203125,51.91243743896485,51.42285919189453
2023-03-08,51.42285919189453,51.88754654119461,51.18221572003833,51.580520518914895,860300,-0.001261893092103783,51.83419908796038,52.078399658203125,-0.006890884590373014,51.779666900634766,52.66756057739258,52.078399658203125,50.57646179199219
2023-03-09,50.57646179199219,51.613714892051725,50.52667250362904,51.20711028403248,1451000,-0.012002539551927316,51.72039903913225,52.04560270763579,-0.01645955540402455,51.42285919189453,51.779666900634766,52.66756057739258,50.62623977661133
2023-03-10,50.62623977661133,51.43114906580876,50.41878918994764,51.02454768859698,1121400,0.0,51.58051790509905,52.049158550444105,0.0009842124746461955,50.57646179199219,51.42285919189453,51.779666900634766,49.09111022949219
2023-03-13,49.09111022949219,49.879423148556576,48.62641974240966,48.9749383990828,2956300,-0.0038363212454597395,51.17747116088867,51.94642112368629,-0.030322804022042904,50.62623977661133,50.57646179199219,51.42285919189453,49.73836135864258
2023-03-14,49.73836135864258,50.31092711698941,49.24877775064439,49.65538237373931,1373900,-0.0019255476420581008,50.84317997523716,51.79666192190988,0.013184691202227983,49.09111022949219,50.62623977661133,50.57646179199219,47.589168548583984
2023-03-15,47.589168548583984,47.589168548583984,46.36936111734296,46.37765774892633,2953000,-0.028938874551222127,50.11769539969308,51.53428631737118,-0.04320996412731937,49.73836135864258,49.09111022949219,50.62623977661133,47.763427734375
2023-03-16,47.763427734375,47.763427734375,45.66402549005724,46.09552312198332,3093200,0.0,49.54394694737026,51.24504107520694,0.0036617404990615388,47.589168548583984,49.73836135864258,49.09111022949219,47.099586486816406
2023-03-17,47.099586486816406,47.48959465802909,46.427448516533495,47.414912309614856,2636600,-0.00529801877804581,48.92633656093052,50.932876950218564,-0.013898526111869258,47.763427734375,47.589168548583984,49.73836135864258,48.04707717895508
2023-03-20,48.04707717895508,48.32451269492173,47.668753105284665,47.71919417704908,1412000,0.0073235106444689,48.56499590192522,50.69665291195824,0.020116751819124312,47.099586486816406,47.763427734375,47.589168548583984,49.48470687866211
2023-03-21,49.48470687866211,50.04798691018947,48.93823840014933,49.89665727635785,1849800,-0.001982752651134456,48.40191977364676,50.592900957380024,0.029921272720762282,48.04707717895508,47.099586486816406,47.763427734375,48.89620208740234
2023-03-22,48.89620208740234,49.8714357034482,48.89620208740234,49.34178199604344,1177500,0.01059603755609162,48.374075753348215,50.4437384832473,-0.01189265994245059,49.48470687866211,48.04707717895508,47.099586486816406,47.97140502929688
2023-03-23,47.97140502929688,49.31655352212968,47.7948516838544,49.0643385806094,1576800,0.009829565491468628,48.12165342058454,50.28649593534924,-0.018913474229601213,48.89620208740234,49.48470687866211,48.04707717895508,46.828033447265625
2023-03-24,46.828033447265625,47.21476328960576,46.25634445985525,46.735553874730506,1301600,0.001297923903782694,48.01291983468192,50.01435070946103,-0.02383444014893832,47.97140502929688,48.89620208740234,49.48470687866211,48.089115142822266
2023-03-27,48.089115142822266,48.17318573848617,47.02980767776629,47.37450225132852,2822700,-0.0012962414809793987,48.05944660731724,49.83070718674433,0.026930058828474657,46.828033447265625,47.97140502929688,48.89620208740234,48.64397811889648
2023-03-28,48.64397811889648,48.93822834249133,48.10591873455912,48.2152098421304,2854600,0.014276459390485607,48.280073983328684,49.68020321073986,0.011538223866800035,48.089115142822266,46.828033447265625,47.97140502929688,48.89620208740234
2023-03-29,48.89620208740234,49.20726712510911,48.870981551316994,49.11478755001284,1608300,0.007037755465144402,48.401377541678286,49.56225749424526,0.005185101594474162,48.64397811889648,48.089115142822266,46.828033447265625,49.72010803222656
2023-03-30,49.72010803222656,50.13206164468476,49.60240791640639,50.123652660933246,1252700,0.013977143214245702,48.43500627790178,49.47248131888254,0.01685010102321427,48.89620208740234,48.64397811889648,48.089115142822266,49.64444351196289
2023-03-31,49.64444351196289,49.85462320778584,49.49311387440336,49.55196393266677,838100,0.0006266288289153987,48.54189790998186,49.364481608072914,-0.0015218092489789337,49.72010803222656,48.89620208740234,48.64397811889648,53.08298110961914
2023-04-03,53.08298110961914,53.36882561154432,52.31792717903812,52.51970108919782,2557100,0.013149606872640662,49.27212306431361,49.41231882004511,0.06926329221169869,49.64444351196289,49.72010803222656,48.89620208740234,52.19182205200195
2023-04-04,52.19182205200195,52.70465780058524,51.8807538023438,52.52810763105226,1837200,-0.0024722513617788655,50.03837857927594,49.38966460455032,-0.016788037125814337,53.08298110961914,49.64444351196289,49.72010803222656,52.72987747192383
2023-04-05,52.72987747192383,52.88120709329021,52.20862957295638,52.72987747192383,1170600,-0.00805453177789972,50.70134462629045,49.43491272699265,0.010309190190481932,52.19182205200195,53.08298110961914,49.64444351196289,52.79713439941406
2023-04-06,52.79713439941406,53.16705268472013,52.68784006902023,52.97368455898976,982300,-0.00499675936459909,51.2946526663644,49.5003544035412,0.0012754994078270077,52.72987747192383,52.19182205200195,53.08298110961914,53.21748733520508
2023-04-10,53.21748733520508,53.27633738129789,52.57854260316011,52.57854260316011,854900,0.0037664201999658697,51.91197913033621,49.626117524646574,0.007961661945722565,52.79713439941406,52.72987747192383,52.19182205200195,53.5201530456543
2023-04-11,53.5201530456543,53.80599753584698,53.41926769825905,53.58741208197604,1540700,0.0,52.454842703683035,49.76392291841053,0.005687335603479227,53.21748733520508,52.79713439941406,52.72987747192383,53.856441497802734
2023-04-12,53.856441497802734,54.32724836316002,53.77237090497378,54.09184172339384,893900,-0.008130151459274648,53.056556701660156,49.99084345499674,0.0062833985519730184,53.5201530456543,53.21748733520508,52.79713439941406,54.1675033569336
2023-04-13,54.1675033569336,54.51219467112293,54.04139427547922,54.51219467112293,1199200,0.03404789523537155,53.21148845127651,50.201754978724885,0.005775759602378416,53.856441497802734,53.5201530456543,53.21748733520508,54.604679107666016
2023-04-14,54.604679107666016,54.65512659325261,54.15069663661104,54.53742648384207,977600,-0.014024346159640988,53.55618231637137,50.53582691010975,0.008070812270074113,54.1675033569336,53.856441497802734,53.5201530456543,54.08343124389648
2023-04-17,54.08343124389648,54.52060211117233,53.87325158547702,54.47016104568738,1291500,-0.0012368597367412582,53.749547140938894,50.8367794581822,-0.009545846112231082,54.604679107666016,54.1675033569336,53.856441497802734,53.96573638916016
2023-04-18,53.96573638916016,54.31042772707197,53.64626237935271,53.78918302155578,2927300,-0.01300311025931522,53.916490282331196,51.163738977341424,-0.00217617211092902,54.08343124389648,54.604679107666016,54.1675033569336,53.5958137512207
2023-04-19,53.5958137512207,53.789178655198185,53.16704865232927,53.22589870105776,2412000,0.008155592514944576,53.97053691319057,51.427964528401695,-0.006854768649349197,53.96573638916016,54.08343124389648,54.604679107666016,53.41085815429688
2023-04-20,53.41085815429688,53.42767291320074,52.91483399143864,52.9316487503425,754300,-0.004355886226982353,53.954923357282375,51.61492411295573,-0.0034509336453466544,53.5958137512207,53.96573638916016,54.08343124389648,53.34360504150391
2023-04-21,53.34360504150391,53.36882557760001,52.92324566876879,52.9568751882886,621200,-0.009374948216915424,53.881661006382544,51.826705206008185,-0.0012591655539156976,53.41085815429688,53.5958137512207,53.96573638916016,54.12546920776367
2023-04-24,54.12546920776367,54.23476674708833,53.57900396075233,53.595818720103246,1339800,-0.0018928707299876724,53.87565612792969,52.11975588117327,0.014657130234288163,53.34360504150391,53.41085815429688,53.5958137512207,53.17545700073242
2023-04-25,53.17545700073242,53.69670168915832,52.93164781158148,53.65466639618785,915400,-0.015170624749158312,53.671481541224885,52.42201414562407,-0.017552036424563378,54.12546920776367,53.34360504150391,53.41085815429688,53.28475189208984
2023-04-26,53.28475189208984,54.49538566072414,53.04094270035843,54.46175614315692,1400400,0.0019255476420583229,53.557384490966804,52.66942541939871,0.0020553634613034166,53.17545700073242,54.12546920776367,53.34360504150391,52.771915435791016
2023-04-27,52.771915435791016,53.25953063491365,52.46925617774164,52.713065380846686,2009600,0.002562462712044411,53.38683864048549,52.86599386306036,-0.009624450487024871,53.28475189208984,53.17545700073242,54.12546920776367,53.74715042114258
2023-04-28,53.74715042114258,53.77237095759844,52.52810758140449,52.662622454314985,1156000,0.010862568459826027,53.40845816476004,53.09699140276228,0.018480189269198588,52.771915435791016,53.28475189208984,53.17545700073242,53.015716552734375
2023-05-01,53.015716552734375,53.65466128342739,52.83916320774253,53.4865169204807,1112700,-0.009481617105126738,53.35200936453683,53.253925141834074,-0.013608793446293621,53.74715042114258,52.771915435791016,53.28475189208984,51.01481246948242
2023-05-02,51.01481246948242,51.89756648896739,50.67011792065162,51.89756648896739,1989900,-0.004467139428754208,53.0193247113909,53.31918080647787,-0.037741715350799176,53.015716552734375,53.74715042114258,52.771915435791016,50.459938049316406
2023-05-03,50.459938049316406,51.03162703650381,50.34223794144031,50.426308530755406,2652700,0.0025641053181113538,52.49567740304129,53.194273994082494,-0.010876731547292184,51.01481246948242,53.015716552734375,53.74715042114258,50.66170883178711
2023-05-04,50.66170883178711,51.16614198978903,50.17409364018141,50.81303845847894,1711400,-0.004475708119702881,52.136570521763396,53.12141145978655,0.003998633178532662,50.459938049316406,51.01481246948242,53.015716552734375,52.05730438232422
2023-05-05,52.05730438232422,52.38518739458323,51.63694499988134,51.653759760029565,811600,0.01284529228244935,51.96122087751116,53.08938416980562,0.02754734458663699,50.66170883178711,50.459938049316406,51.01481246948242,51.67057418823242
2023-05-08,51.67057418823242,52.61218150795839,51.63694466815202,52.54492246779758,1028800,0.0006339910448764918,51.80388641357422,53.035738445463636,-0.007428932379047848,52.05730438232422,50.66170883178711,50.459938049316406,51.3595085144043
2023-05-09,51.3595085144043,51.53605868202667,50.75418998874184,50.86348432411701,1046100,-0.008871937375588446,51.462794712611604,52.94726326352074,-0.006020170642867861,51.67057418823242,52.05730438232422,50.66170883178711,51.22500228881836
2023-05-10,51.22500228881836,51.805097169097664,50.76260754015328,51.805097169097664,845100,-0.007672642490919146,51.20697838919504,52.83797037033808,-0.00261891574659856,51.3595085144043,51.67057418823242,52.05730438232422,50.43472290039063
2023-05-11,50.43472290039063,50.43472290039063,49.837810106988215,50.10683987003392,717900,-0.033505127305461624,51.12410845075335,52.67503138950893,-0.015427610602571584,51.22500228881836,51.3595085144043,51.67057418823242,50.67011642456055
2023-05-12,50.67011642456055,51.1493258269057,50.40949247305689,50.93914615194424,822500,0.002666669470182681,51.15413393293108,52.50848915463402,0.004667290918497269,50.43472290039063,51.22500228881836,51.3595085144043,51.19136047363281
2023-05-15,51.19136047363281,51.28384004258127,50.74578059461274,50.92233074964855,741400,0.011968097655189247,51.22979845319475,52.34595017206101,0.01028701107976171,50.67011642456055,50.43472290039063,51.22500228881836,50.10683822631836
2023-05-16,50.10683822631836,50.80463635620025,50.039582391307086,50.61127142079732,701700,-0.006570309041537881,50.9511604309082,52.156588599795384,-0.021185650025321356,51.19136047363281,50.67011642456055,50.43472290039063,50.49357223510742
2023-05-17,50.49357223510742,50.87189312908178,50.09843337321063,50.39268367009907,1313500,0.0033068165699483565,50.78301729474749,51.9912474496024,0.007718188224974387,50.10683822631836,51.19136047363281,50.67011642456055,50.4515380859375
2023-05-18,50.4515380859375,50.77101215520828,50.06480817460802,50.762606377608925,1195600,-0.02900458143523066,50.653307233537944,51.84152003696987,-0.0008324653477516097,50.49357223510742,50.10683822631836,51.19136047363281,50.804630279541016
2023-05-19,50.804630279541016,51.25861913814492,50.804630279541016,51.10728951861029,1042200,0.012219972349358343,50.59325408935547,51.717413947695775,0.006998640814519286,50.4515380859375,50.49357223510742,50.10683822631836,50.82985305786133
2023-05-22,50.82985305786133,51.05684749718488,50.63648813704957,50.69533819090152,1093900,0.00603622368811596,50.649701254708425,51.597711472284224,0.000496466132742901,50.804630279541016,50.4515380859375,50.49357223510742,51.57809448242188
2023-05-23,51.57809448242188,51.92278904466413,51.32587949662541,51.435173833069314,1183200,-0.005333338940365584,50.77941240583147,51.476407913934615,0.014720511265472469,50.82985305786133,50.804630279541016,50.4515380859375,51.2418098449707
2023-05-24,51.2418098449707,51.57809542984728,50.930744797010775,51.45198953817642,1369900,-0.006702486012513331,50.78661945887974,51.38432947794596,-0.006519912005779616,51.57809448242188,50.82985305786133,50.804630279541016,49.85462188720703
2023-05-25,49.85462188720703,50.07321056104188,49.35019191342865,50.02276628082901,974600,-0.006747579449939867,50.75058855329241,51.220989953903924,-0.027071408327702162,51.2418098449707,51.57809448242188,50.82985305786133,50.16567993164063
2023-05-26,50.16567993164063,50.33382430180296,49.82939439840308,50.05638881705916,725900,0.008152182646601558,50.7037467956543,51.09688350132534,0.006239302047809092,49.85462188720703,51.2418098449707,51.57809448242188,48.63558578491211
2023-05-30,48.63558578491211,49.03913366838583,48.34133546059586,48.98868938117962,1976400,0.0,50.44432503836496,50.85347566150484,-0.03050081547411576,50.16567993164063,49.85462188720703,51.2418098449707,47.33245849609375
2023-05-31,47.33245849609375,47.69396776561151,46.97935820889244,47.31564373854791,1826300,0.0,49.94830049787249,50.58284432547433,-0.02679369987608171,48.63558578491211,50.16567993164063,49.85462188720703,48.4169921875
2023-06-01,48.4169921875,48.980272201834346,47.912562228183056,47.99663281904005,1580700,0.016172523924315785,49.60360608782087,50.459138597760884,0.02291310711223149,47.33245849609375,48.63558578491211,50.16567993164063,49.77054977416992
2023-06-02,49.77054977416992,49.97232047468507,49.593999609447295,49.7201054954974,1545400,0.01525200533955462,49.34538541521345,50.426310584658665,0.027956251008491417,48.4169921875,47.33245849609375,48.63558578491211,49.03913116455078
2023-06-05,49.03913116455078,50.14047078540638,49.03913116455078,50.14047078540638,1663500,-0.0006531685369243201,49.030717032296316,50.34904498145694,-0.014695811336983389,49.77054977416992,48.4169921875,47.33245849609375,48.929832458496094
2023-06-06,48.929832458496094,48.929832458496094,48.20681381198258,48.26566386859763,1950200,0.003267977224524321,48.898604256766184,50.20011774698893,-0.002228805924149313,49.03913116455078,49.77054977416992,48.4169921875,49.55195999145508
2023-06-07,49.55195999145508,49.669663305707786,49.03912426839009,49.11478587406432,1109500,0.0013028687254617033,48.81092997959682,50.0992313566662,0.012714687578108785,48.929832458496094,49.03913116455078,49.77054977416992,50.01435852050781
2023-06-08,50.01435852050781,50.05639381547408,49.37541049150581,49.82099039090561,2823100,0.007156806760894918,49.00789751325335,50.035176595052086,0.009331589086132519,49.55195999145508,48.929832458496094,49.03913116455078,49.66966247558594
2023-06-09,49.66966247558594,49.9302832207856,49.28292943510808,49.56877392219832,1710100,0.00775194637511234,49.341783796037944,49.961112794421965,-0.006891941736702156,50.01435852050781,49.55195999145508,48.929832458496094,48.65239715576172
2023-06-12,48.65239715576172,49.16523614846696,48.52629125716901,48.97187120495459,1162700,0.0006410263295277829,49.37541307721819,49.87624013991583,-0.020480616721006206,49.66966247558594,50.01435852050781,49.55195999145508,48.77849578857422
2023-06-13,48.77849578857422,49.58558491179946,48.719645740448655,49.15681981730077,949300,0.011531082204200516,49.23369107927595,49.786162966773624,0.0025918277450707183,48.65239715576172,49.66966247558594,50.01435852050781,48.83735656738281
2023-06-14,48.83735656738281,49.61081634531534,48.66921216132728,49.40904562371894,2143400,0.006966379424584002,49.204866136823384,49.67406754266648,0.0012066952425864308,48.77849578857422,48.65239715576172,49.66966247558594,49.37540817260742
2023-06-15,49.37540817260742,49.56877308604088,49.02230786296909,49.072748931724696,2938900,-0.009433910802311152,49.268519810267854,49.639237540108816,0.01101721393299071,48.83735656738281,48.77849578857422,48.65239715576172,49.463191986083984
2023-06-16,49.463191986083984,50.04270585780942,49.27570124788346,49.86373594817083,1517900,-0.008888898345193352,49.25583866664341,49.590171813964844,0.0017778853223793245,49.37540817260742,48.83735656738281,48.77849578857422,48.81550216674805
2023-06-20,48.81550216674805,49.190483671454444,48.568359107990894,49.15639385266585,1615300,-0.03907749321895104,49.084573473249165,49.51226534162249,-0.01309437974642147,49.463191986083984,49.37540817260742,48.83735656738281,50.08531951904297
2023-06-21,50.08531951904297,50.35803156322248,49.369449590325765,49.41206023766931,2000700,0.0059999406005026845,49.143953050885884,49.47801244826544,0.026012584034419417,48.81550216674805,49.463191986083984,49.37540817260742,48.934814453125
2023-06-22,48.934814453125,49.37797235503464,48.79845842569004,49.309795966809226,1624500,-0.019217981205720602,49.18429837908064,49.38777251470657,-0.022970903988753344,50.08531951904297,48.81550216674805,49.463191986083984,48.28711700439453
2023-06-23,48.28711700439453,48.75584057629344,48.17632673253287,48.423473011692096,1240200,-0.008108116747504557,49.11410140991211,49.23105930146717,-0.01323592325768197,48.934814453125,50.08531951904297,48.81550216674805,48.99446868896485
2023-06-26,48.99446868896485,49.27570154698893,48.6535770267099,48.6535770267099,950600,0.01498632498097252,49.13654599870954,49.12404305594308,0.014648869687248878,48.28711700439453,48.934814453125,50.08531951904297,48.346771240234375
2023-06-27,48.346771240234375,48.60243834059479,48.13371478143677,48.55130687111284,2720000,-0.007382492489014236,48.989597865513396,49.052240644182476,-0.013219807583633614,48.99446868896485,48.28711700439453,48.934814453125,48.253028869628906
2023-06-28,48.253028869628906,48.47460942106599,47.75873954508669,48.18485248909857,2065700,0.0020283330883188455,48.81671742030552,48.96116202218192,-0.0019389582427266072,48.346771240234375,48.99446868896485,48.28711700439453,48.62800216674805
2023-06-29,48.62800216674805,48.6365229937631,48.10814394228298,48.43199063556967,1873000,-0.008097108641023754,48.78993170601981,48.96080089750744,0.007770979478454176,48.253028869628906,48.346771240234375,48.99446868896485,49.12229919433594
2023-06-30,49.12229919433594,49.27570011278745,48.73879689820716,49.09673345825527,1542100,0.0,48.652357373918804,49.04603140694754,0.010164863978843197,48.62800216674805,48.253028869628906,48.346771240234375,49.54841613769531
2023-07-03,49.54841613769531,50.00861893023351,49.54841613769531,49.89782864662602,592400,0.01564634233667883,48.74001475742885,49.099908737909224,0.008674613166488543,49.12229919433594,48.62800216674805,48.253028869628906,48.832550048828125
2023-07-05,48.832550048828125,49.30127370726066,48.62801762561376,49.30127370726066,1268900,-0.005358344220935951,48.81793376377651,49.05524208432152,-0.014447809731753969,49.54841613769531,49.12229919433594,48.62800216674805,47.20479583740234
2023-07-06,47.20479583740234,47.80135466507328,46.82129350168645,47.71613336868489,1757300,-0.02020210668559541,48.56226621355329,48.96789278302874,-0.03333338541194719,48.832550048828125,49.54841613769531,49.12229919433594,47.84395599365234
2023-07-07,47.84395599365234,47.988836070472026,47.10252045634997,47.11956536250425,898000,0.009622003555786796,48.490435464041575,48.916184379940944,0.013540152963516627,47.20479583740234,48.832550048828125,49.54841613769531,48.05701446533203
2023-07-10,48.05701446533203,48.44903757041829,47.82691309904656,48.15928065557549,885200,0.00748809517259863,48.46243340628488,48.8449964977446,0.004453195126840281,47.84395599365234,47.20479583740234,48.832550048828125,48.90072250366211
2023-07-11,48.90072250366211,48.95185397645883,48.440519742588975,48.542785939166194,864300,0.0033784485734742464,48.50139345441546,48.79196621122814,0.017556397285951375,48.05701446533203,47.84395599365234,47.20479583740234,49.76147079467773
2023-07-12,49.76147079467773,49.94896153681247,49.676249503334965,49.68477033207569,989400,0.010100953786123856,48.592703683035715,48.7963380359468,0.01760195446910129,48.90072250366211,48.05701446533203,47.84395599365234,50.221675872802734
2023-07-13,50.221675872802734,50.54552264652362,50.017140212825325,50.366552724924375,960000,0.020000021026370662,48.68888364519392,48.871065593901136,0.009248220978513189,49.76147079467773,48.90072250366211,48.05701446533203,48.82402420043945
2023-07-14,48.82402420043945,49.67625012852819,48.73879965704023,49.67625012852819,1076300,0.003267977224524321,48.68766566685268,48.87323361351376,-0.02782965020727579,50.221675872802734,49.76147079467773,48.90072250366211,48.59392547607422
2023-07-17,48.59392547607422,48.98594864426911,48.58540139577463,48.79845788948716,1325300,0.009771997009906386,48.88611275809152,48.86164165678478,-0.00471281767804721,48.82402420043945,50.221675872802734,49.76147079467773,49.30978393554688
2023-07-18,49.30978393554688,49.463184835355406,48.83253633047773,48.91776085869544,1557800,0.012903175346445472,49.09551674979074,48.858516693115234,0.014731439217132714,48.59392547607422,48.82402420043945,50.221675872802734,49.94895935058594
2023-07-19,49.94895935058594,50.11088109744355,49.64215751360625,49.64215751360625,1108700,0.0,49.36579459054129,48.88164847237723,0.012962446071037803,49.30978393554688,48.59392547607422,48.82402420043945,50.81823348999024
2023-07-20,50.81823348999024,51.05685571183066,50.528476541619455,50.724488116843226,1464100,-0.0031847167745933103,49.63972473144531,48.97701663062686,0.017403248249937997,49.94895935058594,49.30978393554688,48.59392547607422,51.25286102294922
2023-07-21,51.25286102294922,51.29547166435802,50.835272185766016,51.13354992661116,1242700,0.0,49.85278047834124,49.03261384509859,0.008552590342294941,50.81823348999024,49.94895935058594,49.30978393554688,51.61931991577149
2023-07-24,51.61931991577149,51.87498702276074,51.52557455131257,51.61079908763143,772500,-0.005111826559140775,50.05244391305106,49.160447438557945,0.007150018272310321,51.25286102294922,50.81823348999024,49.94895935058594,51.44035339355469
2023-07-25,51.44035339355469,51.51705385094006,50.86936037724504,51.09946174940114,874800,0.003853568694153875,50.42620522635324,49.310601552327476,-0.003467045333197527,51.61931991577149,51.25286102294922,50.81823348999024,50.88640594482422
2023-07-26,50.88640594482422,51.03128603331364,50.36654764368731,50.39211663046998,872700,0.0057581635623908944,50.75370243617466,49.40069380260649,-0.010768733342331083,51.44035339355469,51.61931991577149,51.25286102294922,50.42620086669922
2023-07-27,50.42620086669922,51.176160508357256,50.2898448637599,51.07389431889865,1120400,-0.007633595922629577,50.91319056919643,49.49971426100958,-0.009043772488550261,50.88640594482422,51.44035339355469,51.61931991577149,51.05685806274414
2023-07-28,51.05685806274414,51.36365993408507,50.57108951678236,50.77562518133768,1386500,0.014102516069410598,51.07146181379046,49.63322993687221,0.012506537974416476,50.42620086669922,50.88640594482422,51.44035339355469,51.85794448852539
2023-07-31,51.85794448852539,52.19031531890278,51.7897681073342,51.892034304612885,925500,0.0037927340642804896,51.219991956438335,49.7870367140997,0.015690084665938242,51.05685806274414,50.42620086669922,50.88640594482422,51.431827545166016
2023-08-01,51.431827545166016,51.78976408431267,50.92901417537721,51.52557290663261,842900,-0.014483642486071258,51.24555860246931,49.89701425461542,-0.008217004116961468,51.85794448852539,51.05685806274414,50.42620086669922,49.68476486206055
2023-08-02,49.68476486206055,50.64778095293372,49.403532030804485,50.55403559218719,1595700,-0.027476004777033713,50.969193594796316,49.90350705101376,-0.03396851262131895,51.431827545166016,51.85794448852539,51.05685806274414,50.51994705200195
2023-08-03,50.51994705200195,50.75857249927419,49.880777668242885,50.00861284538814,913700,-0.003942185424922862,50.837706974574495,49.98385928926014,0.01680962347834636,49.68476486206055,51.431827545166016,51.85794448852539,51.67897033691406
2023-08-04,51.67897033691406,52.40336419430667,51.53409351602553,51.568180076186565,1420300,0.013192560846533308,50.95093045915876,50.19691521780832,0.02294189429215132,50.51994705200195,49.68476486206055,51.431827545166016,51.99429702758789
2023-08-07,51.99429702758789,52.122132203882046,51.500007731283226,51.94316555785709,1506400,-0.004557296637968555,51.17494419642857,50.39455050513858,0.006101644220426472,51.67897033691406,50.51994705200195,49.68476486206055,51.85794448852539
2023-08-08,51.85794448852539,51.91760004118661,50.71596165746465,51.09094313245952,714800,-0.001962004399216455,51.28938511439732,50.575547172909694,-0.0026224518237096817,51.99429702758789,51.67897033691406,50.51994705200195,53.2982063293457
2023-08-09,53.2982063293457,53.62204981704586,53.11923967809293,53.20446096412272,1562800,-0.004587225291581953,51.49513680594308,50.78495116460891,0.027773214982306227,51.85794448852539,51.99429702758789,51.67897033691406,53.96294021606445
2023-08-10,53.96294021606445,54.65324106951069,53.80953930396893,54.28678694726428,2029200,0.007900007766797668,51.856724330357146,50.985021137055895,0.01247197480926765,53.2982063293457,51.85794448852539,51.99429702758789,53.32377243041992
2023-08-11,53.32377243041992,53.50273908289927,53.01697059703607,53.05958124034301,1486800,-0.01241020220156297,52.37658255440848,51.13274002075195,-0.011844569311556086,53.96294021606445,53.2982063293457,51.85794448852539,52.51416015625
2023-08-14,52.51416015625,52.693130069775584,52.18179256839144,52.61642960711716,1006600,-0.001984194239441961,52.661470140729634,51.30846078055246,-0.015182951941863365,53.32377243041992,53.96294021606445,53.2982063293457,52.09657287597656
2023-08-15,52.09657287597656,52.56529649506057,52.0283932399725,52.52268584805002,913400,-0.019217981205720602,52.72112764630999,51.475253513881135,-0.00795189866944368,52.51416015625,53.32377243041992,53.96294021606445,51.96873474121094
2023-08-16,51.96873474121094,52.63346989968977,51.92612409661323,52.12213566254971,843900,-0.017567519690912414,52.71747589111328,51.60187021891276,-0.002453868416065763,52.09657287597656,52.51416015625,53.32377243041992,52.21588134765625
2023-08-17,52.21588134765625,52.90618549786363,52.14770171509975,52.616428561466144,1081900,0.008940794124619122,52.76860972813198,51.709818885439915,0.004755678730221646,51.96873474121094,52.09657287597656,52.51416015625,52.76130294799805
2023-08-18,52.76130294799805,52.96583858516207,51.98577754418157,52.02838818705384,1206800,-0.021813180530235843,52.69190924508231,51.80234600248791,0.010445511715302613,52.21588134765625,51.96873474121094,52.09657287597656,53.417518615722656
2023-08-21,53.417518615722656,53.69875146664957,53.17889640875634,53.58796444254877,1168300,0.006271714781316273,52.61399187360491,51.90542493547712,0.012437442425775158,52.76130294799805,52.21588134765625,51.96873474121094,53.34933853149414
2023-08-22,53.34933853149414,53.81806536403093,53.23855150833428,53.749885733486046,1552000,0.007617736851100565,52.61764417375837,51.98780677432106,-0.0012763618751928663,53.417518615722656,52.76130294799805,52.21588134765625,52.94879531860352
2023-08-23,52.94879531860352,52.99140596279621,52.10509025925958,52.47154765108754,1599100,0.008934717587516294,52.679734911237446,52.05963734218052,-0.007507932130295547,53.34933853149414,53.417518615722656,52.76130294799805,52.5652961730957
2023-08-24,52.5652961730957,53.11072025385155,52.46302997069997,52.46302997069997,1097600,-0.014986324980972632,52.746695382254465,52.13958449590774,-0.007242830421357649,52.94879531860352,53.34933853149414,53.417518615722656,53.05958938598633
2023-08-25,53.05958938598633,53.22151440678839,52.607910645820986,53.068113466546535,1034500,0.014522768263949715,52.90253176007952,52.26498394920712,0.009403413447209186,52.5652961730957,52.94879531860352,53.34933853149414,53.340816497802734
2023-08-28,53.340816497802734,53.58796277646749,53.119239205506375,53.289681776049584,688400,-0.010224892681256037,53.06323678152902,52.373743874686106,0.005300212743272414,53.05958938598633,52.5652961730957,52.94879531860352,53.86919784545898
2023-08-29,53.86919784545898,53.86919784545898,53.17889695366631,53.4430848995193,1011700,0.019283698311503006,53.22150748116629,52.469517844063894,0.009905760397912244,53.340816497802734,53.05958938598633,52.5652961730957,53.82658004760742
2023-08-30,53.82658004760742,54.33791421438615,53.82658004760742,54.24417210956396,1664100,-0.013513527912507595,53.2799448285784,52.583553677513486,-0.0007911348146266706,53.86919784545898,53.340816497802734,53.05958938598633,53.61353302001953
2023-08-31,53.61353302001953,54.03964598417514,53.41752144662602,53.86067931946592,1718100,0.0,53.31768689836775,52.77063787551153,-0.003958026450862406,53.82658004760742,53.86919784545898,53.340816497802734,54.44019317626953
2023-09-01,54.44019317626953,54.86630288917098,54.09930150476767,54.71290196209353,903000,0.000684932246658887,53.530743735177175,52.95731626238142,0.015418871126088973,53.61353302001953,53.82658004760742,53.86919784545898,54.37200927734375
2023-09-05,54.37200927734375,54.94300229468052,54.24417734879396,54.840732850660295,902600,0.004791244049060728,53.788845607212615,53.08555621192569,-0.0012524551245622906,54.44019317626953,53.61353302001953,53.82658004760742,54.65324401855469
2023-09-06,54.65324401855469,54.84073475478464,54.11634404823329,54.44871162537999,1620600,0.0,54.01651055472238,53.21217273530506,0.005172417663956486,54.37200927734375,54.44019317626953,53.61353302001953,54.42314529418945
2023-09-07,54.42314529418945,54.81516841930968,54.33792075547827,54.56802213352286,672000,-0.006130796776648739,54.171128954206196,53.3343251546224,-0.004210156752765037,54.65324401855469,54.37200927734375,54.44019317626953,54.83220672607422
2023-09-08,54.83220672607422,55.24127798492805,54.7469854435534,54.80664099151468,689200,-0.0054831460491989725,54.30870165143694,53.40737279256185,0.007516313687375931,54.42314529418945,54.65324401855469,54.37200927734375,55.09640884399414
2023-09-11,55.09640884399414,55.95715887210955,55.09640884399414,55.710012566929166,1228300,0.008959279589610958,54.49010576520647,53.46134748912993,0.004818374705212847,54.83220672607422,54.42314529418945,54.65324401855469,56.11907196044922
2023-09-12,56.11907196044922,56.229865484258205,55.58217200572344,55.63330347703998,1557900,-0.0061475476055573575,54.84803989955357,53.5944569905599,0.018561338895076718,55.09640884399414,54.83220672607422,54.42314529418945,56.22134399414063
2023-09-13,56.22134399414063,56.29804120464748,55.54808474894282,56.29804120464748,1214900,0.0068728596827047905,55.1024900163923,53.77098955426897,0.001822411349986064,56.11907196044922,55.09640884399414,54.83220672607422,56.53666305541992
2023-09-14,56.53666305541992,56.80938158516589,56.22134363384448,56.3236065805316,1098900,0.0034129729571172884,55.41172627040318,53.982422419956755,0.005608529410327634,56.22134399414063,56.11907196044922,55.09640884399414,56.3261604309082
2023-09-15,56.3261604309082,57.00769998803164,56.26577118315976,56.62810666965039,1292400,-0.006802728386217982,55.65071432931082,54.18991888137091,-0.00372329410926453,56.53666305541992,56.22134399414063,56.11907196044922,56.48144912719727
2023-09-18,56.48144912719727,56.64536562373365,56.17950288247327,56.57634745867259,982200,0.0034246612332939907,55.944757734026226,54.393041156587145,0.002756955118209392,56.3261604309082,56.53666305541992,56.22134399414063,57.22338104248047
2023-09-19,57.22338104248047,57.62022564014859,57.085344704890765,57.31827937908968,1071000,-0.0027303783656938974,56.286354064941406,54.605521065848215,0.013135851270606569,56.48144912719727,56.3261604309082,56.53666305541992,57.240631103515625
2023-09-20,57.240631103515625,57.96530869692376,57.18024185255951,57.4994459401474,1208600,-0.031485318036684196,56.59267153058733,54.787574041457404,0.0003014512725549867,57.22338104248047,56.48144912719727,56.3261604309082,56.52457809448242
2023-09-21,56.52457809448242,57.51669278295585,56.4555665143464,57.41317212178471,882200,-0.005653646893750586,56.650600978306365,54.938775925409224,-0.012509523309382709,57.240631103515625,57.22338104248047,56.48144912719727,56.602237701416016
2023-09-22,56.602237701416016,57.08535177897838,56.5504773593731,56.91281291754487,730400,0.011371654762627692,56.70501436505999,55.11274937220982,0.0013739086526887156,56.52457809448242,57.240631103515625,57.22338104248047,57.10260009765625
2023-09-25,57.10260009765625,57.11985134815027,56.35204235344232,56.679868768305234,1012100,-0.016162984488848786,56.785862513950896,55.32881146385556,0.008839975530291033,56.602237701416016,56.52457809448242,57.240631103515625,56.41243362426758
2023-09-26,56.41243362426758,56.57635012853927,55.99833777822884,56.07597828113555,1200100,-0.007142935086594693,56.798187255859375,55.488470713297524,-0.01208642815227956,57.10260009765625,56.602237701416016,56.52457809448242,57.11985778808594
2023-09-27,57.11985778808594,57.1629957920864,56.59360573256978,56.861049509889085,1695200,-0.007913607135655143,56.88938849312918,55.66842506045387,0.012540217082817717,56.41243362426758,57.10260009765625,56.602237701416016,57.663360595703125
2023-09-28,57.663360595703125,58.08609196904668,57.51670191447058,57.83590602827251,2047500,0.010877387614420142,56.95224271501814,55.849099477132164,0.009515128865228872,57.11985778808594,56.41243362426758,57.10260009765625,56.73163986206055
2023-09-29,56.73163986206055,57.741005929634106,56.49870518066047,57.68061667555539,1475300,0.012195206450903218,56.879529680524556,55.98743565877279,-0.01615793328757198,57.663360595703125,57.11985778808594,56.41243362426758,55.74814987182617
2023-10-02,55.74814987182617,56.98182161341261,55.48070612458912,56.89554561511608,1394500,-0.008504615572893282,56.76861136300223,56.089084080287385,-0.017335828694986954,56.73163986206055,57.663360595703125,57.11985778808594,55.54109191894531
2023-10-03,55.54109191894531,55.59285883108966,54.98033416554347,55.30816385106532,1045000,-0.013581143730213352,56.61701910836356,56.14150782993862,-0.0037141672567954087,55.74814987182617,56.73163986206055,57.663360595703125,54.19527053833008
2023-10-04,54.19527053833008,54.86818115706483,53.8933243096586,54.8595555323744,1150500,-0.014492697728416326,56.201686314174104,56.13309169950939,-0.02423109330618267,55.54109191894531,55.74814987182617,56.73163986206055,54.29017639160156
2023-10-05,54.29017639160156,54.54036232488227,53.72941527093343,53.72941527093343,1035200,-0.0029411794547048453,55.89850670950754,56.11580276489258,0.0017511833104395524,54.19527053833008,55.54109191894531,55.74814987182617,55.20464324951172
2023-10-06,55.20464324951172,55.53247295492638,54.14351034227396,54.79054083689991,1398600,-0.00811217533527131,55.62490463256836,56.153016953241256,0.016844057593661033,54.29017639160156,54.19527053833008,55.54109191894531,56.13636779785156
2023-10-09,56.13636779785156,56.21401488305951,55.54109761168499,56.041469461450085,1492600,0.02750925063872378,55.40676280430385,56.21511986142113,0.016877648210290364,55.20464324951172,54.29017639160156,54.19527053833008,56.51596450805664
2023-10-10,56.51596450805664,56.843790955729,56.13637113985217,56.360676910330746,1161900,0.02098417630430882,55.37595203944615,56.28271775018601,0.006762046158241164,56.13636779785156,55.20464324951172,54.29017639160156,56.69712829589844
2023-10-11,56.69712829589844,57.37003897817194,56.42969112267044,57.25788939177128,1261400,-0.006378461679669822,55.51152038574219,56.31024424235026,0.0032055329749520745,56.51596450805664,56.13636779785156,55.20464324951172,56.47282409667969
2023-10-12,56.47282409667969,56.94731578670361,56.05009932498061,56.938686869993646,849200,-0.01925822287564083,55.64462498256138,56.32221948532831,-0.003956182719663026,56.69712829589844,56.51596450805664,56.13636779785156,57.33553314208984
2023-10-13,57.33553314208984,57.715126505156,57.0680959537124,57.49082073771371,1101600,0.007272806773263252,56.09323392595564,56.36026091802688,0.015276534496189154,56.47282409667969,56.69712829589844,56.51596450805664,57.41317367553711
2023-10-16,57.41317367553711,57.58571250344784,57.119849769767605,57.54257450550297,1072500,0.005054085496672522,56.539376395089285,56.412023453485396,0.0013541433940251757,57.33553314208984,56.47282409667969,56.69712829589844,57.801395416259766
2023-10-17,57.801395416259766,57.96531192739077,57.16299378743992,57.17161612238939,1285100,0.014367831351738136,56.91034099033901,56.47487803867885,0.006761893061627999,57.41317367553711,57.33553314208984,56.47282409667969,57.83590316772461
2023-10-18,57.83590316772461,58.12922051568229,57.715124661867335,57.99119075838895,1010300,-0.0028328641559129952,57.153131757463726,56.50404575892857,0.0005970055085406933,57.801395416259766,57.41317367553711,57.33553314208984,57.85315704345703
2023-10-19,57.85315704345703,58.05158264461478,57.26651573899591,57.395923167408775,1319700,-0.015625086407225486,57.344159262520925,56.53321366083054,0.00029832465280921205,57.83590316772461,57.801395416259766,57.41317367553711,56.83516693115234
2023-10-20,56.83516693115234,58.051587648373385,56.81791567744676,57.83591077640674,2301400,0.003607578824008195,57.3638790675572,56.54800360543387,-0.017596103036175204,57.85315704345703,57.83590316772461,57.801395416259766,56.94731521606445
2023-10-23,56.94731521606445,57.378668900151126,56.67124912152638,57.12848297354867,1212800,-0.0014377451937995778,57.431663513183594,56.56443586803618,0.001973219944052751,56.83516693115234,57.85315704345703,57.83590316772461,56.24851608276367
2023-10-24,56.24851608276367,57.06809200707418,56.24851608276367,57.01632509082283,1546600,0.005759544958482188,57.27637536185129,56.52376520066034,-0.012270975912551108,56.94731521606445,56.83516693115234,57.85315704345703,56.602237701416016
2023-10-25,56.602237701416016,56.83516582254482,56.2830335676348,56.4900880996778,1451400,-0.018611398884770702,57.16052736554827,56.532803490048366,0.006288550228274126,56.24851608276367,56.94731521606445,56.83516693115234,56.63674545288086
2023-10-26,56.63674545288086,57.02496117290821,56.36067933194384,56.63674545288086,1557400,-0.04741062839648569,56.99414879935129,56.509798140752885,0.0006096534848476498,56.602237701416016,56.24851608276367,56.94731521606445,57.17162322998047
2023-10-27,57.17162322998047,58.4743134002246,57.0594736242792,58.344905958608734,3697000,0.0007656975930714349,56.89925166538784,56.486382075718474,0.009444006233454871,56.63674545288086,56.602237701416016,56.24851608276367,57.75825881958008
2023-10-30,57.75825881958008,58.19824144430985,57.516701796414,57.95668442114378,1738500,0.03136950629252744,56.885694776262554,56.53526869274321,0.010260957385096248,57.17162322998047,56.63674545288086,56.602237701416016,57.4563102722168
2023-10-31,57.4563102722168,58.04295155471718,57.25789126042202,57.55120861070473,2096600,-0.01706233325312434,56.97442953927176,56.616609664190385,-0.005227798647921111,57.75825881958008,57.17162322998047,56.63674545288086,57.84452438354492
2023-11-01,57.84452438354492,58.439787916898105,57.671978982480624,57.965302873322905,1582200,0.013584995203978822,57.10260227748326,56.72629692440941,0.0067566836347277,57.4563102722168,57.75825881958008,57.17162322998047,59.21623611450195
2023-11-02,59.21623611450195,59.38015262867286,58.491565049202535,58.6037146430412,1211000,0.015636577077577263,57.5265622820173,56.96539052327474,0.02371376972281314,57.84452438354492,57.4563102722168,57.75825881958008,57.32690048217773
2023-11-03,57.32690048217773,58.06882932594633,56.98182280948651,58.04294915868796,2026600,0.02932554498191342,57.63008553641183,57.109996432349796,-0.03190570283242855,59.21623611450195,57.84452438354492,57.4563102722168,57.75825881958008
2023-11-06,57.75825881958008,58.31039103879832,57.68924722862922,58.31039103879832,1329800,-0.00854701754703735,57.79030173165457,57.23159717378162,0.007524536191110709,57.32690048217773,59.21623611450195,57.84452438354492,56.49870300292969
2023-11-07,56.49870300292969,56.886925262987525,56.308906331159385,56.86966742995307,1202600,-0.01508622291932471,57.69417027064732,57.24885123116629,-0.021807371662377784,57.75825881958008,57.32690048217773,59.21623611450195,55.77403259277344
2023-11-08,55.77403259277344,56.68850029557159,55.64462517133684,56.63673995977091,1387900,-0.02552883861577071,57.410709381103516,57.21352113996233,-0.012826319395662478,56.49870300292969,57.75825881958008,57.32690048217773,56.11048889160156
2023-11-09,56.11048889160156,56.6194830874395,56.11048889160156,56.170878145038856,1397100,0.0029940152892198313,57.21844918387277,57.18558593023391,0.006032490088796694,55.77403259277344,56.49870300292969,57.75825881958008,57.439056396484375
2023-11-10,57.439056396484375,57.49081673077308,56.70575647234417,57.40454731298035,2098800,-0.006716351767572237,57.16052518572126,57.23159699212937,0.023677703244565196,56.11048889160156,55.77403259277344,56.49870300292969,57.91354370117188
2023-11-13,57.91354370117188,58.0256998723349,57.5080767638388,57.57708835155267,875400,0.009015786957528693,56.97442626953125,57.25912130446661,0.008260708557122909,57.439056396484375,56.11048889160156,55.77403259277344,58.45705795288086
2023-11-14,58.45705795288086,58.689986065531805,58.16373400079718,58.18099183547379,1241900,0.03797457578358654,57.135877336774556,57.308830079578215,0.009384924785702298,57.91354370117188,57.439056396484375,56.11048889160156,58.10333633422852
2023-11-15,58.10333633422852,58.72448665398158,58.05157600156058,58.431169326284,1207100,0.002869443705196817,57.18517412458147,57.32320821852911,-0.006050965119343776,58.45705795288086,57.91354370117188,57.439056396484375,57.30965423583984
2023-11-16,57.30965423583984,57.456312917733946,56.80928235203439,57.370043492027726,1302000,-0.027181577784464506,57.3010243007115,57.29814874558222,-0.013659836912344958,58.10333633422852,58.45705795288086,57.91354370117188,58.15510559082031
2023-11-17,58.15510559082031,58.388033679140825,57.89629075318887,57.93079983700204,1175900,0.003676401846977262,57.64117758614676,57.312527247837615,0.014752337389810188,57.30965423583984,58.10333633422852,58.45705795288086,59.19036102294922
2023-11-20,59.19036102294922,59.51818749747843,58.83664779506559,58.96605523409462,1340200,0.016849835099671306,58.08115931919643,57.42467934744699,0.017801625869497517,58.15510559082031,57.30965423583984,58.10333633422852,59.48366928100586
2023-11-21,59.48366928100586,59.57856761627008,59.19898085714796,59.45778911355831,1294000,0.002161385587482245,58.37324687412807,57.545458112444194,0.004955338217026872,59.19036102294922,58.15510559082031,57.30965423583984,58.74174880981445
2023-11-22,58.74174880981445,58.81076698747479,57.33553799514764,57.49082560391553,1379100,-0.0057512642003998415,58.49156188964844,57.664183480399,-0.012472674940184225,59.48366928100586,59.19036102294922,58.15510559082031,59.337013244628906
2023-11-24,59.337013244628906,59.8287561937637,59.29388182428009,59.5095586718293,560200,0.01301526956108523,58.617269788469585,57.79441088721866,0.010133583811774427,58.74174880981445,59.48366928100586,59.19036102294922,59.26799392700195
2023-11-27,59.26799392700195,59.785623616652735,59.12133525317053,59.742485615203535,979000,0.0014274828042175614,58.78364944458008,57.91970843360538,-0.0011631747850604501,59.337013244628906,58.74174880981445,59.48366928100586,59.50093460083008
2023-11-28,59.50093460083008,59.96679741930913,59.49230568328354,59.733862719101815,961200,-0.004276484505638001,59.09668949672154,58.03062802269345,0.003930294555186453,59.26799392700195,59.337013244628906,58.74174880981445,58.54331970214844
2023-11-29,58.54331970214844,58.931535366295,58.27588253715568,58.733116367085714,1136900,0.0,59.1521486554827,58.06801187424433,-0.016094115245515517,59.50093460083008,59.26799392700195,59.337013244628906,58.70723724365234
2023-11-30,58.70723724365234,59.48366858574297,58.39666207404223,59.08682399833774,941100,0.0014315700890112915,59.083130972726,58.127579825265066,0.0027999358823151965,58.54331970214844,59.50093460083008,59.26799392700195,58.120582580566406
2023-12-01,58.120582580566406,58.69859478658476,57.96529503158339,58.22410322526632,1342900,0.018584652548121916,58.88840430123465,58.140725453694664,-0.00999288487467298,58.70723724365234,58.54331970214844,59.50093460083008,57.12848281860352
2023-12-04,57.12848281860352,57.482189415989126,56.9731952294761,57.111224985403325,1774700,-0.02315785119885605,58.657937731061665,58.04130863008045,-0.017069680273552712,58.120582580566406,58.70723724365234,58.54331970214844,56.36067581176758
2023-12-05,56.36067581176758,57.45631130963579,56.36067581176758,57.3614129694344,1750500,0.0,58.23274666922433,57.99529793148949,-0.013440003461564265,57.12848281860352,58.120582580566406,58.70723724365234,55.93794250488281
2023-12-06,55.93794250488281,56.94731512632554,55.88618216909314,56.85241678942123,1835300,-0.01508622291932471,57.75702503749302,57.90861620221819,-0.007500501028351758,56.36067581176758,57.12848281860352,58.120582580566406,56.51596450805664
2023-12-07,56.51596450805664,56.57635376373143,56.1795091433064,56.39518599670708,1268400,-0.002188186167066286,57.33060073852539,57.909438178652806,0.01033327250324545,55.93794250488281,56.36067581176758,57.12848281860352,57.43043518066406
2023-12-08,57.43043518066406,57.52533352754088,56.843793846305374,56.886931851953214,893700,0.02046785837718712,57.171617235456196,57.98831449236189,0.016180749644236547,56.51596450805664,55.93794250488281,56.36067581176758,57.39592742919922
2023-12-11,57.39592742919922,57.66336464102452,57.2061307310255,57.43043651813405,775600,-0.019340994694856284,56.98428726196289,58.04952585129511,-0.0006008617444094311,57.43043518066406,56.51596450805664,55.93794250488281,57.21474838256836
2023-12-12,57.21474838256836,57.43905412550879,56.92143105728307,57.08534097002833,1785300,-0.010956842686452029,56.8548823765346,58.038844517299104,-0.003156653350611882,57.39592742919922,57.43043518066406,56.51596450805664,57.85315704345703
2023-12-13,57.85315704345703,57.87903721275256,56.93868929136051,57.29240249022666,896000,0.005908425519029148,56.95840726579939,58.03596896216983,0.011158113579735174,57.21474838256836,57.39592742919922,57.43043518066406,58.43979263305664
2023-12-14,58.43979263305664,58.56057113258159,57.93942738442525,57.97392988548845,1099600,0.0359764692226654,57.25542395455496,58.03514680408296,0.010140079117185508,57.85315704345703,57.21474838256836,57.39592742919922,57.741004943847656
2023-12-15,57.741004943847656,58.63822140479584,57.56846610140702,58.58646106845063,2597600,-0.004961025750854331,57.513004302978516,58.01789292835054,-0.011957395085172018,58.43979263305664,57.85315704345703,57.21474838256836,58.43117141723633
2023-12-18,58.43117141723633,59.112704428200914,58.36215324991964,58.897027591787264,1061800,-0.004079826358344585,57.78660529000418,58.07129850841704,0.011952796354338657,57.741004943847656,58.43979263305664,57.85315704345703,58.57783126831055
2023-12-19,58.57783126831055,58.69860977258447,58.42254367968196,58.50018418302884,947800,0.005852179186756734,57.95051901681082,58.09142830258324,0.002509959111156146,58.43117141723633,57.741004943847656,58.43979263305664,57.973934173583984
2023-12-20,57.973934173583984,58.88840848582869,57.973934173583984,58.64685146891181,838500,-0.014545396189847626,58.03309140886579,58.03350321451823,-0.010309311247124642,58.57783126831055,58.43117141723633,57.741004943847656,59.00918197631836
2023-12-21,59.00918197631836,59.00918197631836,58.39666056924185,58.48292998481392,800900,0.013284085870640672,58.28943906511579,58.01090858096168,0.017857125232085602,57.973934173583984,58.57783126831055,58.43117141723633,59.06093978881836
2023-12-22,59.06093978881836,59.51817359557866,59.0005505423016,59.42327526791887,879300,0.016751630977913212,58.46197945731027,58.02610815139044,0.0008771145568629013,59.00918197631836,57.973934173583984,58.57783126831055,59.48366928100586
2023-12-26,59.48366928100586,59.75111303581173,59.00055527015875,59.00055527015875,504700,0.006447003468293744,58.61110469273159,58.033091772170295,0.007157513810295502,59.06093978881836,59.00918197631836,57.973934173583984,59.66484451293945
2023-12-27,59.66484451293945,60.07031144559765,59.49229909080685,59.78562301746485,934400,-0.004270493434053724,58.885938916887554,58.0519894191197,0.0030457978487794524,59.48366928100586,59.06093978881836,59.00918197631836,58.41569519042969
2023-12-28,58.41569519042969,59.20132304824785,58.41569519042969,59.03546642830886,1017900,-0.01215149855878006,58.88372802734375,58.00031135195778,-0.020936102871077833,59.66484451293945,59.48366928100586,59.06093978881836,58.81723403930664
2023-12-29,58.81723403930664,59.026739231315744,58.668839523178896,58.97435960339434,574700,-0.0014471651884400138,58.91792842320034,58.01335489182245,0.006873817859532005,58.41569519042969,59.66484451293945,59.48366928100586,58.983097076416016
2024-01-02,58.983097076416016,59.48066030692051,58.90453761573378,59.10530512181439,1173100,0.018115921031252702,59.06209455217634,58.026491074335006,0.0028199734281713074,58.81723403930664,58.41569519042969,59.66484451293945,59.018009185791016
2024-01-03,59.018009185791016,59.34971575568214,58.380775870656734,58.70375805227799,1238100,-0.01352314919623665,59.063355582101,58.0692256745838,0.0005919002410093022,58.983097076416016,58.81723403930664,58.41569519042969,59.40209197998047
2024-01-04,59.40209197998047,60.1615266259128,59.323525871185886,60.039318598755,1311100,0.008658001735952325,59.11209160940988,58.17749277750651,0.006507891396003274,59.018009185791016,58.983097076416016,58.81723403930664,59.55050277709961
2024-01-05,59.55050277709961,60.03060396942995,59.42829471651808,59.75127030812363,817000,-0.0007152323467809474,59.121639251708984,58.32938929966518,0.0024984102776912653,59.40209197998047,59.018009185791016,58.983097076416016,58.18000793457031
2024-01-08,58.18000793457031,58.39823751672561,57.91812977204862,58.39823751672561,923100,0.0014315575145733561,58.909519740513396,58.43615432012649,-0.023013992806393713,59.55050277709961,59.40209197998047,59.018009185791016,57.1587028503418
2024-01-09,57.1587028503418,57.769743099417845,57.08886777620761,57.75228766080391,1188700,-0.0007147899813692016,58.72994940621512,58.46676090785435,-0.017554227310815795,58.18000793457031,59.55050277709961,59.40209197998047,56.75715255737305
2024-01-10,56.75715255737305,57.42930346814297,56.64367556067637,57.38565488334633,2157800,-0.002145903814655181,58.43565205165318,58.43469983055478,-0.007025182044808176,57.1587028503418,58.18000793457031,59.55050277709961,57.06267547607422
2024-01-11,57.06267547607422,57.4904036068599,56.60875420027679,57.42929958817624,2139000,-0.01003582263657421,58.16130610874721,58.41883068992978,0.00538298531435899,56.75715255737305,57.1587028503418,58.18000793457031,57.90067672729492
2024-01-12,57.90067672729492,58.03161581396399,57.49040403032321,57.8570281451257,1646300,0.006516958906011672,58.00168718610491,58.45149394444057,0.014685628464302658,57.06267547607422,56.75715255737305,57.1587028503418,56.2857780456543
2024-01-16,56.2857780456543,57.027757309964926,56.12865247651946,56.82698315946657,1456500,-0.02158268244524797,57.55649948120117,58.3768568493071,-0.027890842955888062,57.90067672729492,57.06267547607422,56.75715255737305,55.15098190307617
2024-01-17,55.15098190307617,55.29937642497824,54.74944025919137,54.99385633287442,1532900,-0.015441181419711514,56.927996499197825,58.22024681454613,-0.020161329948351625,56.2857780456543,57.90067672729492,57.06267547607422,55.8405876159668
2024-01-18,55.8405876159668,55.87550514896038,54.95021050414575,55.36921091031108,1407200,0.012696073369355076,56.59379359654018,58.12975075131371,0.012503960747290987,55.15098190307617,56.2857780456543,57.90067672729492,55.744571685791016
2024-01-19,55.744571685791016,55.744571685791016,55.30811246912171,55.68346766185088,1717800,0.008849549975971094,56.39177485874721,58.001817430768696,-0.001719464895966194,55.8405876159668,55.15098190307617,56.2857780456543,55.22080993652344
2024-01-22,55.22080993652344,55.28191728076533,54.63595627659923,54.92401758270426,2022300,-0.02997077598940079,56.17229734148298,57.84195927211216,-0.009395744436244025,55.744571685791016,55.8405876159668,55.15098190307617,55.22954559326172
2024-01-23,55.22954559326172,55.25573207875139,54.84546270976279,54.91529444770836,2305600,0.018085893070208803,55.910421643938335,57.71127410162063,0.0001581950128641818,55.22080993652344,55.744571685791016,55.8405876159668,56.076271057128906
2024-01-24,56.076271057128906,56.26831415325742,55.64854294473973,56.1199196370993,3297600,0.0014803718075471206,55.64979226248605,57.57161167689732,0.015331023544949973,55.22954559326172,55.22080993652344,55.744571685791016,56.66113662719727
2024-01-25,56.66113662719727,56.66113662719727,55.63982036608045,56.0064478261981,2061700,0.0036955300829151216,55.70341491699219,57.45733533586775,0.010429822793896593,56.076271057128906,55.22954559326172,55.22080993652344,57.2110710144043
2024-01-26,57.2110710144043,57.342010102433726,56.44290524305093,56.792067264677854,1934500,-0.0044182229630234104,55.99771336146763,57.34911637079148,0.009705671646252467,56.66113662719727,56.076271057128906,55.22954559326172,57.21980667114258
2024-01-29,57.21980667114258,57.26344859744136,56.56511783810817,57.10632301111953,1901300,-0.0022189864131891834,56.19474465506418,57.232685997372585,0.00015269171828791173,57.2110710144043,56.66113662719727,56.076271057128906,57.6213493347168
2024-01-30,57.6213493347168,57.72609528748395,56.94047400237304,57.10632398086747,1227000,0.01260188716522781,56.462855747767854,57.194860004243395,0.007017546666698626,57.21980667114258,57.2110710144043,56.66113662719727,56.896820068359375
2024-01-31,56.896820068359375,57.630068308176405,56.80952956264383,57.54277780246086,2379900,-0.02196195062058115,56.70228576660156,57.10341171991257,-0.012573972576530701,57.6213493347168,57.21980667114258,57.2110710144043,57.13250350952149
2024-02-01,57.13250350952149,57.80465437048348,56.940467066228,57.14996560608176,2668600,0.014221648120140262,56.97413689749582,57.01528821672712,0.004142295489957926,56.896820068359375,57.6213493347168,57.21980667114258,56.189754486083984
2024-02-02,56.189754486083984,56.57383401703292,56.13737485835231,56.53019209706781,1378100,-0.022140237933796825,56.99034881591797,56.880609421502974,-0.01650109772067654,57.13250350952149,56.896820068359375,57.6213493347168,55.7532958984375
2024-02-05,55.7532958984375,56.050088280303086,55.21208743618355,55.44777579795205,1440000,-0.014339640863205938,56.860657283238005,56.706857227143786,-0.007767583105467657,56.189754486083984,57.13250350952149,56.896820068359375,56.78334045410156
2024-02-06,56.78334045410156,57.05394300727229,56.42544073940884,56.46908932016984,2270800,0.016845327667807775,56.79955291748047,56.575087592715306,0.01847504329682015,55.7532958984375,56.189754486083984,57.13250350952149,55.037506103515625
2024-02-07,55.037506103515625,55.22081817382891,54.68834073100264,54.90657033754308,6332500,-0.003765099470284139,56.48779569353376,56.42544464837937,-0.03074553798040658,56.78334045410156,55.7532958984375,56.189754486083984,56.03263473510742
2024-02-08,56.03263473510742,56.15484277942818,55.238275787183575,55.33429734484116,3348900,0.0045351802575559486,56.26083646501814,56.371822357177734,0.018080917942032926,55.037506103515625,56.78334045410156,55.7532958984375,56.13737869262695
2024-02-09,56.13737869262695,56.32942180113739,55.945335584116506,56.2246758581962,3474600,-0.009029338007569887,56.1523448399135,56.34230931599935,0.0018693384313392958,56.03263473510742,55.037506103515625,56.78334045410156,56.41671371459961
2024-02-12,56.41671371459961,56.58257034151328,56.0326341478337,56.21594621239356,3213300,0.008352315091652018,56.05008915492466,56.3115492321196,0.0049759185141529105,56.13737869262695,56.03263473510742,55.037506103515625,56.24213409423828
2024-02-13,56.24213409423828,56.98411341962991,55.96280046609653,56.92300939659387,3306700,-0.014307247382946975,56.05757195608957,56.23257101149786,-0.0030944663179867105,56.41671371459961,56.13737869262695,56.03263473510742,56.41671371459961
2024-02-14,56.41671371459961,56.77461345481565,56.19848411490851,56.50401088234713,4014500,-0.010695166302758574,56.15234592982701,56.2388060433524,0.0031040717635075765,56.24213409423828,56.41671371459961,56.13737869262695,56.73969268798828
2024-02-15,56.73969268798828,56.73969268798828,55.51760566735622,55.56125424874392,2849900,0.002316581804453044,56.14611053466797,56.314458937872026,0.00572488101704316,56.41671371459961,56.24213409423828,56.41671371459961,56.25958633422852
2024-02-16,56.25958633422852,56.54765099495432,56.10246076109068,56.355607887803785,1664700,0.005392938766720423,56.32069342476981,56.33441125778925,-0.008461560699665083,56.73969268798828,56.41671371459961,56.24213409423828,55.22080993652344
2024-02-20,55.22080993652344,55.80566692636668,55.08987419008262,55.80566692636668,1282700,0.0007662767353273647,56.20471845354353,56.30947022210984,-0.01846398925747328,56.25958633422852,56.73969268798828,56.41671371459961,55.94533920288086
2024-02-21,55.94533920288086,55.98898778848885,55.33429896340377,55.52634208433632,1905700,-0.008422663833903998,56.177284240722656,56.34397161574591,0.013120583837692212,55.22080993652344,56.25958633422852,56.73969268798828,55.98898696899414
2024-02-22,55.98898696899414,56.23340306120753,55.5176102226516,56.0064490669174,1253800,-0.0015443878696353996,56.116180419921875,56.38013549078079,0.0007801859231739705,55.94533920288086,55.22080993652344,56.25958633422852,56.31196212768555
2024-02-23,56.31196212768555,56.50400522174896,55.71837740959782,56.04135292248793,1004700,0.013921064757077772,56.126155853271484,56.391358875093005,0.005768547998024509,55.98898696899414,55.94533920288086,55.22080993652344,56.12865447998047
2024-02-26,56.12865447998047,56.14610991724585,55.55252515264218,55.6660054743833,1026900,-0.015255542575680625,56.08500453404018,56.366002582368395,-0.003255216845213682,56.31196212768555,55.98898696899414,55.94533920288086,56.33815383911133
2024-02-27,56.33815383911133,56.6873225280046,56.25958772068691,56.51273485363856,736600,0.015491879604565328,56.027641841343474,56.32443509783064,0.003732484968183014,56.12865447998047,56.31196212768555,55.98898696899414,55.79694366455078
2024-02-28,55.79694366455078,56.42544599090876,55.79694366455078,56.22467848433491,1000500,-0.00381384889455727,55.96155003138951,56.25667971656436,-0.009606459169857029,56.33815383911133,56.12865447998047,56.31196212768555,55.927879333496094
2024-02-29,55.927879333496094,56.198481895276814,55.50887891822848,56.146108924567926,991800,0.006891210044011498,56.06255994524275,56.1760382879348,0.002346645897533195,55.79694366455078,56.33815383911133,56.12865447998047,56.30323028564453
2024-03-01,56.30323028564453,56.65239893721305,55.927875150680045,56.21593978771193,889900,0.022053257850150665,56.113687242780415,56.14777210780552,0.006711338899696662,55.927879333496094,55.79694366455078,56.33815383911133,56.15483856201172
2024-03-04,56.15483856201172,56.61748421788533,56.0326305268692,56.57383563683225,787000,-0.008184523329429538,56.13738032749721,56.101216634114586,-0.0026355809938430896,56.30323028564453,55.927879333496094,55.79694366455078,56.00644302368164
2024-03-05,56.00644302368164,56.27704557374219,55.76202362792221,55.83185536248265,1594900,0.00675170066552,56.09373474121094,56.09248751685733,-0.0026426135686634655,56.15483856201172,56.30323028564453,55.927879333496094,56.94918823242188
2024-03-06,56.94918823242188,57.333274416953856,56.83571125055476,57.04520977855487,1238100,-0.013412841837876499,56.21095384870257,56.14943477085659,0.01683279918957914,56.00644302368164,56.15483856201172,56.30323028564453,57.30709457397461
2024-03-07,57.30709457397461,57.48167559089817,57.02776095099357,57.06267848634607,841700,0.019637507638862628,56.349373953683035,56.17437544323149,0.006284660987476043,56.94918823242188,56.00644302368164,56.15483856201172,57.42930221557617
2024-03-08,57.42930221557617,57.83084387955925,57.24599015113861,57.726091274235415,732300,0.013333358076814683,56.58256803240095,56.288270496186755,0.0021325045792333075,57.30709457397461,56.94918823242188,56.00644302368164,57.69989776611328
2024-03-11,57.69989776611328,57.70862881378746,57.09758867335571,57.37692226038709,716900,0.019736807813918622,56.83571352277483,56.3676639738537,0.004711802861914638,57.42930221557617,57.30709457397461,56.94918823242188,57.84830093383789
2024-03-12,57.84830093383789,57.98797107817292,57.51659433080074,57.68245096223883,760700,-0.012903180797596892,57.05643790108817,56.449136461530415,0.002571983200493122,57.69989776611328,57.42930221557617,57.30709457397461,59.17514419555664
2024-03-13,59.17514419555664,59.4108292533822,58.75614039739633,58.77360249639938,2218300,0.013071849231591104,57.48791013445173,56.58049029395694,0.02293659866062936,57.84830093383789,57.69989776611328,57.42930221557617,59.41954803466797
2024-03-14,59.41954803466797,59.62032217271295,58.9918199351576,59.23623599202067,1116600,-0.0007168395402556982,57.97549656459263,56.73179571969168,0.004130177330935458,59.17514419555664,57.84830093383789,57.69989776611328,59.44573593139648
2024-03-15,59.44573593139648,59.91711262077115,59.14021585305315,59.63777902630893,1406500,0.000717353767800688,58.332146235874724,56.87603487287249,0.00044072864225142006,59.41954803466797,59.17514419555664,57.84830093383789,60.16131210327149
2024-03-18,60.16131210327149,60.32916520802844,59.30438776425771,59.67543182424707,2143600,-0.0021505186207668725,58.73989159720285,57.03896913074312,0.012037468468736323,59.44573593139648,59.41954803466797,59.17514419555664,60.42634582519531
2024-03-19,60.42634582519531,61.0712430956508,60.41750967710511,60.63836619931708,2297200,-0.0007183844393694461,59.16804068429129,57.23738624936058,0.004405384667622858,60.16131210327149,59.44573593139648,59.41954803466797,61.1242561340332
2024-03-20,61.1242561340332,61.23026295610281,60.2938334144533,60.38217467951348,1312300,0.02803741166309659,59.65723473685129,57.518502734956286,0.011549768553882789,60.42634582519531,60.16131210327149,59.44573593139648,60.090633392333984
2024-03-21,60.090633392333984,60.98289553712911,60.01112828775105,60.620694382908816,3114700,-0.01328679725554216,59.977567945207866,57.715897696358816,-0.01691018929429078,61.1242561340332,60.42634582519531,60.16131210327149,59.93162155151367
2024-03-22,59.93162155151367,60.20548821732218,59.92279214358886,60.143648661818204,878200,0.01133958052477535,60.085636138916016,57.90364220028832,-0.0026462001121225764,60.090633392333984,61.1242561340332,60.42634582519531,60.32916641235352
2024-03-25,60.32916641235352,60.64720033297556,59.54291775859511,60.187815007629965,1557800,0.0028030584073588383,60.215581621442524,58.09493764241537,0.006633307268319788,59.93162155151367,60.090633392333984,61.1242561340332,59.76377487182617
2024-03-26,59.76377487182617,60.7090404953596,59.71076472452113,60.7090404953596,1713100,0.00559051380205422,60.26101575578962,58.26803861345564,-0.009371777767703038,60.32916641235352,59.93162155151367,60.090633392333984,60.44401550292969
2024-03-27,60.44401550292969,60.59419633067289,60.06414198922202,60.18782111089367,1781100,0.006254287593975505,60.30140195574079,58.46355583554222,0.011382156374198482,59.76377487182617,60.32916641235352,59.93162155151367,60.80622482299805
2024-03-28,60.80622482299805,60.97407121188446,60.44401685854573,60.523528718550274,821200,0.0062154811482992844,60.35567038399832,58.70209303356352,0.005992476129432545,60.44401550292969,59.76377487182617,60.32916641235352,61.610130310058594
2024-04-01,61.610130310058594,61.67196986342664,60.64719915904094,61.20375513935341,943400,0.011667773304199436,60.425080980573384,58.97267641339983,0.013220776152452318,60.80622482299805,60.44401550292969,59.76377487182617,63.34163665771485
2024-04-02,63.34163665771485,63.34163665771485,62.24619038872922,62.49354857140291,3379200,0.01628221228743043,60.889510018484934,59.30783862159366,0.0281042474499289,61.610130310058594,60.80622482299805,60.44401550292969,63.78335952758789
2024-04-03,63.78335952758789,63.90703863812844,63.200301826469,63.42115834386371,1091800,-0.004672856017101212,61.43975830078125,59.671101524716335,0.006973657347378204,63.34163665771485,61.610130310058594,60.80622482299805,64.10138702392578
2024-04-04,64.10138702392578,64.46359491133478,63.968878518781366,64.3664175142253,1098700,0.006036228486528961,61.97864695957729,60.05657504853748,0.0049860574716251715,63.78335952758789,63.34163665771485,61.610130310058594,64.3752670288086
2024-04-05,64.3752670288086,64.41060488418682,63.75686466969978,64.1720760453855,950400,0.009999975589604304,62.63743155343192,60.41019784836542,0.004272606531596335,64.10138702392578,63.78335952758789,63.34163665771485,65.08200073242188
2024-04-08,65.08200073242188,65.42653638049582,64.8699803505317,64.96715776306603,1087700,0.012541270456188691,63.300000871930806,60.78043147495815,0.010978342090558035,64.3752670288086,64.10138702392578,63.78335952758789,64.51660919189453
2024-04-09,64.51660919189453,65.26752005435128,64.29575265940687,65.13501152686388,805600,0.009126448736503923,63.83005578177316,61.11792228335426,-0.008687371841131553,65.08200073242188,64.3752670288086,64.10138702392578,64.80812072753906
2024-04-10,64.80812072753906,64.81695687321742,63.98653441956437,64.33106996097268,1374600,-0.014211885179012729,64.28691155569894,61.4564090910412,0.004518395174450074,64.51660919189453,65.08200073242188,64.3752670288086,64.44593048095703
2024-04-11,64.44593048095703,65.31169101357031,63.8275349148091,65.31169101357031,930500,0.009174293968390979,64.44466781616211,61.770581926618306,-0.005588655287579236,64.80812072753906,64.51660919189453,65.08200073242188,64.03955078125
2024-04-12,64.03955078125,65.14383331450375,63.93354397166129,64.76395985346423,974600,-0.011688271140109618,64.48126656668526,62.00222033546085,-0.006305746486616637,64.44593048095703,64.80812072753906,64.51660919189453,63.756866455078125
2024-04-15,63.756866455078125,64.55195137333601,63.606685620520224,64.41060668787179,3077300,-0.008541380508419683,64.43204934256417,62.20875930786133,-0.004414214695813268,64.03955078125,64.44593048095703,64.80812072753906,63.38582229614258
2024-04-16,63.38582229614258,63.60667881982252,62.9176075443421,63.45649800132165,1326400,-0.034459920637479935,64.29070009504046,62.39638246808733,-0.005819673700509953,63.756866455078125,64.03955078125,64.44593048095703,63.38582229614258
2024-04-17,63.38582229614258,63.977716162003325,62.80275783842456,63.59784267167358,1680600,0.008922430440556406,64.0483888898577,62.549930572509766,0.0,63.38582229614258,63.756866455078125,64.03955078125,62.57307052612305
2024-04-18,62.57307052612305,63.59784126858638,62.46705697069329,63.42999489749685,2048900,-0.0061224603503129416,63.7707405090332,62.65215555826823,-0.012822295910626558,63.38582229614258,63.38582229614258,63.756866455078125,63.65086364746094
2024-04-19,63.65086364746094,63.66852920675748,62.81160467071697,62.917618246518295,1361600,0.002737826590949455,63.60541806902204,62.77247020176479,0.01722455222790975,62.57307052612305,63.38582229614258,63.38582229614258,64.12789154052734
2024-04-22,64.12789154052734,64.33991863807827,63.24446552074872,63.54483387227639,864600,0.011604124835305374,63.559983934674946,62.964720589774,0.007494444941210654,63.65086364746094,62.57307052612305,63.38582229614258,64.4636001586914
2024-04-23,64.4636001586914,64.63145326554476,63.78335832355324,64.07489053861245,775700,-0.0080971594111231,63.620562417166575,63.1805290948777,0.00523498605831918,64.12789154052734,63.65086364746094,62.57307052612305,64.26040649414062
2024-04-24,64.26040649414062,64.43709574128214,63.83636578101223,64.36642004242553,1125200,-0.006802660890501078,63.69249670846121,63.367731003534224,-0.003152068206717873,64.4636001586914,64.12789154052734,63.65086364746094,65.15267181396484
2024-04-25,65.15267181396484,65.16150796175145,63.82753272622318,64.02188753749292,1390400,-0.0027397676150665573,63.94490378243582,63.62434514363607,0.01388514901326654,64.26040649414062,64.4636001586914,64.12789154052734,65.86824035644531
2024-04-26,65.86824035644531,66.23044825139085,65.37352395359821,66.00075560435235,2495400,0.026098868191142932,64.29953493390765,63.88264156523205,0.010982950085664633,65.15267181396484,64.26040649414062,64.4636001586914,65.79756927490234
2024-04-29,65.79756927490234,65.95658621925651,65.52370264073363,65.77989698108229,1499800,0.010040200920111042,64.76017761230469,64.12032463437035,-0.0010729158872399003,65.86824035644531,65.15267181396484,64.26040649414062,64.02189636230469
2024-04-30,64.02189636230469,65.6562334477961,64.00422406429551,65.63856788979379,1735400,-0.018555297674582305,64.8131822858538,64.23517063685826,-0.026986907452141495,65.79756927490234,65.86824035644531,65.15267181396484,63.32397079467773
2024-05-01,63.32397079467773,64.13672103091405,63.19145555746411,64.06604533906611,894400,0.01080347990608943,64.69833646501813,64.23432940528507,-0.010901357305590387,64.02189636230469,65.79756927490234,65.86824035644531,63.07662582397461
2024-05-02,63.07662582397461,63.65085414549665,62.988284560664994,62.988284560664994,1322200,0.014028060239943185,64.5001972743443,64.20067541939872,-0.003906024331688074,63.32397079467773,64.02189636230469,65.79756927490234,63.279815673828125
2024-05-03,63.279815673828125,63.31515353029069,62.81160087071141,63.235648408255145,744300,0.0019762670224039436,64.36011287144252,64.16155297415597,0.003221317678287816,63.07662582397461,63.32397079467773,64.02189636230469,63.633182525634766
2024-05-06,63.633182525634766,64.21624700169116,63.633182525634766,63.99539047106491,1079100,0.01906636128120498,64.14304297310966,64.12621561686198,0.005584195340075704,63.279815673828125,63.07662582397461,63.32397079467773,63.553672790527344
2024-05-07,63.553672790527344,64.0748909297184,63.553672790527344,63.93354626519433,719100,0.0006452177608389231,63.8123904636928,64.05343809581939,-0.001249501155712096,63.633182525634766,63.279815673828125,63.07662582397461,63.739200592041016
2024-05-08,63.739200592041016,63.91588313302797,63.39466491911163,63.50950789675245,1027900,-0.009026478619067135,63.518337794712615,64.0164186386835,0.0029192302091678446,63.553672790527344,63.633182525634766,63.279815673828125,65.11734008789062
2024-05-09,65.11734008789062,65.28519321159507,64.64028916263055,64.71980102017719,1009600,0.0013012873635827038,63.6748297555106,64.03114337012882,0.021621537186672812,63.739200592041016,63.553672790527344,63.633182525634766,65.21451568603516
2024-05-10,65.21451568603516,65.55905133245776,65.03783315864125,65.51488407061247,625400,0.01299539866430277,63.94490759713309,64.06774266560872,0.0014923152268409012,65.11734008789062,63.739200592041016,63.553672790527344,65.4265365600586
2024-05-13,65.4265365600586,65.75340665220813,65.21451617758653,65.21451617758653,648300,0.0019242934476428886,64.28060913085938,64.13378960745675,0.0032511300865005754,65.21451568603516,65.11734008789062,63.739200592041016,65.34703063964844
2024-05-14,65.34703063964844,65.55905101951032,65.14383966810962,65.50604760954644,717800,0.004481456214488144,64.575925554548,64.20951171148391,-0.0012151937820699121,65.4265365600586,65.21451568603516,65.11734008789062,64.91413879394531
2024-05-15,64.91413879394531,65.2498382131447,64.26923491442525,65.06431958095519,881900,0.012746982692495967,64.75891930716378,64.28228868756976,-0.006624506752116677,65.34703063964844,65.4265365600586,65.21451568603516,63.739200592041016
2024-05-16,63.739200592041016,64.29575666215614,63.6331870234447,64.15441197736794,1049500,0.006293271128098965,64.7854232788086,64.29911622546967,-0.018099881223624714,64.91413879394531,65.34703063964844,65.4265365600586,64.657958984375
2024-05-17,64.657958984375,64.76396580370317,64.22507533876392,64.3134233415458,944200,-0.006879298883869622,64.91667447771344,64.39839662824359,0.014414338174939534,63.739200592041016,64.91413879394531,65.34703063964844,63.995384216308594
2024-05-20,63.995384216308594,64.58727804293511,63.968882513624685,64.55194019268798,505600,0.01196469019884816,64.75639506748745,64.41480236961728,-0.010247381427961888,64.657958984375,63.739200592041016,64.91413879394531,63.47417449951172
2024-05-21,63.47417449951172,63.83638249598848,63.35049536413121,63.66852935225462,838500,0.01742379730696153,64.50777489798409,64.38367298671177,-0.008144489218709139,63.995384216308594,64.657958984375,63.739200592041016,62.25504684448242
2024-05-22,62.25504684448242,62.6525859477521,61.88400944942977,62.55540852428491,1219700,-0.023853176946496357,64.05470493861607,64.27850378127326,-0.019206672077927922,63.47417449951172,63.995384216308594,64.657958984375,62.28154373168945
2024-05-23,62.28154373168945,63.32398686091232,62.14902846085474,63.16496988391199,1034300,-0.025689236562343454,63.616778237479075,64.18427222115653,0.0004256183000428404,62.25504684448242,63.47417449951172,63.995384216308594,63.18263626098633
2024-05-24,63.18263626098633,63.38582724423632,62.8381005963506,63.03245543076188,836400,0.02508034950944471,63.36942073277065,64.09046100434803,0.014468050650427111,62.28154373168945,62.25504684448242,63.47417449951172,63.73036193847656
2024-05-28,63.73036193847656,63.82753935420252,63.36816072168523,63.56250881313051,566500,0.010037673464961205,63.36815806797573,63.98865727015904,0.008668927254440018,63.18263626098633,62.28154373168945,62.25504684448242,62.74091720581055
2024-05-29,62.74091720581055,63.2091386895904,62.484729573939184,63.2091386895904,737000,0.006211244805708782,63.09429495675223,63.8431024097261,-0.015525484283632318,63.73036193847656,63.18263626098633,62.28154373168945,62.63490295410156
2024-05-30,62.63490295410156,62.73208035051879,62.08717642338679,62.10484871728372,940500,-0.018518591215707758,62.899940490722656,63.77705510457357,-0.0016897147257383116,62.74091720581055,63.73036193847656,63.18263626098633,64.59611511230469
2024-05-31,64.59611511230469,64.59611511230469,63.58900995590985,63.67735121278546,1716100,-0.0075471636368000805,63.06021772112165,63.837633405412944,0.03131180964134783,62.63490295410156,62.74091720581055,63.73036193847656,62.83808898925781
2024-06-03,62.83808898925781,64.01304718752591,62.785085586029496,64.00421104031935,941000,0.006337140567817867,63.14350945608957,63.82627450852167,-0.027215663356696118,64.59611511230469,62.63490295410156,62.74091720581055,62.13136672973633
2024-06-04,62.13136672973633,62.16670458680228,61.31861623724043,61.77799489908378,1343400,-0.024559219097097795,63.12205559866769,63.771586463564915,-0.01124671788860887,62.83808898925781,64.59611511230469,62.63490295410156,62.26387405395508
2024-06-05,62.26387405395508,62.82043006662296,62.02534523423584,62.82043006662296,2383000,0.0019367784745938366,62.99080385480608,63.70638129824684,0.0021326961113721232,62.13136672973633,62.83808898925781,64.59611511230469,62.57307052612305
2024-06-06,62.57307052612305,62.6702479335988,61.96350437741259,62.03418008103242,1104200,0.010953573084260704,62.82547651018415,63.659685952322825,0.0049659048182584264,62.26387405395508,62.13136672973633,62.83808898925781,61.601295471191406
2024-06-07,61.601295471191406,62.43171129463139,61.57478703065159,62.08717570767119,1437000,-0.012109639699160235,62.66267340523856,63.55788094656808,-0.01553024402927361,62.57307052612305,62.26387405395508,62.13136672973633,62.19320297241211
2024-06-10,62.19320297241211,62.44939736744983,61.247937251414086,61.451121493680986,2729200,-0.003870995736552363,62.59957340785435,63.418636322021484,0.009608685932546823,61.601295471191406,62.57307052612305,62.26387405395508,60.638370513916016
2024-06-11,60.638370513916016,61.12425759335711,60.576530952896846,60.84156149441138,2498200,-0.012305653606051403,62.03418132237026,63.200724647158665,-0.02500003833515041,62.19320297241211,61.601295471191406,62.57307052612305,60.96523284912109
2024-06-12,60.96523284912109,61.56596282534508,60.7885435972871,61.38044416592373,1304100,0.01049177365433751,61.766630445207866,62.9882816133045,0.005390354860047797,60.638370513916016,62.19320297241211,61.601295471191406,59.51641845703125
2024-06-13,59.51641845703125,60.072974470577,59.19838452357475,60.002298765363065,2158200,-0.010382839254984733,61.39306640625,62.71063341413225,-0.023764600320241747,60.96523284912109,60.638370513916016,62.19320297241211,58.11177062988281
2024-06-14,58.11177062988281,58.24428589938371,57.53754228871664,57.97925536038191,4347900,0.02295086939132185,60.799908774239675,62.38671112060547,-0.023601014032162304,59.51641845703125,60.96523284912109,60.638370513916016,58.80083847045898
2024-06-17,58.80083847045898,59.07470514192117,58.350296016774514,59.07470514192117,1396300,0.0057691794549465936,60.261018480573384,62.15155101957775,0.011857629411515802,58.11177062988281,59.51641845703125,60.96523284912109,59.6582145690918
2024-06-18,59.6582145690918,59.926699271970186,59.36287525070463,59.4792179391496,1112000,0.010197610719153483,59.98343549455915,61.91346795218332,0.014581018246254462,58.80083847045898,58.11177062988281,59.51641845703125,59.49711990356445
2024-06-20,59.49711990356445,60.10569477794108,59.26442770300255,59.36287414062401,1840200,0.006309092266431726,59.59828077043806,61.69926488967169,-0.0027002931061702595,59.6582145690918,58.80083847045898,58.11177062988281,58.85274887084961
2024-06-21,58.85274887084961,59.30023021938218,58.709551561867904,58.969091563379614,1366800,-0.0025078148711633608,59.343191964285715,61.47919700259254,-0.01083028949568099,59.49711990356445,59.6582145690918,58.80083847045898,60.33838272094727
2024-06-24,60.33838272094727,60.42787762404574,59.49712243819346,59.506067148886906,1385300,-0.01005653983661392,59.25364194597517,61.3879272824242,0.025243236358557075,58.85274887084961,59.49711990356445,59.6582145690918,60.63372802734375
2024-06-25,60.63372802734375,60.660575818119234,59.93565815508475,60.17729510008821,998100,-0.003809551194380978,59.41325759887695,61.30945986793155,0.004894816418305137,60.33838272094727,58.85274887084961,59.49711990356445,59.264427185058594
2024-06-26,59.264427185058594,59.48816784532956,59.14807767178292,59.30022651006472,1222200,0.007010834339583605,59.57792282104492,61.12287848336356,-0.022583154406531802,60.63372802734375,60.33838272094727,58.85274887084961,59.59556579589844
2024-06-27,59.59556579589844,59.81930648171218,59.3091779911778,59.75665936280529,874300,-0.006329118941831302,59.6914552961077,60.92598342895508,0.005587476781068634,59.264427185058594,60.63372802734375,60.33838272094727,59.67611312866211
2024-06-28,59.67611312866211,60.14149072848414,59.35392601031472,59.66716158981259,1788000,0.0025477481838886984,59.69401223318918,60.780040377662296,0.0013515658705134381,59.59556579589844,59.264427185058594,60.63372802734375,61.40339660644531
2024-07-01,61.40339660644531,61.60028950964546,60.84851722724708,61.33179794564087,1227300,-0.012071111095874665,59.966337476457866,60.72139721825009,0.028944302623382434,59.67611312866211,59.59556579589844,59.264427185058594,61.4391975402832
2024-07-02,61.4391975402832,61.86877586027272,61.27810396328107,61.63609044862185,1377600,0.012218603212691415,60.33583014351981,60.571067810058594,0.0005830448446908498,61.40339660644531,59.67611312866211,59.59556579589844,62.62054061889648
2024-07-03,62.62054061889648,62.77268263773109,62.3878484072519,62.59369283063432,892700,0.005717926949523999,60.6618527003697,60.560708363850914,0.019227840302417976,61.4391975402832,61.40339660644531,59.67611312866211,63.44391250610352
2024-07-05,63.44391250610352,63.56920675217823,62.8532406071833,63.54235896059426,1277000,0.021478198978252427,61.06330762590681,60.62321054367792,0.013148591166243895,62.62054061889648,61.4391975402832,61.40339660644531,62.33414459228516
2024-07-08,62.33414459228516,63.22015562795376,62.15514798082214,63.02326276935572,1377400,0.0018553903869849009,61.50183868408203,60.626556759788876,-0.01749211027475006,63.44391250610352,62.62054061889648,61.4391975402832,60.9380111694336
2024-07-09,60.9380111694336,61.43919495906438,60.90221866762511,61.04540915893104,902100,0.0006171594842174777,61.693616594587056,60.54869679042271,-0.022397570897673913,62.33414459228516,63.44391250610352,62.62054061889648,60.982757568359375
2024-07-10,60.982757568359375,61.304944685209655,60.75006535551784,61.14385112678452,694700,0.010487380108264333,61.88028008597238,60.51924260457357,0.0007342937202423627,60.9380111694336,62.33414459228516,63.44391250610352,61.22440719604492
2024-07-11,61.22440719604492,61.34074989961998,60.82166984731745,61.03645900315761,637500,0.007326060333963991,61.854710170200896,60.47310947236561,0.0039625893829853265,60.982757568359375,60.9380111694336,62.33414459228516,62.04777526855469
2024-07-12,62.04777526855469,62.226765105150506,61.63609318196465,61.985128142943694,853500,0.019393884039642373,61.941649845668245,60.540223984491256,0.013448363327933643,61.22440719604492,60.982757568359375,60.9380111694336,61.8687629699707
2024-07-15,61.8687629699707,62.14620602301755,61.58237520697157,61.71662096450741,1455400,-0.012485026595516091,61.83425303867885,60.58324922834124,-0.0028850719918511736,62.04777526855469,61.22440719604492,60.982757568359375,61.14385223388672
2024-07-16,61.14385223388672,61.16174848380311,60.47263019963239,60.77692107239997,1318200,0.0,61.50567299979074,60.66074607485817,-0.011716910138252379,61.8687629699707,62.04777526855469,61.22440719604492,61.27809143066406
2024-07-17,61.27809143066406,61.94036185488094,61.07224702458458,61.215444320643854,1289000,-0.00722461499620719,61.35480826241629,60.811523255847746,0.0021954651509992207,61.14385223388672,61.8687629699707,62.04777526855469,62.0119743347168
2024-07-18,62.0119743347168,62.495255074678525,61.70768342673004,62.36100928668509,1327500,-0.024257143815452076,61.50823157174246,60.964434487479075,0.011976268955489866,61.27809143066406,61.14385223388672,61.8687629699707,61.08120346069336
2024-07-19,61.08120346069336,61.34074345959612,60.920109903720046,61.1796499026228,1168600,0.0006214985312920085,61.52229527064732,61.03219586326962,-0.01500953459406884,62.0119743347168,61.27809143066406,61.14385223388672,61.37654495239258
2024-07-22,61.37654495239258,61.73453140585772,61.25125071788333,61.40339274149832,1175000,0.0006211723597391305,61.544029235839844,61.1216922941662,0.004835227123337171,61.08120346069336,62.0119743347168,61.27809143066406,60.13254928588867
2024-07-23,60.13254928588867,60.75006893959734,60.09674995656842,60.6695255696447,1200200,-0.0006207867441724302,61.270425524030415,61.182635171072825,-0.020268258297511332,61.37654495239258,61.08120346069336,62.0119743347168,60.19519805908203
2024-07-24,60.19519805908203,60.77692522747756,60.150447189196186,60.445786543184944,1012000,-0.012422369913496545,61.031344822474885,61.17581685384115,0.001041844623874244,60.13254928588867,61.37654495239258,61.08120346069336,60.52632522583008
2024-07-25,60.52632522583008,61.02750898322876,59.506068289302966,59.94460493052976,1319000,-0.008805014142637124,60.9431266784668,61.17070243472145,0.0055008900614139655,60.19519805908203,60.13254928588867,61.37654495239258,60.72321319580078
2024-07-26,60.72321319580078,60.90220981895624,60.275731879946655,60.34733052920884,696900,0.011421279683450969,60.86385835920061,61.24016843523298,0.003252931170628637,60.52632522583008,60.19519805908203,60.13254928588867,60.24888610839844
2024-07-29,60.24888610839844,60.42787590951689,59.62241497646062,60.401028122151445,1023400,-0.0037640822120820205,60.61198861258371,61.27127892630441,-0.007811297565444741,60.72321319580078,60.52632522583008,60.19519805908203,60.47262954711914
2024-07-30,60.47262954711914,60.6426746455963,59.78351127038416,59.89090242477096,1045900,0.00755666879646788,60.5250494820731,61.30920827956427,0.003713652702527215,60.24888610839844,60.72321319580078,60.52632522583008,60.66057968139648
2024-07-31,60.66057968139648,61.09016484523544,60.436838973319325,60.9290712622989,1120900,0.016875031278329233,60.42276872907366,61.27383604503813,0.003108019870888601,60.47262954711914,60.24888610839844,60.72321319580078,59.899864196777344
2024-08-01,59.899864196777344,60.49053613088421,59.452382768989686,60.32944937178438,1116300,-0.01843885836766923,60.38952800205776,61.20053445725214,-0.012540524482531956,60.66057968139648,60.47262954711914,60.24888610839844,59.56872177124024
2024-08-02,59.56872177124024,60.27574320246319,59.09439257981802,60.2220476194416,1572700,-0.05072013301948075,60.30003138950893,61.05520975022089,-0.00552826671608575,59.899864196777344,60.66057968139648,60.47262954711914,58.718505859375
2024-08-05,58.718505859375,58.8795994255361,57.868293988428206,58.27997602905683,1307900,-0.018469620935669284,60.04177148001535,60.83019038609096,-0.014272858080290773,59.56872177124024,59.899864196777344,60.66057968139648,58.15467834472656
2024-08-06,58.15467834472656,58.60215968775824,57.2686637833587,57.35815527234863,1222600,0.01545691687559625,59.67483792986189,60.63116818382626,-0.009602211541260064,58.718505859375,59.56872177124024,59.899864196777344,59.22863006591797
2024-08-07,59.22863006591797,59.76560630496241,59.1122873763324,59.174934490420526,878300,-0.02514887800089982,59.52908706665039,60.54976908365885,0.018467159509081732,58.15467834472656,58.718505859375,59.56872177124024,59.74770736694336
2024-08-08,59.74770736694336,59.96249648729019,59.26442672514572,59.336025374602336,1133900,0.03054995545540895,59.42552675519671,60.49095716930571,0.008763959261723464,59.22863006591797,58.15467834472656,58.718505859375,60.08779144287109
2024-08-09,60.08779144287109,60.284684317267285,59.55081522144164,59.6671579072107,683200,0.004611289718942757,59.34369986397879,60.43683260963077,0.005692002102090532,59.74770736694336,59.22863006591797,58.15467834472656,60.37419128417969
2024-08-12,60.37419128417969,60.65162757463578,60.08780345363726,60.54423640569767,730900,0.01049177365433751,59.411460876464844,60.35713813418434,0.004766356599757771,60.08779144287109,59.74770736694336,59.22863006591797,60.51737594604492
2024-08-13,60.51737594604492,60.5710715192745,59.8372024303705,60.09674241435184,936800,0.018818970402570745,59.54698290143694,60.29278637114025,0.0023716203698906924,60.37419128417969,60.08779144287109,59.74770736694336,60.80377197265625
2024-08-14,60.80377197265625,60.946962463385375,60.59792753395466,60.651623114475086,485100,0.0019108111379164683,59.84487806047712,60.27659207298642,0.004732459432257308,60.51737594604492,60.37419128417969,60.08779144287109,61.18860626220703
2024-08-15,61.18860626220703,61.46604253239918,61.00960961367664,61.2154540524806,835100,0.018436191747763342,60.2782963344029,60.27233087448847,0.0063291186889498086,60.80377197265625,60.51737594604492,60.37419128417969,61.4391975402832
2024-08-16,61.4391975402832,61.56449178594884,61.000667680453496,61.13490663793504,653000,0.004993713348920403,60.59409168788365,60.24505578903925,0.004095391174663066,61.18860626220703,60.80377197265625,60.51737594604492,61.77927017211914
2024-08-19,61.77927017211914,62.51313926647576,61.77031863384002,62.16410438184414,847400,0.019875720042842326,60.8843149457659,60.278297061011905,0.005535108618776485,61.4391975402832,61.18860626220703,60.80377197265625,61.4391975402832
2024-08-20,61.4391975402832,62.00302164577855,61.4033982089467,62.00302164577855,920000,-0.0012180160750423497,61.07737295968192,60.281280517578125,-0.0055046398393584495,61.77927017211914,61.4391975402832,61.18860626220703,61.564483642578125
2024-08-21,61.564483642578125,61.99406190574567,61.51078806668803,61.779272774161896,910100,-0.002439002894817688,61.24741472516741,60.34946786789667,0.002039188454777241,61.4391975402832,61.77927017211914,61.4391975402832,61.26019287109375
2024-08-22,61.26019287109375,61.48393354166462,61.14385018048532,61.39443863904095,834000,-0.011002465580410292,61.35353142874582,60.400181906563894,-0.004942634997979978,61.564483642578125,61.4391975402832,61.77927017211914,62.40574264526367
2024-08-23,62.40574264526367,62.41468735473511,61.54657257443126,61.56447564941912,879300,0.03708284877003898,61.582384381975444,60.489677974155974,0.018699741552894444,61.26019287109375,61.564483642578125,61.4391975402832,63.02327728271485
2024-08-26,63.02327728271485,63.0948759437882,62.72793792680536,62.781640336622445,2259200,-0.011918960577424365,61.84448024204799,60.59920483543759,0.009895477744115144,62.40574264526367,61.26019287109375,61.564483642578125,62.79953002929688
2024-08-27,62.79953002929688,62.97852666328642,62.45049512804653,62.951672047170426,2658200,0.010253342907800445,62.03881345476423,60.72066406976609,-0.003550231962934358,63.02327728271485,62.40574264526367,61.26019287109375,62.2088623046875
2024-08-28,62.2088623046875,62.36100433258216,61.94932228932515,62.1193673958097,571200,-0.020895567378905633,62.10018375941685,60.80334182012649,-0.009405607403969896,62.79953002929688,63.02327728271485,62.40574264526367,62.289398193359375
2024-08-29,62.289398193359375,62.38784462970877,61.86876466132521,62.119359935320176,754800,0.002439120403147532,62.22164099557059,60.88090460641043,0.0012946047506450231,62.2088623046875,62.79953002929688,63.02327728271485,61.75242614746094
2024-08-30,61.75242614746094,62.074613264906965,61.313896337390766,61.95827057228282,1112800,-0.0054745210057870475,62.24848992483957,60.96912184215727,-0.008620600960560942,62.289398193359375,62.2088623046875,62.79953002929688,59.8551025390625
2024-09-03,59.8551025390625,60.60687475287644,59.76560763523366,60.60687475287644,1178100,-0.04464833588516859,62.04776273454939,60.98275902157738,-0.03072468122738603,61.75242614746094,62.289398193359375,62.2088623046875,59.49711990356445
2024-09-04,59.49711990356445,60.46367437508475,59.398673465943,60.007248340319634,1255000,0.008322713210922261,61.632245200020925,61.019835880824495,-0.0059808206871656555,59.8551025390625,61.75242614746094,62.289398193359375,59.79244995117188
2024-09-05,59.79244995117188,60.46367191049091,59.74770591736433,60.4099763387127,1135100,0.003174575012870662,61.17069843837193,61.097825004940944,0.004963770483110919,59.49711990356445,59.8551025390625,61.75242614746094,59.336029052734375
2024-09-06,59.336029052734375,60.10569751204581,59.013841938230826,60.01619578066547,885100,-0.0075949305331307615,60.67591258457729,61.10293924240839,-0.007633420253062573,59.79244995117188,59.49711990356445,59.8551025390625,60.29363632202149
2024-09-09,60.29363632202149,60.633719671685775,59.67610990718746,59.70295769426317,935400,-0.010204052787809337,60.402308872767854,61.12893585931687,0.016138715120893155,59.336029052734375,59.79244995117188,59.49711990356445,58.98699569702149
2024-09-10,58.98699569702149,59.72980955958581,58.01148278918427,59.72980955958581,1317400,0.004510269234749842,59.93053708757674,61.076517014276426,-0.021671285805708873,60.29363632202149,59.336029052734375,59.79244995117188,59.38972854614258
2024-09-11,59.38972854614258,59.69401260322948,58.78115360394489,59.42552787545114,1618600,0.016035964150809878,59.59300885881697,61.02963783627466,0.0068274853526981705,58.98699569702149,60.29363632202149,59.336029052734375,60.25783920288086
2024-09-12,60.25783920288086,60.33838256705703,59.50606699711946,59.67611209218927,1246200,-0.0037879059776391166,59.650542667933884,61.01727894374304,0.014617185125939791,59.38972854614258,58.98699569702149,60.29363632202149,60.544227600097656
2024-09-13,60.544227600097656,60.69636961931531,60.20413740652468,60.52632452252882,1798900,0.00950574138304039,59.80012948172434,61.00491968790691,0.004752716011813263,60.25783920288086,59.38972854614258,58.98699569702149,60.9380111694336
2024-09-16,60.9380111694336,61.05436069839517,60.69637422809432,60.767972887759285,1111600,0.01820454394097948,59.96378108433316,60.992986588251036,0.0065040646308502925,60.544227600097656,60.25783920288086,59.38972854614258,61.14385223388672
2024-09-17,61.14385223388672,61.412343778797904,60.78586578334635,61.125955983970336,1651800,0.0036992231571963963,60.22204153878349,60.97892252604168,0.0033778763123855082,60.9380111694336,60.544227600097656,60.25783920288086,60.89326095581055
2024-09-18,60.89326095581055,61.69872872533647,60.7232158633486,61.063306048272494,1347800,-0.007371060305048749,60.30770220075335,60.936731610979365,-0.004098388781878071,61.14385223388672,60.9380111694336,60.544227600097656,61.87771987915039
2024-09-19,61.87771987915039,62.47734324310068,61.80612122517987,62.0656612248054,1308500,0.040841581501778634,60.72066279820034,60.9576136271159,0.016166960151046128,60.89326095581055,61.14385223388672,60.9380111694336,61.83296203613281
2024-09-20,61.83296203613281,62.19094843756647,61.43918313977622,62.15514911462083,1334400,-0.013079666245606747,61.06969615391323,60.970398312523265,-0.0007233272833095938,61.87771987915039,60.89326095581055,61.14385223388672,61.904571533203125
2024-09-23,61.904571533203125,62.42365156486971,61.57343968695201,61.94932240173517,1167200,0.010843393915077826,61.30494362967355,61.00108301071894,0.0011581120281520807,61.83296203613281,61.87771987915039,60.89326095581055,62.25263595581055
2024-09-24,62.25263595581055,62.94151388391429,62.1710549397202,62.88712423471953,1448600,0.010131133717895535,61.54900196620396,60.993792215983085,0.005622596425221005,61.904571533203125,61.83296203613281,61.87771987915039,60.42167282104492
2024-09-25,60.42167282104492,61.97164281099592,60.42167282104492,61.90819398972551,2001200,-0.007669662198552363,61.47523934500558,60.869906289236894,-0.029411816972141014,62.25263595581055,61.904571533203125,61.83296203613281,59.52432632446289
2024-09-26,59.52432632446289,60.20413820185165,59.025801763620215,59.12550805886956,2513500,0.02556480741523659,61.243878500802175,60.71394420805433,-0.014851401073250114,60.42167282104492,62.25263595581055,61.904571533203125,59.95939636230469
2024-09-27,59.95939636230469,60.15880891087687,59.433673627960296,59.823432632332505,1373900,0.0,61.11046927315848,60.60682678222658,0.007309113176187099,59.52432632446289,60.42167282104492,62.25263595581055,58.57258605957031
2024-09-30,58.57258605957031,59.3158466701009,58.40036486059513,59.08924274109276,2824600,-0.026666543032010326,60.63830729893276,60.42983572823662,-0.02312915717754349,59.95939636230469,59.52432632446289,60.42167282104492,59.53338623046875
2024-10-01,59.53338623046875,59.80531371931819,58.71761067932373,58.79012559840402,2422700,0.01846332053511257,60.309796469552175,60.3241671607608,0.01640358118935148,58.57258605957031,59.95939636230469,59.52432632446289,60.98365020751953
2024-10-02,60.98365020751953,61.2102541437338,60.26758093923405,61.11961395232876,2725900,-0.01754392884967193,60.178236280168804,60.37790752592542,0.024360515483470735,59.53338623046875,58.57258605957031,59.95939636230469,61.52749633789063
2024-10-03,61.52749633789063,61.65439398495067,61.01990574965044,61.08335457318047,2072500,0.0,60.07464490618025,60.47459211803619,0.008917900593363282,60.98365020751953,59.53338623046875,58.57258605957031,62.180118560791016
2024-10-04,62.180118560791016,62.669583891655314,62.044154816317054,62.41578859018568,1968700,0.004166744574221504,60.32585144042969,60.58829062325615,0.010607001125421567,61.52749633789063,60.98365020751953,59.53338623046875,62.9415168762207
2024-10-07,62.9415168762207,63.25876103075732,62.588015258965065,62.64239799534165,1302300,-0.012448250332622424,60.81402151925223,60.75998051961264,0.01224504444592367,62.180118560791016,61.52749633789063,60.98365020751953,61.82661437988281
2024-10-08,61.82661437988281,62.36140324159743,61.52749553767309,62.36140324159743,1113400,-0.021608684839125702,61.08076695033482,60.83297947474888,-0.017713308348294654,62.9415168762207,62.180118560791016,61.52749633789063,61.67253112792969
2024-10-09,61.67253112792969,61.75410522956514,61.10149167027056,61.19213186611116,737400,0.014724034019756527,61.52361624581473,60.960862114315944,-0.0024921832369210195,61.82661437988281,62.9415168762207,62.180118560791016,62.053218841552734
2024-10-10,62.053218841552734,62.071351028426605,61.67252590203842,61.96257865339263,736000,0.009673549596734388,61.883592333112446,61.08769498552595,0.006172727252484078,61.67253112792969,61.82661437988281,62.9415168762207,61.89006805419922
2024-10-11,61.89006805419922,62.16199555305249,61.69065547709396,61.80849395378537,1793400,0.001796391223474414,62.01308059692383,61.16542016892206,-0.002629207483500706,62.053218841552734,61.67253112792969,61.82661437988281,61.735984802246094
2024-10-14,61.735984802246094,62.05322897029071,61.56376357584865,61.79943363585502,887300,-0.011356858451881613,62.042864663260325,61.22217051188151,-0.0024896280905393198,61.89006805419922,62.053218841552734,61.67253112792969,58.67229843139648
2024-10-15,58.67229843139648,59.11644024203881,58.53633467679876,58.98954258185529,2261800,-0.011487318299804206,61.541747501918245,61.114279429117836,-0.04962561754968797,61.735984802246094,61.89006805419922,62.053218841552734,58.418495178222656
2024-10-16,58.418495178222656,59.18895413572369,58.3459871703833,59.08924784511541,1632100,0.013455656410999994,60.89560154506138,60.984500521705264,-0.00432577655826083,58.67229843139648,61.735984802246094,61.89006805419922,58.91701889038086
2024-10-17,58.91701889038086,59.107365352332216,58.50913460268549,58.97140161796616,1073100,0.014483995520483406,60.479945046561106,60.8903937566848,0.0085336623382255,58.418495178222656,58.67229843139648,61.735984802246094,58.83544921875
2024-10-18,58.83544921875,58.9804721416726,58.57258782333677,58.96234686958351,1026300,0.01011305332952106,60.07464763096401,60.74552372523716,-0.001384484027995847,58.91701889038086,58.418495178222656,58.67229843139648,58.83544921875
2024-10-21,58.83544921875,59.29771626875639,58.72667684000557,59.12550197999851,927500,0.0011778458744751141,59.6149662562779,60.602785019647506,0.0,58.83544921875,58.91701889038086,58.418495178222656,58.77199172973633
2024-10-22,58.77199172973633,59.10736803433663,58.672292363107,58.74480036470987,625700,0.002353033732371612,59.169526781354634,60.45361455281576,-0.001078558757624748,58.83544921875,58.83544921875,58.91701889038086,58.55445861816406
2024-10-23,58.55445861816406,58.88076885561382,58.24628056913022,58.59978217380018,975300,-0.02582170482581414,58.715023040771484,60.277510870070685,-0.0037013057609582845,58.77199172973633,58.83544921875,58.83544921875,58.81731796264648
2024-10-24,58.81731796264648,59.16175346101979,58.51819910291515,59.04392190206658,563200,0.02048197918320982,58.73574011666434,60.20111301967076,0.004489143110288696,58.55445861816406,58.77199172973633,58.83544921875,58.93515396118164
2024-10-25,58.93515396118164,59.26146421175977,58.75387356215109,59.107375181043416,1375800,-0.005312821805629087,58.80954851422991,60.17305719284784,0.002003423525873682,58.81731796264648,58.55445861816406,58.77199172973633,58.64509582519531
2024-10-28,58.64509582519531,58.726676838101824,57.88370992021889,57.9834162052139,1326200,0.008308531221268067,58.77070236206055,60.11047145298549,-0.004921648905462761,58.93515396118164,58.81731796264648,58.55445861816406,58.03780364990234
2024-10-29,58.03780364990234,58.74480688062289,57.97435481933521,58.60885004041038,1660000,-0.00882875809490924,58.65675299508231,60.085005623953684,-0.010355378685084626,58.64509582519531,58.93515396118164,58.81731796264648,57.620849609375
2024-10-30,57.620849609375,58.463816543124565,57.620849609375,57.91996846999014,4198100,-0.007719761378374157,58.4832387651716,59.99393245152065,-0.007184180211961544,58.03780364990234,58.64509582519531,58.93515396118164,56.70537185668945
2024-10-31,56.70537185668945,57.067936090328736,56.15245768336016,56.85039824168552,2215500,-0.016756286404113974,58.18800735473633,59.79020491100493,-0.01588795998135717,57.620849609375,58.03780364990234,58.64509582519531,56.62379455566406
2024-11-01,56.62379455566406,57.46676150280615,56.46063943959129,57.41237531154796,1196000,0.015216049820757638,57.91219820295061,59.556695302327476,-0.0014386168074439487,56.70537185668945,57.620849609375,58.03780364990234,57.09513092041016
2024-11-04,57.09513092041016,57.64804163609313,56.96822980803684,57.367054960092325,1492900,-0.012590047125880521,57.666171482631135,59.31455303373791,0.008323998213908945,56.62379455566406,56.70537185668945,57.620849609375,57.47582626342773
2024-11-05,57.47582626342773,57.68430148440319,57.15858211361766,57.37611997128688,1132300,0.01578637356403756,57.45769609723772,59.05428205217634,0.006667737456425904,57.09513092041016,56.62379455566406,56.70537185668945,55.99836730957031
2024-11-06,55.99836730957031,56.6056676967424,55.30042672500628,55.52703067618804,2300700,-0.02032282358557047,57.07959202357701,58.776746477399556,-0.025705745352590625,57.47582626342773,57.09513092041016,56.62379455566406,56.877586364746094
2024-11-07,56.877586364746094,57.04074147077503,56.40624977596266,56.8322662703384,1376300,0.025625390512656,56.91384669712612,58.54841577439081,0.015700798030686913,55.99836730957031,57.47582626342773,57.09513092041016,55.49983978271485
2024-11-08,55.49983978271485,55.83521266517282,54.9650543150485,55.83521266517282,1552500,-0.028554409107365508,56.610845293317524,58.23635010492234,-0.02422301419747308,56.877586364746094,55.99836730957031,57.47582626342773,55.36387252807617
2024-11-11,55.36387252807617,55.44544662155364,55.04662495895736,55.1553938746288,1587400,-0.009185584782678502,56.419202532087056,57.92557888939267,-0.002449867516212678,55.49983978271485,56.877586364746094,55.99836730957031,53.99518585205078
2024-11-12,53.99518585205078,54.46652245611224,53.306311404700445,54.41213626643919,3614000,-0.024721839626978714,56.04368700299944,57.556969415573846,-0.024721657166075217,55.36387252807617,55.49983978271485,56.877586364746094,54.26710510253906
2024-11-13,54.26710510253906,54.98317431047073,52.98905914831863,53.47852443913531,4562300,-0.005703432617298665,55.639683314732146,57.34719830467587,0.005035990638746046,53.99518585205078,55.36387252807617,55.49983978271485,54.81096649169922
2024-11-14,54.81096649169922,54.99224689201764,54.51184760731022,54.73845156541025,3404300,-0.0012746859866712423,55.25898906162807,57.175411224365234,0.010021934800695798,54.26710510253906,53.99518585205078,55.36387252807617,55.155399322509766
2024-11-15,55.155399322509766,55.51796702082856,54.95599020036608,55.03756775960272,2138400,-0.0006381564424100539,55.13856506347656,56.99628648303804,0.006284013088196705,54.81096649169922,54.26710510253906,53.99518585205078,55.60860443115234
2024-11-18,55.60860443115234,55.980234747348526,55.49077287414741,55.50890160392547,1896100,0.014687093821521557,54.95728193010603,56.84262720743815,0.008216876574359544,55.155399322509766,54.81096649169922,54.26710510253906,55.028507232666016
2024-11-19,55.028507232666016,55.31856003758509,54.738454427746944,54.83816072775704,1037800,0.01195722120737952,54.88994870867048,56.66134425571987,-0.01043178846907633,55.60860443115234,55.155399322509766,54.81096649169922,54.85628509521485
2024-11-20,54.85628509521485,55.0647603160551,54.5934236811416,54.90160519405805,1364900,-0.01741296066412379,54.81743621826172,56.474882035028365,-0.0031296894302982325,55.028507232666016,55.60860443115234,55.155399322509766,54.412139892578125
2024-11-21,54.412139892578125,54.77470759915742,54.049575643700734,54.61155247696693,2649600,0.017088578453210657,54.877001081194194,56.27762876238142,-0.008096523522615806,54.85628509521485,55.028507232666016,55.60860443115234,54.07676315307617
2024-11-22,54.07676315307617,54.2036608040141,53.59636391518211,53.65981274065107,2416300,0.006845052520468631,54.84980937412807,56.05188805716379,-0.006163638117597681,54.412139892578125,54.85628509521485,55.028507232666016,52.80778121948242
2024-11-25,52.80778121948242,54.16740487398477,52.7896559468666,54.07676468009865,2441000,-0.00803459936759432,54.56364004952567,55.76010840279715,-0.023466307145670218,54.07676315307617,54.412139892578125,54.85628509521485,52.1551628112793
2024-11-26,52.1551628112793,52.90748608182827,51.84698131958773,52.90748608182827,2075900,0.0006230474609314474,54.1350348336356,55.45106397356306,-0.01235837585166999,52.80778121948242,54.07676315307617,54.412139892578125,51.81072235107422
2024-11-27,51.81072235107422,52.07358373938867,51.384705856750905,51.44815468045418,2333600,-0.000622659514502022,53.5924802507673,55.15453629266648,-0.006604148882660366,52.1551628112793,52.80778121948242,54.07676315307617,52.56304931640625
2024-11-29,52.56304931640625,52.62649814042215,52.12796672643782,52.227673009234685,1322200,0.004984379687452023,53.2402719770159,54.91368865966797,0.014520680878258974,51.81072235107422,52.1551628112793,52.80778121948242,51.1943588256836
2024-12-02,51.1943588256836,51.98293952429999,50.94056353364649,51.91949070129071,2805600,0.0030998465279967746,52.71713965279715,54.651259467715306,-0.026039023772835956,52.56304931640625,51.81072235107422,52.1551628112793,51.729148864746094
2024-12-03,51.729148864746094,51.973881542999,51.41190472128965,51.91949535081996,2055000,0.00803465892064148,52.333855220249724,54.41818110148112,0.010446268911843415,51.1943588256836,52.56304931640625,51.81072235107422,51.39377212524414
2024-12-04,51.39377212524414,51.75633633939712,51.06746191211536,51.72914497420359,2612800,-0.0006132335082131846,51.95057078770229,54.146687825520836,-0.006483322205413589,51.729148864746094,51.1943588256836,52.56304931640625,52.07358551025391
2024-12-05,52.07358551025391,52.29112335386248,51.720083921113705,52.0826481463619,2095800,0.006135033879773211,51.84568568638393,53.88943826584589,0.013227544056371165,51.39377212524414,51.729148864746094,51.1943588256836,51.58412170410156
2024-12-06,51.58412170410156,52.36363982515097,51.43909531816459,52.354573731072655,2033100,-0.0012195014474088994,51.76410838535854,53.6792360941569,-0.009399464264967294,52.07358551025391,51.39377212524414,51.729148864746094,52.21861267089844
2024-12-09,52.21861267089844,53.07970833747408,52.21861267089844,52.454279247940384,2206100,0.00915754600450347,51.82237843104771,53.45738020397368,0.012300121545859799,51.58412170410156,52.07358551025391,51.39377212524414,51.44815444946289
2024-12-10,51.44815444946289,52.2820587050643,51.43909181370378,52.23673861086567,1862300,0.004234687221545963,51.66310773577009,53.26444280715216,-0.014754475119652555,52.21861267089844,51.58412170410156,52.07358551025391,51.37564468383789
2024-12-11,51.37564468383789,51.52067106467512,50.6867667815848,51.38470731989574,2776900,0.010843393915077826,51.68900571550642,53.07452719552176,-0.0014093754460371422,51.44815444946289,52.21861267089844,51.58412170410156,50.73208999633789
2024-12-12,50.73208999633789,51.29406678611821,50.65051244155513,50.97682266068617,2338600,-0.016686498869501243,51.54656873430525,52.91914167858305,-0.012526454732790016,51.37564468383789,51.44815444946289,52.21861267089844,50.70489883422852
2024-12-13,50.70489883422852,51.00401770926454,50.49642361421942,51.00401770926454,1514600,0.0006060552263591479,51.448158264160156,52.7495128086635,-0.0005359755947632605,50.73208999633789,51.37564468383789,51.44815444946289,49.1096076965332
2024-12-16,49.1096076965332,49.979766023626816,49.05522150445167,49.78941953789418,3073400,-0.02483344743242033,51.024732862200054,52.478019532703215,-0.031462268427176365,50.70489883422852,50.73208999633789,51.37564468383789,49.17305374145508
2024-12-17,49.17305374145508,49.472172594417856,48.8739348884923,48.97364117281322,3126200,0.003105562553893826,50.68029458182199,52.19314593360538,0.0012919273416707178,49.1096076965332,50.70489883422852,50.73208999633789,48.65640258789063
2024-12-18,48.65640258789063,49.68971609268462,48.54763365520232,49.38153456864939,2196700,-0.03591329388928255,50.17140742710659,51.862088702973864,-0.010506794153581023,49.17305374145508,49.1096076965332,50.70489883422852,48.63827133178711
2024-12-19,48.63827133178711,49.18211942470445,48.62014260099628,49.11867059578749,2716200,0.005138040592278292,49.7699955531529,51.55779175531296,-0.00037263864854730766,48.65640258789063,49.17305374145508,49.1096076965332,49.08241271972656
2024-12-20,49.08241271972656,49.35433674473276,48.30289464572763,48.40260092836027,2295800,0.012779624907791387,49.44239098685129,51.28284545171829,0.009131520832838191,48.63827133178711,48.65640258789063,49.17305374145508,49.1821174621582
2024-12-23,49.1821174621582,49.23650365236047,48.66546075719266,48.819553233914895,2236800,-0.000630909226643217,49.22096633911133,51.03379676455543,0.0020313741095203675,49.08241271972656,48.63827133178711,48.65640258789063,49.23650360107422
2024-12-24,49.23650360107422,49.36340125371228,48.81048708918783,49.17305477475519,749800,-0.01010104205281892,49.011195591517854,50.8033082144601,0.0011058112525932362,49.1821174621582,49.08241271972656,48.63827133178711,49.29088973999024
2024-12-26,49.29088973999024,49.90725273019312,49.29088973999024,49.53562240883858,1267900,0.003188747292422356,49.037093026297434,50.63583719162714,0.0011045897847798969,49.23650360107422,49.1821174621582,49.08241271972656,49.41778564453125
2024-12-27,49.41778564453125,49.88005614198151,49.318079361745504,49.41778564453125,1394600,-0.001271444601438576,49.07205472673689,50.50548589797247,0.0025744291736340408,49.29088973999024,49.23650360107422,49.1821174621582,49.38153076171875
2024-12-30,49.38153076171875,49.66252089534527,49.218375646413264,49.608134704342845,1639500,-0.010184567181195314,49.17564446585519,50.38981010800316,-0.0007336403754163445,49.41778564453125,49.29088973999024,49.23650360107422,50.16483688354492
2024-12-31,50.16483688354492,50.50540451776667,49.77824716544347,49.93472295288646,1230300,-0.005144710911862083,49.39372525896345,50.275609515962145,0.01586232969581003,49.38153076171875,49.41778564453125,49.29088973999024,50.69870376586914
2025-01-02,50.69870376586914,50.91961117682048,50.50540539221174,50.643475157501314,1665300,0.01551388522438124,49.62462397984096,50.25200689406622,0.010642252930345597,50.16483688354492,49.38153076171875,49.41778564453125,51.06688690185547
2025-01-03,51.06688690185547,51.471886186147344,51.02086481452278,51.462683173184885,1372300,0.017823069235478828,49.89387675694057,50.22047061011905,0.00726218046296867,50.69870376586914,50.16483688354492,49.38153076171875,52.0241584777832
2025-01-06,52.0241584777832,52.41074820044108,51.70199686430834,51.77563500839173,2138800,0.0037523119762856716,50.292113167899,50.250489007859,0.018745446100278285,51.06688690185547,50.69870376586914,50.16483688354492,52.47518157958984
2025-01-07,52.47518157958984,52.73291158125955,52.27268369909376,52.50279764017665,2261300,-0.006853582105654121,50.74701200212751,50.269612630208336,0.008669493462335254,52.0241584777832,51.06688690185547,50.69870376586914,52.272682189941406
2025-01-08,52.272682189941406,52.3463168231068,51.70199710442467,51.82165733348592,1734100,-0.0031367351767350726,51.15485436575754,50.30240122477213,-0.0038589554824368655,52.47518157958984,52.0241584777832,51.06688690185547,52.17143249511719
2025-01-10,52.17143249511719,53.285183116409165,51.85847739784192,53.1010912630837,2138900,-0.0018880237863708738,51.55341175624302,50.300154549734934,-0.0019369523541247213,52.272682189941406,52.47518157958984,52.0241584777832,52.29109191894531
2025-01-13,52.29109191894531,52.6132500238448,52.18063470189978,52.263475859053926,2526700,-0.004413580286291574,51.85716247558594,50.3402944292341,0.0022935813357114476,52.17143249511719,52.272682189941406,52.47518157958984,52.98143768310547
2025-01-14,52.98143768310547,53.04586930889912,52.309505363214384,52.41995907725202,1564900,0.0050665139765913025,52.183267320905415,50.416760762532554,0.013201976451940212,52.29109191894531,52.17143249511719,52.272682189941406,53.091888427734375
2025-01-15,53.091888427734375,53.33120537997441,52.82495541508429,53.018250281654325,1355500,0.011342115182289891,52.47255325317383,50.529132116408576,0.0020847064454825315,52.98143768310547,52.29109191894531,52.17143249511719,54.31608963012695
2025-01-16,54.31608963012695,55.05245700344708,53.984728525644734,54.15041083351577,6079000,-0.004361392261928221,52.79997198922293,50.70109358287993,0.02305815895132257,53.091888427734375,52.98143768310547,52.29109191894531,54.75791549682617
2025-01-17,54.75791549682617,54.8959817560607,54.279278073374215,54.51859502947013,2748200,0.012515654970185475,53.12607683454241,50.970060620989116,0.008134346005168824,54.31608963012695,53.091888427734375,52.98143768310547,54.40814208984375
2025-01-21,54.40814208984375,54.73030021054379,54.06757443206654,54.3160944044579,2480500,0.00741649829035107,53.43114253452846,51.21935054234096,-0.006387631884977374,54.75791549682617,54.31608963012695,53.091888427734375,53.48768615722656
2025-01-22,53.48768615722656,54.113596371097415,53.46007360731643,54.10438984695393,1263600,-0.002453848030962824,53.619178771972656,51.44941166469029,-0.016917613747906457,54.40814208984375,54.75791549682617,54.31608963012695,54.07677459716797
2025-01-23,54.07677459716797,54.32529806773168,53.6165467282559,54.18722830255407,1871100,0.007995008882487165,53.874276297433035,51.708388010660805,0.011013533810563247,53.48768615722656,54.40814208984375,54.75791549682617,54.0583610534668
2025-01-24,54.0583610534668,54.36211310983503,53.80983760132726,54.29768149386474,1170500,-0.005491222298440235,54.02812249319894,51.9453379313151,-0.00034050743296620833,54.07677459716797,53.48768615722656,54.40814208984375,54.23325347900391
2025-01-27,54.23325347900391,54.37132325205281,53.80984465816888,54.0859806930065,1609000,-0.00552142408547307,54.1911746433803,52.18586821783157,0.0032352520892029446,54.0583610534668,54.07677459716797,53.48768615722656,53.5060920715332
2025-01-28,53.5060920715332,54.14120525528597,53.34040976076988,53.892681789140994,1288800,0.0018506931569290952,54.075460706438335,52.38918195452009,-0.01340803586036432,54.23325347900391,54.0583610534668,54.07677459716797,53.5521125793457
2025-01-29,53.5521125793457,53.67177280276655,53.07347519692214,53.1010877441501,1050100,0.009236490760067939,53.90320314679827,52.59209732782273,0.0008600984678712731,53.5060920715332,54.23325347900391,54.0583610534668,54.0583610534668
2025-01-30,54.0583610534668,54.25165590137764,53.55211113744614,53.80063458958568,1052100,0.0225747767802027,53.85323442731585,52.81307710920061,0.009453380076668516,53.5521125793457,53.5060920715332,54.23325347900391,53.41404724121094
2025-01-31,53.41404724121094,54.15041466665624,53.174730285823294,54.095186056369805,1430900,-0.012529836983336873,53.84271458217076,53.005101703462145,-0.011918855838389142,54.0583610534668,53.5521125793457,53.5060920715332,52.98143768310547
2025-02-03,52.98143768310547,53.3127988252184,52.48439070304568,52.72370766867061,1346900,0.00483379408004625,53.68623788016183,53.13922555106027,-0.008099172042737357,53.41404724121094,54.0583610534668,53.5521125793457,54.48177337646485
2025-02-04,54.48177337646485,54.67507174825791,53.1655214021033,53.1655214021033,1712700,0.010222515329311399,53.746725354875835,53.319371722993395,0.028318138558890205,52.98143768310547,53.41404724121094,54.0583610534668,55.52188873291016
2025-02-05,55.52188873291016,55.85325335381274,55.32859387447029,55.558707804401536,1860700,0.007142908762586719,53.93081610543387,53.53151466732933,0.01909107013199063,54.48177337646485,52.98143768310547,53.41404724121094,56.074161529541016
2025-02-06,56.074161529541016,56.45155175061532,55.75200342772145,56.414732678618805,1555700,0.00591011297894517,54.29768317086356,53.724371955508275,0.009946938211838896,55.52188873291016,54.48177337646485,52.98143768310547,55.94529724121094
2025-02-07,55.94529724121094,56.387115563115934,55.80723099069933,56.23063977695079,1385000,-0.0023501555070135627,54.63956669398716,53.889615558442614,-0.0022981045960390745,56.074161529541016,55.52188873291016,54.48177337646485,55.54950714111328
2025-02-10,55.54950714111328,55.917690872348906,55.18132692113794,55.65996436724014,1329200,0.007656111678583599,54.85258756365095,54.045654841831755,-0.007074591066898561,55.94529724121094,56.074161529541016,55.52188873291016,56.14780044555664
2025-02-11,56.14780044555664,56.28587021181202,55.74280118180624,56.00973067930127,2255000,-0.009351286000339298,55.24312373570034,54.235005696614586,0.01077045207482219,55.54950714111328,55.94529724121094,56.074161529541016,56.01893997192383
2025-02-12,56.01893997192383,56.41473624274171,55.55871207667143,55.85325764873215,1561100,0.005899652694756563,55.67705263410296,54.412522270565944,-0.002295022647552547,56.14780044555664,55.54950714111328,55.94529724121094,56.20302963256836
2025-02-13,56.20302963256836,56.43314357118822,55.77041430435981,55.96370917009807,1258300,0.008211184332254984,55.922946384974885,54.56593141101656,0.0032862039291852163,56.01893997192383,56.14780044555664,55.54950714111328,56.52518844604492
2025-02-14,56.52518844604492,57.39041560197673,56.41473473728472,57.01302887839093,1030000,-0.006399124660733113,56.06627491542271,54.72942188807896,0.00573205422523837,56.20302963256836,56.01893997192383,56.14780044555664,56.89337539672852
2025-02-18,56.89337539672852,57.26155561731533,56.46996305172626,56.562010740318186,1341700,0.004683912358158571,56.18330546787808,54.85214978172665,0.006513679313693066,56.52518844604492,56.20302963256836,56.01893997192383,56.074161529541016
2025-02-19,56.074161529541016,56.68166568370357,55.87166365608012,56.534389395717525,1232100,0.0005827454125784115,56.20171465192522,54.91482816423689,-0.014399108182191145,56.89337539672852,56.52518844604492,56.20302963256836,56.71847915649414
2025-02-20,56.71847915649414,56.80132030980673,56.25825130725975,56.41473060185456,1030300,0.0005824060181431889,56.36871065412249,55.02484421502976,0.011490454950694007,56.074161529541016,56.89337539672852,56.52518844604492,55.85325622558594
2025-02-21,55.85325622558594,56.120189240733296,55.650754833231375,55.90848483566266,959000,-0.016298100873145427,56.326632908412385,55.13749040876116,-0.01525469201176799,56.71847915649414,56.074161529541016,56.89337539672852,55.844051361083984
2025-02-24,55.844051361083984,56.13860044565264,55.56791532501484,55.92689252303075,1184600,-0.004141975465611569,56.301648821149556,55.22164644513811,-0.00016480443798616573,55.85325622558594,56.71847915649414,56.074161529541016,55.65075302124024
2025-02-25,55.65075302124024,56.43314250451543,55.49427723134119,56.43314250451543,1450100,0.0,56.222752162388396,55.297474634079705,-0.00346139535245904,55.844051361083984,55.85325622558594,56.71847915649414,55.669166564941406
2025-02-26,55.669166564941406,55.89007750269866,55.17211958843277,55.38382400185084,883200,0.0053476609393801056,56.100463322230745,55.365851447695775,0.00033087681121113377,55.65075302124024,55.844051361083984,55.85325622558594,55.27336502075195
2025-02-27,55.27336502075195,55.82564055688013,55.13529877016484,55.24575247288651,997100,-0.02068562322021772,55.86903326851981,55.45000730242048,-0.007109888087290295,55.669166564941406,55.65075302124024,55.844051361083984,55.43904495239258
2025-02-28,55.43904495239258,55.43904495239258,54.91438549789515,55.20893103335828,907400,-0.006638560944210892,55.778302328927175,55.53986122494652,0.0029974641778807154,55.27336502075195,55.669166564941406,55.65075302124024,55.07086563110352
2025-03-03,55.07086563110352,56.76450073029386,54.63825033309826,56.67245656577606,1607000,-0.006075280795872273,55.542928968157085,55.58807572864351,-0.006641155553910094,55.43904495239258,55.27336502075195,55.669166564941406,55.10768127441406
2025-03-04,55.10768127441406,55.73359142561959,54.279273258707775,54.50938718161393,2320000,0.0055012916880219365,55.43641826084682,55.66872496831985,0.0006685139753777047,55.07086563110352,55.43904495239258,55.27336502075195,56.09257125854492
2025-03-05,56.09257125854492,56.35950426454816,55.31938830025759,56.120187318267305,2092000,0.026747599367899166,55.47192110334124,55.816874186197914,0.017872099884342907,55.10768127441406,55.07086563110352,55.43904495239258,55.94529724121094
2025-03-06,55.94529724121094,56.6172294918952,55.72438983588839,55.81643400289614,1556700,-0.008880916646147763,55.51399884905134,55.886565798804874,-0.0026255529748344664,56.09257125854492,55.10768127441406,55.07086563110352,56.506778717041016
2025-03-07,56.506778717041016,57.11427938004453,55.75200527243847,56.506778717041016,2835000,0.007168510359164548,55.63365772792271,55.933465321858726,0.010036258694081424,55.94529724121094,56.09257125854492,55.10768127441406,56.21223068237305
2025-03-10,56.21223068237305,57.0222327011846,55.77041235700128,56.76450271127278,1961600,-0.029656069016630093,55.76778139386858,55.94004004342215,-0.005212614156310802,56.506778717041016,55.94529724121094,56.09257125854492,56.61722946166992
2025-03-11,56.61722946166992,57.040641758955246,56.13859557997329,56.86575292597004,1447200,0.014669914842002418,55.93609346662249,55.972036815824964,0.007204816004995784,56.21223068237305,56.506778717041016,55.94529724121094,56.63564300537109
2025-03-12,56.63564300537109,56.92098556115207,56.09257395485901,56.2398467391711,2338800,0.0030120216173645797,56.159633091517854,56.02375757126581,0.00032522862521267015,56.61722946166992,56.21223068237305,56.506778717041016,57.01302719116211
2025-03-13,57.01302719116211,57.31677927033864,56.75530070792868,56.81973232873704,1058600,0.0012013063787297273,56.43182536533901,56.06495884486607,0.006663368962814387,56.63564300537109,56.61722946166992,56.21223068237305,57.72178268432617
2025-03-14,57.72178268432617,57.81383037157511,57.14189805532897,57.2983738567618,1289000,0.02639471731093379,56.66456985473633,56.14604659307571,0.012431465720766477,57.01302719116211,56.63564300537109,56.61722946166992,57.64814376831055
2025-03-17,57.64814376831055,58.06234955204619,57.60212168373103,57.66655330439436,1367500,0.014026872684423264,56.90783364432199,56.21486155192057,-0.0012757560939922197,57.72178268432617,57.01302719116211,56.63564300537109,58.29246520996094
2025-03-18,58.29246520996094,58.49496309035086,58.05314474505456,58.36609984521361,1406700,0.0017289801893702883,57.162931714739116,56.299017588297524,0.011176794247529154,57.64814376831055,57.72178268432617,57.01302719116211,59.1392822265625
2025-03-19,59.1392822265625,59.14848875041312,58.531781569043545,58.58701017836711,1521300,0.016110552448444837,57.581081935337615,56.40596553257534,0.014527040734191754,58.29246520996094,57.64814376831055,57.72178268432617,58.964393615722656
2025-03-20,58.964393615722656,59.04723828566078,58.13598554020214,58.26484878453244,1047700,-0.005662573229279544,57.91639110020229,56.54359563191732,-0.002957232557707523,59.1392822265625,58.29246520996094,57.64814376831055,58.32007598876953
2025-03-21,58.32007598876953,58.63303107942778,58.0255304341806,58.375301085717474,1649800,-0.01195889272609063,58.15702438354492,56.61986214773996,-0.010927232308233559,58.964393615722656,59.1392822265625,58.29246520996094,57.94269180297852
2025-03-24,57.94269180297852,58.17280574698458,57.684961798034834,57.87826017955763,1813900,0.01844375121834463,58.28983361380441,56.71935907999674,-0.006470913821574609,58.32007598876953,58.964393615722656,59.1392822265625,59.2495002746582
2025-03-25,59.2495002746582,59.75319294064331,58.87639116970496,59.2495002746582,2034300,0.010752702244639645,58.50807898385184,56.88152331397647,0.02255346500164679,57.94269180297852,58.32007598876953,58.964393615722656,60.50873565673828
2025-03-26,60.50873565673828,61.20831249998028,60.41545305113509,60.82587374310543,2997600,-0.004479243681991818,58.916734967912944,57.112855820428756,0.021253097093523854,59.2495002746582,57.94269180297852,58.32007598876953,60.79789352416992
2025-03-27,60.79789352416992,61.33890133949953,60.57403092062327,60.75125222005177,1651300,-0.008436478850706974,59.27465329851423,57.357080913725355,0.004778778870409894,60.50873565673828,59.2495002746582,57.94269180297852,59.83714294433594
2025-03-28,59.83714294433594,60.21957459878059,59.6226029066251,60.16361072653599,1421200,-0.004537788928376529,59.37434768676758,57.574403671991256,-0.015802366235798004,60.79789352416992,60.50873565673828,59.2495002746582,60.3408432006836
2025-03-31,60.3408432006836,60.71394519601673,59.48269366684215,59.510675604845694,2031100,-0.009116729028662673,59.570983341761995,57.80782263619559,0.008417852717604424,59.83714294433594,60.79789352416992,60.50873565673828,60.1542854309082
2025-04-01,60.1542854309082,60.21957899211172,59.50134981887307,59.84647699464274,2282500,0.006900567180987194,59.833013262067524,58.0498902457101,-0.0030917328940024413,60.3408432006836,59.83714294433594,60.79789352416992,60.07033157348633
2025-04-02,60.07033157348633,60.2009186784088,59.5946173390039,59.84646898168544,935800,-0.009708761371865826,60.1369618007115,58.286206926618306,-0.0013956421694727439,60.1542854309082,60.3408432006836,59.83714294433594,57.9156379699707
2025-04-03,57.9156379699707,58.91370069828648,57.68244567721969,58.56857710131994,2367900,-0.03633230145215405,59.946410042899,58.373019627162385,-0.035869514069182484,60.07033157348633,60.1542854309082,60.3408432006836,53.82078552246094
2025-04-04,53.82078552246094,56.27396960459685,53.62490483726386,55.94749823770282,2942100,-0.07540386546025524,58.99098859514509,58.271852402460006,-0.07070374411886737,57.9156379699707,60.07033157348633,60.1542854309082,51.75936126708984
2025-04-07,51.75936126708984,53.867417962871976,50.85457406050783,51.30230282178283,3290900,-0.004530766578737855,57.69976970127651,58.04578490484329,-0.038301638212077216,53.82078552246094,57.9156379699707,60.07033157348633,49.78189086914063
2025-04-08,49.78189086914063,52.39364389973231,49.29685046145141,52.291042277345056,3219700,-0.015604668857980286,56.263305119105745,57.73957824707031,-0.038205077295004,51.75936126708984,53.82078552246094,57.9156379699707,52.971961975097656
2025-04-09,52.971961975097656,53.50364011690572,49.23155561383658,49.9031505543234,3221000,0.08784668648664229,55.2106078011649,57.56599408104306,0.06408095494690258,49.78189086914063,51.75936126708984,53.82078552246094,51.041133880615234
2025-04-10,51.041133880615234,52.50558130072474,50.46281439069041,52.50558130072474,2810500,-0.01760773419508055,53.9087290082659,57.29958888462612,-0.03645000151948519,52.971961975097656,49.78189086914063,51.75936126708984,52.44960784912109
2025-04-11,52.44960784912109,52.720111751292926,51.24633481523827,51.73137519071581,2195800,0.04264534159389677,52.82005419049944,57.082283201671785,0.027594880078492423,51.041133880615234,52.971961975097656,49.78189086914063,52.93465042114258
2025-04-14,52.93465042114258,53.307759512602026,52.654820381664,53.12120496687231,1265900,0.005927629458844841,52.10848454066685,56.85432452247257,0.009247782622451295,52.44960784912109,51.041133880615234,52.971961975097656,52.86003112792969
2025-04-15,52.86003112792969,53.69952486730329,52.83204918936132,53.27045187083779,1171900,0.010017589521283066,51.97123391287668,56.626319158644904,-0.0014096493056858783,52.93465042114258,52.44960784912109,51.041133880615234,53.94204711914063
2025-04-16,53.94204711914063,54.70691761499692,53.83011224786974,54.38977592952731,1559100,0.005834366986191997,52.283046177455354,56.41915639241537,0.020469454295104272,52.86003112792969,52.93465042114258,52.44960784912109,54.52968597412109
2025-04-17,54.52968597412109,55.24791867715469,54.36178723532196,54.38977273060987,1306200,0.015081185099567795,52.961302621024,56.199651808965776,0.010893892359749469,53.94204711914063,52.86003112792969,52.93465042114258,53.998008728027344
2025-04-21,53.998008728027344,54.36178814879423,53.38238119482981,54.100613909932285,1305100,-0.0034285412236546575,53.10788072858538,55.96315729050409,-0.0097502348784122,54.52968597412109,53.94204711914063,52.86003112792969,55.397159576416016
2025-04-22,55.397159576416016,55.8262325339749,55.18262309763657,55.45312700671011,1341200,0.005160615340007002,53.73017011369978,55.823970794677734,0.025911156380521216,53.998008728027344,54.52968597412109,53.94204711914063,54.75354766845703
2025-04-23,54.75354766845703,55.95682067872373,54.56699313412989,55.79824807916454,1362100,-0.007415902426432974,54.05930437360491,55.67210678827195,-0.011618139140711192,55.397159576416016,53.998008728027344,54.52968597412109,55.2945556640625
2025-04-24,55.2945556640625,55.4437985900266,54.98674368598806,55.41581665335583,945700,0.018965459954324748,54.39643369402204,55.4837760925293,0.009880784326184111,54.75354766845703,55.397159576416016,53.998008728027344,55.91951751708984
2025-04-25,55.91951751708984,56.190021454861736,55.49977064093213,55.6210316403182,1313300,-0.001691923786691918,54.833503178187776,55.26524189540318,0.011302412064295053,55.2945556640625,54.75354766845703,55.397159576416016,56.040771484375
2025-04-28,56.040771484375,56.34858344944429,55.84488726125976,55.91018081622089,1807700,0.0028248335367895283,55.13332094464983,55.038712274460565,0.0021683657633151388,55.91951751708984,55.2945556640625,54.75354766845703,54.52035903930664
2025-04-29,54.52035903930664,55.900856992557244,54.10993832466996,55.57438920430718,2127400,0.006760611763219071,55.131988525390625,54.78553208850679,-0.0271304695634369,56.040771484375,55.91951751708984,55.2945556640625,53.027923583984375
2025-04-30,53.027923583984375,54.23119661490615,52.72011162155778,54.17523274440959,2513400,-0.0067152128164595926,54.99340493338449,54.43729782104492,-0.027373910987018468,54.52035903930664,56.040771484375,55.91951751708984,53.88607406616211
2025-05-01,53.88607406616211,53.97002343174785,52.52423196508853,52.60818133067427,2242700,0.009014004256203023,54.777535574776785,54.13881156558082,0.01618299235908438,53.027923583984375,54.52035903930664,56.040771484375,53.8487663269043
2025-05-02,53.8487663269043,54.11927025308908,53.11187779346253,53.970027321096126,1528500,0.010050270181106713,54.64828109741211,53.84254655383882,-0.0006923447273595729,53.88607406616211,53.027923583984375,54.52035903930664,53.53162384033203
2025-05-05,53.53162384033203,53.802127762417136,53.242467665483645,53.78347195142174,1450200,0.003869506968372294,54.39643369402204,53.63378397623698,-0.005889503292368148,53.8487663269043,53.88607406616211,53.027923583984375,53.61557388305664
2025-05-06,53.61557388305664,54.277839169653845,53.59691807182729,54.165907860509904,2021100,0.008810601204014779,54.067298889160156,53.6240119934082,0.0015682326950328118,53.53162384033203,53.8487663269043,53.88607406616211,53.40103912353516
2025-05-07,53.40103912353516,53.83944180606576,53.38238331170064,53.643557560919405,1129400,-0.006550160461469279,53.690194266183035,53.70218712942941,-0.004001351547395671,53.61557388305664,53.53162384033203,53.8487663269043,53.54095458984375
2025-05-08,53.54095458984375,53.811454959076826,53.3450703496121,53.55028071641088,1184200,-0.010989019134135525,53.550279344831196,53.881190163748606,0.002620088833569678,53.40103912353516,53.61557388305664,53.53162384033203,54.85615539550781
2025-05-09,54.85615539550781,54.85615539550781,54.32447726075997,54.5203579297235,1619100,0.010555568819488714,53.811455317905974,53.97091365995861,0.024564388433850226,53.54095458984375,53.40103912353516,53.61557388305664,54.75354766845703
2025-05-12,54.75354766845703,55.66766097260507,54.59497506889784,55.47178031276587,2244400,0.0010993894929216541,53.935380118233816,54.14769526890346,-0.0018704870275904062,54.85615539550781,53.54095458984375,53.40103912353516,55.87287521362305
2025-05-13,55.87287521362305,55.975476834339794,54.9960699085931,55.1546425192136,3430600,0.024162547469365858,54.22453853062221,54.31070800054641,0.02044301406629856,54.75354766845703,54.85615539550781,53.54095458984375,55.31321334838867
2025-05-14,55.31321334838867,55.481112090565055,55.06136523512409,55.2012820396818,1157700,-0.020375259491793862,54.479051317487446,54.42397290184384,-0.010016700645788745,55.87287521362305,54.75354766845703,54.85615539550781,55.22926330566406
2025-05-15,55.22926330566406,55.33186848666099,54.59497996698497,54.76287870711956,972300,0.008757553884667368,54.709578377859934,54.536793481735955,-0.0015177213118292565,55.31321334838867,55.87287521362305,54.75354766845703,55.667667388916016
2025-05-16,55.667667388916016,55.75161676112773,55.17330084046492,55.64901157750983,1086800,-0.007053758637607599,55.033382415771484,54.61896587553478,0.007937894822634517,55.22926330566406,55.31321334838867,55.87287521362305,55.397159576416016
2025-05-19,55.397159576416016,55.55573218313331,55.12665566734248,55.43447119661208,1286800,0.008196754112330451,55.29855455671038,54.66027414231073,-0.004859334424956674,55.667667388916016,55.22926330566406,55.31321334838867,55.406494140625
2025-05-20,55.406494140625,55.695650327032666,55.30388895516463,55.48111382935747,941900,0.01409201580565278,55.377174377441406,54.727344876243954,0.00016850257811706904,55.397159576416016,55.667667388916016,55.22926330566406,54.87480926513672
2025-05-21,54.87480926513672,55.788922579540056,54.84682377182302,55.788922579540056,1107800,0.005879260506860717,55.394497462681365,54.70247105189732,-0.009596075040207985,55.406494140625,55.397159576416016,55.667667388916016,54.24985885620117
2025-05-22,54.24985885620117,54.51103310476747,53.94204685728121,54.30582629156492,2199500,0.0005313449488539845,55.16263798304966,54.67848587036133,-0.011388657515254308,54.87480926513672,55.406494140625,55.397159576416016,53.998008728027344
2025-05-23,53.998008728027344,54.147251658553046,53.41036313235584,53.5875915586397,1341200,0.007966043913947951,54.97475160871233,54.61674554007394,-0.004642410754310045,54.24985885620117,54.87480926513672,55.406494140625,54.55767440795898
2025-05-27,54.55767440795898,54.88414221863458,54.305826286195405,54.83750446828554,1500100,0.004741791621707847,54.878810337611604,54.551895868210565,0.0103645614554142,53.998008728027344,54.24985885620117,54.87480926513672,54.3711166381836
2025-05-28,54.3711166381836,54.72556636649496,54.2218737109388,54.71624024026868,992900,0.0015732387719276097,54.69358880179269,54.472388494582404,-0.0034194597148766714,54.55767440795898,53.998008728027344,54.24985885620117,54.63229370117188
2025-05-29,54.63229370117188,54.63229370117188,54.27784039626832,54.60431176281157,1720800,-0.0036648889253015904,54.58432224818638,54.477718716575986,0.0048035993949930855,54.3711166381836,54.55767440795898,53.998008728027344,54.734893798828125
2025-05-30,54.734893798828125,54.80951348026419,54.29649116135854,54.69758217899414,1035700,-0.0047294337935472885,54.4883793422154,54.559003012520925,0.0018780118992889339,54.63229370117188,54.3711166381836,54.55767440795898,56.44186401367188
2025-06-02,56.44186401367188,56.45119369849465,55.751616782539095,56.27396882741617,1535500,0.023231254450907235,54.71224430629185,54.68070729573568,0.031186142812618334,54.734893798828125,54.63229370117188,54.3711166381836,56.03144073486328
2025-06-03,56.03144073486328,56.3485823778857,55.658331663696266,55.88219781804283,1769400,-0.0025799565270613334,54.96675600324358,54.78464417230515,-0.00727161099266993,56.44186401367188,54.734893798828125,54.63229370117188,55.080020904541016
2025-06-04,55.080020904541016,56.32060565651495,54.95875991145186,56.11539529255364,1870300,0.008794641424003213,55.121329171316965,54.85837736583891,-0.016980106487432978,56.03144073486328,56.44186401367188,54.734893798828125,55.25724792480469
2025-06-05,55.25724792480469,55.732958642153264,55.16396887163591,55.732958642153264,2036600,0.021025552841092976,55.22126824515207,54.936552320207866,0.0032176280501203802,55.080020904541016,56.03144073486328,56.44186401367188,55.33186721801758
2025-06-06,55.33186721801758,55.64900888008573,55.09867492409193,55.126656860728765,2610100,-0.004520301721258835,55.35851832798549,55.02849651518322,0.0013503982919025326,55.25724792480469,55.080020904541016,56.03144073486328,55.63968276977539
2025-06-09,55.63968276977539,56.01278830522332,55.182624307929046,55.43447241242821,2232300,0.003531754825060629,55.50243105207171,55.128435952322825,0.005563079057949727,55.33186721801758,55.25724792480469,55.080020904541016,56.80564498901367
2025-06-10,56.80564498901367,57.02950760158882,56.451191701165605,56.51648525968603,2508800,-0.0005027607757842611,55.798252650669646,55.221268790108816,0.020955587113297813,55.63968276977539,55.33186721801758,55.25724792480469,57.93429565429688
2025-06-11,57.93429565429688,58.06488277314424,57.141439698358845,57.39328780966395,1440400,-0.007545302008380883,56.01145717075893,55.372732979910715,0.019868635687553482,56.80564498901367,55.63968276977539,55.33186721801758,58.82975006103516
2025-06-12,58.82975006103516,59.13756558877527,58.65252520333237,58.82975006103516,1734300,0.005068476840222713,56.41121564592634,55.5135365440732,0.015456378585865682,57.93429565429688,56.80564498901367,55.63968276977539,59.212188720703125
2025-06-13,59.212188720703125,59.63193557470086,58.55924956539912,59.55731233033142,4207900,-0.014120089664814706,57.001525333949495,55.69920203799293,0.006500769751208946,58.82975006103516,57.93429565429688,56.80564498901367,58.36336898803711
2025-06-16,58.36336898803711,59.53866018127994,58.36336898803711,59.33344981713834,2748900,0.00306912535792514,57.445256914411274,55.84844516572498,-0.014335219673601296,59.212188720703125,58.82975006103516,57.93429565429688,59.64126205444336
2025-06-17,59.64126205444336,59.911769537768976,59.30546812748808,59.43605524767605,2838000,-0.011728704379513455,58.06088474818638,56.03766395932152,0.02189546437369283,58.36336898803711,59.212188720703125,58.82975006103516,58.778018951416016
2025-06-18,58.778018951416016,59.1286239631629,58.37056180835426,58.95806033980178,1339300,0.007739969020633675,58.50921848842076,56.19865726289295,-0.01447392414733506,59.64126205444336,58.36336898803711,59.212188720703125,59.30866622924805
2025-06-20,59.30866622924805,59.87720927371127,59.20443249433114,59.61188966825624,2796700,-0.0020482115670226175,58.86679295131138,56.38447498139881,0.009027988477642523,58.778018951416016,59.64126205444336,58.36336898803711,58.06734085083008
2025-06-23,58.06734085083008,59.60241352607368,57.98205903553877,59.47922787849547,1873500,0.0010262571130525977,58.885799407958984,56.53650029500326,-0.02092991559816615,59.30866622924805,58.778018951416016,59.64126205444336,57.23347473144531
2025-06-24,57.23347473144531,58.086289217537725,57.23347473144531,57.498794311824085,2095600,0.012301373324262954,58.65776007516043,56.67857724144345,-0.014360329010534412,58.06734085083008,59.30866622924805,58.778018951416016,57.83992385864258
2025-06-25,57.83992385864258,58.16209919682492,57.34718489349851,57.45141862272049,1839400,0.008101193887883884,58.461722237723215,56.861525580996556,0.010596056417033761,57.23347473144531,58.06734085083008,59.30866622924805,58.332664489746094
2025-06-26,58.332664489746094,58.37056470760242,57.83992551052958,58.01048914236255,1215400,0.01506776919659436,58.457335880824495,57.041287013462615,0.00851904010641058,57.83992385864258,57.23347473144531,58.06734085083008,58.27581024169922
2025-06-27,58.27581024169922,58.3989958933529,57.96310903704953,58.3989958933529,1549000,-0.005442706970046229,58.26227133614676,57.227224804106214,-0.0009746554275241737,58.332664489746094,57.83992385864258,57.23347473144531,58.171573638916016
2025-06-30,58.171573638916016,58.23790353698823,57.83992414855494,58.00101001109937,1235900,0.00298504801014543,58.175636291503906,57.39576194399879,-0.0017886770231230198,58.27581024169922,58.332664489746094,57.83992385864258,58.66431427001953
2025-07-01,58.66431427001953,58.75907023717865,58.00101165578039,58.20947912118058,921000,0.013392833671585835,58.083586011614116,57.58287720453171,0.008470471061382545,58.171573638916016,58.27581024169922,58.332664489746094,60.16147994995117
2025-07-02,60.16147994995117,60.20885793102549,59.08124246203211,59.62135939863752,1389900,0.006363134963416117,58.38274874005999,57.76000177292597,0.025520892872632928,58.66431427001953,58.171573638916016,58.27581024169922,59.43184661865234
2025-07-03,59.43184661865234,59.85825205689018,59.40341693865048,59.43184661865234,1315000,0.005350241145153811,58.69680186680385,57.92192586263021,-0.012127915269136036,60.16147994995117,58.66431427001953,58.171573638916016,57.25242233276367
2025-07-07,57.25242233276367,58.1147181878838,56.90182094658512,57.88729882554401,1805100,-0.0014514591882455186,58.61287307739258,58.02537354968843,-0.03667098382241185,59.43184661865234,60.16147994995117,58.66431427001953,58.78750228881836
2025-07-08,58.78750228881836,58.96754007956138,57.57460489498078,57.60303457804128,1401900,-0.006782886204633298,58.67784990583147,58.193480900355745,0.026812489210193746,57.25242233276367,59.43184661865234,60.16147994995117,59.280235290527344
2025-07-09,59.280235290527344,59.50765104374304,58.9959601769454,59.44132114782944,918100,-0.002439002837497095,58.82133919852121,58.38149842761812,0.008381594429513806,58.78750228881836,57.25242233276367,59.43184661865234,59.32761764526367
2025-07-10,59.32761764526367,59.32761764526367,58.6074592726664,58.730644923320135,970700,0.013691904490548579,58.986488342285156,58.55711437406994,0.0007992943095469496,59.280235290527344,58.78750228881836,57.25242233276367,59.706642150878906
2025-07-11,59.706642150878906,59.89615769286945,59.38446681390747,59.431848410436345,1148800,-0.004823977037233473,59.135392325265066,58.69525709606352,0.006388668897536531,59.32761764526367,59.280235290527344,58.78750228881836,58.95806503295898
2025-07-14,58.95806503295898,59.81087960294175,58.82540522972001,59.81087960294175,1141400,0.004847360593427386,58.9634759085519,58.74400801885696,-0.012537585282861308,59.706642150878906,59.32761764526367,59.280235290527344,58.82540512084961
2025-07-15,58.82540512084961,59.374996249638,58.550607749101154,59.232858680883,1070600,-0.008683084296095989,58.87684140886579,58.74380111694336,-0.002250072352869892,58.95806503295898,59.706642150878906,59.32761764526367,58.607460021972656
2025-07-16,58.607460021972656,59.14757700097185,58.48427798445251,58.920161228081945,1646800,0.009732368083279264,59.070418221609934,58.71500451224191,-0.0037049485410123317,58.82540512084961,58.95806503295898,59.706642150878906,58.50322723388672
2025-07-17,58.50322723388672,58.52217553517316,57.77359473427413,57.83992463290179,1270200,0.00048192345877828835,59.02980749947684,58.72166442871094,-0.0017784901111028706,58.607460021972656,58.82540512084961,58.95806503295898,58.4653205871582
2025-07-18,58.4653205871582,59.11914539131397,58.11471919490437,59.06229326077498,1043400,0.008188845276644985,58.91339111328125,58.66566721598307,-0.0006479411225807086,58.50322723388672,58.607460021972656,58.82540512084961,58.27581024169922
2025-07-21,58.27581024169922,58.749597316834986,58.17157650681599,58.42742196115432,1349600,0.0033444520427048374,58.76313291277204,58.641752515520366,-0.00324141462931804,58.4653205871582,58.50322723388672,58.607460021972656,58.68326950073242
2025-07-22,58.68326950073242,58.92016304671803,58.38004605104753,58.4179498859353,1406000,0.025238148201577548,58.61693681989397,58.61197171892439,0.006991910663159517,58.27581024169922,58.4653205871582,58.50322723388672,59.109676361083984
2025-07-23,59.109676361083984,59.53608545060207,59.01491677746412,59.147576579823415,1855700,0.003251248476550783,58.63859558105469,58.661606743222194,0.0072662423886631355,58.68326950073242,58.27581024169922,58.4653205871582,57.27137756347656
2025-07-24,57.27137756347656,57.78306844733642,56.797590511319285,56.91130200642704,2714300,-0.002314794368728501,58.41659164428711,58.66341163998558,-0.031099794666067604,59.109676361083984,58.68326950073242,58.27581024169922,57.48931884765625
2025-07-25,57.48931884765625,57.54617459488768,56.23852132623154,56.61755241169104,1734700,0.0009280660295103438,58.256857190813335,58.64671616327195,0.0038054136892051726,57.27137756347656,59.109676361083984,58.68326950073242,57.76411819458008
2025-07-28,57.76411819458008,57.9915375766349,57.28085697793768,57.30928304517887,1635000,-0.021789508443484817,58.1512701851981,58.619642530168804,0.004780007007076037,57.48931884765625,57.27137756347656,59.109676361083984,58.23790740966797
2025-07-29,58.23790740966797,58.48427871721216,57.37561506268049,57.84940214596391,2097800,0.008530821443311964,58.11878258841379,58.617837633405415,0.008202137068758164,57.76411819458008,57.48931884765625,57.27137756347656,56.62702560424805
2025-07-30,56.62702560424805,57.3850877623429,56.34275410231661,57.25242435438052,1100000,-0.013157959082762738,57.88324192592076,58.54428772699265,-0.027660365508814677,58.23790740966797,57.76411819458008,57.48931884765625,56.42803955078125
2025-07-31,56.42803955078125,56.627029253486,56.03006014537174,56.0774381296288,1371900,-0.0028571176863788628,57.56106621878488,58.437798454647975,-0.0035139767865870475,56.62702560424805,58.23790740966797,57.76411819458008,56.0584831237793
2025-08-01,56.0584831237793,56.57017400085828,55.6699778907471,56.46594027241164,1644400,-0.0038204055969052186,57.12518147059849,58.242417653401695,-0.006549162968339184,56.42803955078125,56.62702560424805,58.23790740966797,56.37118148803711
2025-08-04,56.37118148803711,56.67440489304807,56.18166595622823,56.47541159655928,1665500,0.018216613468707177,56.99658203125,58.09667169480097,0.005578073947654971,56.0584831237793,56.42803955078125,56.62702560424805,57.11977005004883
2025-08-05,57.11977005004883,57.21452963627074,56.57017890879621,56.82602436953244,1068700,0.00423734157489708,56.94378934587751,58.090354919433594,0.013279632291733678,56.37118148803711,56.0584831237793,56.42803955078125,57.04396438598633
2025-08-06,57.04396438598633,58.52217774224646,56.911304583727954,58.09577226776128,1239700,0.01265820611868107,56.840910230364116,58.00732930501302,-0.001327135315777328,57.11977005004883,56.37118148803711,56.0584831237793,57.61251068115234
2025-08-07,57.61251068115234,58.14315353485361,57.39456904875058,57.83993007979824,1421600,0.005092547611202702,56.75156784057617,57.92791384742374,0.009966808956666462,57.04396438598633,57.11977005004883,56.37118148803711,58.114723205566406
2025-08-08,58.114723205566406,58.42742078923559,57.9536337236029,58.06734160723638,1710700,0.005527446917637624,56.96409606933594,57.870156969342915,0.008717074095129895,57.61251068115234,57.04396438598633,57.11977005004883,57.79254531860352
2025-08-11,57.79254531860352,58.25685459829842,57.46089221839888,58.12419480409987,1370600,-0.006413136238668904,57.159025464739116,57.77900950113932,-0.005543825543541825,58.114723205566406,57.61251068115234,57.04396438598633,58.42742156982422
2025-08-12,58.42742156982422,58.88225672514318,58.09577206533388,58.15262420055595,1103700,0.00875971931155095,57.497445242745535,57.75374076479957,0.010985435019701839,57.79254531860352,58.114723205566406,57.61251068115234,58.15262222290039
2025-08-13,58.15262222290039,58.37056383482635,57.98205859361775,58.02944019096944,1696200,0.0022852599062572754,57.751936776297434,57.72170348394485,-0.004703259865668108,58.42742156982422,57.79254531860352,58.114723205566406,58.29476547241211
2025-08-14,58.29476547241211,58.31371739025994,57.707270477964215,57.849404439759866,881400,-0.006839972448890452,57.91979326520647,57.706813267299104,0.0024443136711338465,58.15262222290039,58.42742156982422,57.79254531860352,58.97701644897461
2025-08-15,58.97701644897461,59.42237383967939,58.9391126155972,59.12862816777574,1284100,0.0036731505638687434,58.19594355991909,57.72937465849377,0.011703468931277827,58.29476547241211,58.15262222290039,58.42742156982422,58.29476547241211
2025-08-18,58.29476547241211,58.64536691582519,58.27581355456427,58.42742528263821,1362400,-0.0041171603741606555,58.29340853009905,57.721252986363005,-0.011568082240185351,58.97701644897461,58.29476547241211,58.15262222290039,59.05281829833984
2025-08-19,59.05281829833984,59.43184938855899,58.63588699086549,59.05281829833984,1760300,-0.011943023681648679,58.427422114780974,57.758253370012554,0.013003788930010751,58.29476547241211,58.97701644897461,58.29476547241211,59.79192733764648
2025-08-20,59.79192733764648,59.88668692134248,59.441325914742585,59.59293763394766,1245900,0.0,58.713048117501394,57.8110466003418,0.012516067151487897,59.05281829833984,58.29476547241211,58.97701644897461,60.12357711791992
2025-08-21,60.12357711791992,60.14252903360611,59.51713027479514,59.68769390126253,1272300,0.006043646998764807,58.955356052943635,57.859327588762554,0.005546731725181164,59.79192733764648,59.05281829833984,58.29476547241211,60.67316818237305
2025-08-22,60.67316818237305,60.94796553761713,60.047769423887935,60.047769423887935,961500,0.02587804270958638,59.31543404715402,58.021317618233816,0.009141024050768332,60.12357711791992,59.79192733764648,59.05281829833984,59.44132232666016
2025-08-25,59.44132232666016,60.51208206218483,59.37499242943112,60.22781055767348,1690800,0.004504464619769832,59.47922788347517,58.11427016485305,-0.02030297564172301,60.67316818237305,60.12357711791992,59.79192733764648,58.67378616333008
2025-08-26,58.67378616333008,58.86330170506499,58.20947688152327,58.44637040501483,1586200,0.00627805798555281,59.435909271240234,58.15758768717448,-0.01291250149369294,59.44132232666016,60.67316818237305,60.12357711791992,58.83487701416016
2025-08-27,58.83487701416016,58.90120691311153,58.15262249385077,58.247382074287295,1301000,-0.003119401996819149,59.51306806291853,58.186014811197914,0.0027455335911279466,58.67378616333008,59.44132232666016,60.67316818237305,58.85383224487305
2025-08-28,58.85383224487305,59.06229971886581,58.40847122850981,58.70222052234429,1266500,-0.004917342471021491,59.48464148385184,58.29205322265625,0.0003221767712426882,58.83487701416016,58.67378616333008,59.44132232666016,59.46027374267578
2025-08-29,59.46027374267578,59.55502970514734,59.13809840968092,59.15705032511688,1068300,0.007187803874635357,59.43726239885603,58.43644532703218,0.010304197274350946,58.85383224487305,58.83487701416016,58.67378616333008,59.30866622924805
2025-09-02,59.30866622924805,59.58346360044563,58.872782987512345,59.25181047891832,857000,0.0013381650995576422,59.32084655761719,58.59121595110212,-0.002549727807911517,59.46027374267578,58.85383224487305,58.83487701416016,58.4653205871582
2025-09-03,58.4653205871582,59.14757145658346,58.15261941036096,58.90120378992872,966300,0.000890774802395411,59.00543975830078,58.690936860584074,-0.014219602221874794,59.30866622924805,59.46027374267578,58.85383224487305,58.31371307373047
2025-09-04,58.31371307373047,58.43689510856005,57.991537723583015,58.14314944043426,992900,-0.0062304745558795505,58.84435272216797,58.7477912902832,-0.002593118654018567,58.4653205871582,59.30866622924805,59.46027374267578,57.754642486572266
2025-09-05,57.754642486572266,58.08629197780576,57.20504777000437,58.02943984485621,1570500,0.012091335739449205,58.713046482631135,58.78163310459682,-0.009587291868232262,58.31371307373047,58.4653205871582,59.30866622924805,57.89677429199219
2025-09-08,57.89677429199219,58.16209748987275,57.45141693662551,58.02943769828658,823600,0.010176986169981417,58.579031808035715,58.795169467017764,0.002460958968847793,57.754642486572266,58.31371307373047,58.4653205871582,58.332664489746094
2025-09-09,58.332664489746094,58.882255603101314,58.25685682461658,58.44637237273193,911200,0.0013140487998573036,58.50457927158901,58.80554762340727,0.007528747552593806,57.89677429199219,57.754642486572266,58.31371307373047,58.93911361694336
2025-09-10,58.93911361694336,58.96753968510511,58.14315117603731,58.19052916120975,1072800,0.009186354693104581,58.430127825055806,58.86014611380441,0.010396389955817487,58.332664489746094,57.89677429199219,57.754642486572266,58.18104934692383
2025-09-11,58.18104934692383,58.42741701466509,57.802018273020735,57.92520391424547,1394700,0.015604710299254032,58.26903969900949,58.8484141031901,-0.01286181999522995,58.93911361694336,58.332664489746094,57.89677429199219,57.9346809387207
2025-09-12,57.9346809387207,58.18105223339312,57.65988357724317,58.00101083773826,1998500,0.0,58.19323403494699,58.838035946800595,-0.004234512972326687,58.18104934692383,58.93911361694336,58.332664489746094,58.66431427001953
2025-09-15,58.66431427001953,58.70221810276656,58.25685710476014,58.44637265378681,1183600,-0.015791744239461614,58.243319920131135,58.855633508591424,0.012594068345186615,57.9346809387207,58.18104934692383,58.93911361694336,58.84435272216797
2025-09-16,58.84435272216797,58.97701613829004,58.55060705181174,58.56008120275193,1021500,0.016045124745736494,58.39899281093052,58.8493161882673,0.0030689603106883734,58.66431427001953,57.9346809387207,58.18104934692383,57.982059478759766
2025-09-17,57.982059478759766,58.3989944076859,57.72621403093012,58.11472289277799,1181600,-0.0012804806079320663,58.41117640904018,58.83442542666481,-0.014653797748094832,58.84435272216797,58.66431427001953,57.9346809387207,58.162105560302734
2025-09-18,58.162105560302734,58.37056942684627,57.74517059779823,58.17157971185569,1534300,0.0038462023096486053,58.38681084769113,58.792010534377326,0.0031052032846283772,57.982059478759766,58.84435272216797,58.66431427001953,57.36613845825195
2025-09-19,57.36613845825195,57.735691789055885,57.24295280974784,57.58408007347713,1256700,0.014899989490583687,58.16210011073521,58.67649677821568,-0.013685321299544806,58.162105560302734,57.982059478759766,58.84435272216797,57.58407974243164
2025-09-22,57.58407974243164,58.01996297037615,57.40404196081328,57.51774984316654,1552300,0.003775134216485787,58.0768187386649,58.55556833176386,0.00379912767421664,57.36613845825195,58.162105560302734,57.982059478759766,58.35161590576172
2025-09-23,58.35161590576172,58.93911084664491,58.29476015740203,58.39899388870726,1344900,0.002507290785090044,58.13638087681362,58.44501822335379,0.013328964650701991,57.58407974243164,57.36613845825195,58.162105560302734,59.19495391845703
2025-09-24,59.19495391845703,59.71611893937584,58.313709735116326,58.89173050211488,2675600,-0.006669466999332352,58.21218654087612,58.43328639439174,0.014452693376260761,58.35161590576172,57.58407974243164,57.36613845825195,59.1475715637207
2025-09-25,59.1475715637207,59.299186884654496,58.88225198150297,58.92962996194068,1018400,-0.0033570832904722403,58.25550351824079,58.45584760393415,-0.0008004458420830529,59.19495391845703,58.35161590576172,57.58407974243164,59.83930587768555
2025-09-26,59.83930587768555,60.17095536689534,59.54555660530807,59.54555660530807,1001600,0.012210580604453902,58.52082443237305,58.50367754981632,0.011695058574292094,59.1475715637207,59.19495391845703,58.35161590576172,58.48427581787109
2025-09-29,58.48427581787109,59.2328566251697,58.16210047262178,59.02439277686137,1703600,0.004575666439295745,58.56684875488281,58.48607962472098,-0.022644481581791887,59.83930587768555,59.1475715637207,59.19495391845703,57.48651885986328
2025-09-30,57.48651885986328,57.92954057115698,57.033871592882896,57.07239218501069,1662600,0.009109729956702672,58.584045955113005,58.392091296968005,-0.017060260113589742,58.48427581787109,59.83930587768555,59.1475715637207,58.22809219360352
2025-10-01,58.22809219360352,58.39181848084353,57.98732105121461,58.0932609416859,1540700,-0.0012310108451841772,58.67604773385184,58.340635390508744,0.012899951996536707,57.48651885986328,58.48427581787109,59.83930587768555,57.284271240234375
2025-10-02,57.284271240234375,57.88138266014155,57.284271240234375,57.6983979097812,1240700,0.0008216854004288177,58.52356992449079,58.284394945417134,-0.01620903103318283,58.22809219360352,57.48651885986328,58.48427581787109,57.50577926635742
2025-10-03,57.50577926635742,57.79470390496064,57.48651713393373,57.5539327604786,1548700,0.01026271395882894,58.28225925990513,58.24592190697079,0.00386682105449343,57.284271240234375,58.22809219360352,57.48651885986328,57.57319259643555
2025-10-06,57.57319259643555,58.00658137399151,57.48651484092436,57.63097899140166,1387500,0.006095107672978939,58.0573479788644,58.237281436011905,0.0011722879150264376,57.50577926635742,57.284271240234375,58.22809219360352,57.187965393066406
2025-10-07,57.187965393066406,57.47689004241568,56.69679018268401,57.29390528839893,1243800,-0.0012116987459137585,57.678585052490234,58.203528631301154,-0.006691086354536968,57.57319259643555,57.50577926635742,57.284271240234375,56.908668518066406
2025-10-08,56.908668518066406,57.139810435960754,56.76420436014792,56.96645491600903,975000,0.0072786228103467465,57.453498295375276,58.135719299316406,-0.004883840036628784,57.187965393066406,57.57319259643555,57.50577926635742,56.446388244628906
2025-10-09,56.446388244628906,57.727288835212384,56.37897261743378,57.58282835145547,1480800,-0.016459185513626795,57.30490820748465,58.017018091110955,-0.008123196087266416,56.908668518066406,57.187965393066406,57.57319259643555,55.271427154541016
2025-10-10,55.271427154541016,56.47528296004636,55.271427154541016,56.330822467711535,1741900,-0.03265308562471825,56.88252748761858,57.878464653378444,-0.02081552295243072,56.446388244628906,56.908668518066406,57.187965393066406,55.46404266357422
2025-10-13,55.46404266357422,55.69518458575762,55.30994927341069,55.44478053056925,1014800,0.03459917471395246,56.62249483380999,57.7608152117048,0.0034849020361757965,55.271427154541016,56.446388244628906,56.908668518066406,56.20561981201172
2025-10-14,56.20561981201172,56.513806600893616,55.31958003856903,55.33884217210869,1554800,0.001631306882258654,56.43675776890346,57.64373452322824,0.013370412844510016,55.46404266357422,55.271427154541016,56.446388244628906,58.23772811889648
2025-10-15,58.23772811889648,58.46886637021408,57.83323066827631,58.228095215330434,2303800,0.0036644626219870524,56.53169141496931,57.61484763735817,0.0361548954300559,56.20561981201172,55.46404266357422,55.271427154541016,58.208831787109375
2025-10-16,58.208831787109375,59.16228715574275,58.08363343454607,58.86372960773355,2334400,0.005273865260552624,56.67752947126116,57.62564631870815,-0.0004961788984644278,58.23772811889648,56.20561981201172,55.46404266357422,59.31637954711914
2025-10-17,59.31637954711914,59.31637954711914,58.892623653671805,58.960039280495785,1493600,-0.01775625316134377,57.021488189697266,57.680611746651785,0.019027142892344306,58.208831787109375,58.23772811889648,56.20561981201172,58.78668212890625
2025-10-20,58.78668212890625,59.11413102461686,58.690371469064296,58.96966687179194,1382100,0.008627696704501586,57.35581588745117,57.74825668334961,-0.008930036227044469,59.31637954711914,58.208831787109375,58.23772811889648,58.73853302001953
2025-10-21,58.73853302001953,59.027457673357965,58.59406885641217,58.87336427998572,781300,-0.02077382661123739,57.85111672537668,57.80323064894903,-0.0008190479058017841,58.78668212890625,59.31637954711914,58.208831787109375,59.95201873779297
2025-10-22,59.95201873779297,60.03869650220025,58.89262710514957,58.969671965802526,1745700,-0.01081529174753515,58.49225616455078,57.87944030761719,0.020659108346472443,58.73853302001953,58.78668212890625,59.31637954711914,60.26983642578125
2025-10-23,60.26983642578125,60.66470096740964,60.26983642578125,60.54912816946264,1157600,0.01345664737261143,59.07285853794643,57.93062518891834,0.005301200771541836,59.95201873779297,58.73853302001953,58.78668212890625,59.80755233764648
2025-10-24,59.80755233764648,60.41429666582512,59.79792310812831,60.10610988697671,906600,0.0004149340763388576,59.297119140625,57.96205284481957,-0.00767023963478064,60.26983642578125,59.95201873779297,58.73853302001953,60.06758499145508
2025-10-27,60.06758499145508,60.25057341526792,59.682353358871104,59.90386237422903,822400,-0.0074657955253025765,59.56265531267439,57.972923278808594,0.004347823036471521,59.80755233764648,60.26983642578125,59.95201873779297,59.7690315246582
2025-10-28,59.7690315246582,60.37577217671678,59.68235376381038,59.92312491351253,1138400,0.009193480077571925,59.627319880894255,58.03410212198893,-0.004970292493685968,60.06758499145508,59.80755233764648,60.26983642578125,59.923126220703125
2025-10-29,59.923126220703125,60.94399356642917,59.87496905061123,60.24094223482734,1417200,-0.003726754863286774,59.789669036865234,58.15013104393368,0.002578169532182484,59.7690315246582,60.06758499145508,59.80755233764648,59.36453628540039
2025-10-30,59.36453628540039,59.8268164691158,58.343668924065824,58.55554504542936,1694100,0.0008313279685352448,59.879098074776785,58.20424742925735,-0.00932177559036873,59.923126220703125,59.7690315246582,60.06758499145508,59.94238662719727
2025-10-31,59.94238662719727,60.19278700463102,59.57641345352378,59.97127798931912,1247100,-0.005813981871312102,59.8777220589774,58.33082435244606,0.00973393170324477,59.36453628540039,59.923126220703125,59.7690315246582,59.297119140625
2025-11-03,59.297119140625,59.83644784479166,59.22007428224475,59.51862816004803,1091800,0.00041770724526069003,59.738762446812224,58.4161262512207,-0.010764794711719095,59.94238662719727,59.36453628540039,59.923126220703125,58.98893356323242
2025-11-04,58.98893356323242,59.31638248425276,58.60369824184038,58.81557803599363,1002200,-0.028392474431243264,59.62181690761021,58.48354248773484,-0.005197311131788784,59.297119140625,59.94238662719727,59.36453628540039,58.73853302001953
2025-11-05,58.73853302001953,59.537891350051744,58.67111371616015,59.08524039969988,1331800,0.01804899581032071,59.43195234026228,58.55737904139927,-0.004244873200572097,58.98893356323242,59.297119140625,59.94238662719727,58.85409927368164
2025-11-06,58.85409927368164,59.26822593700624,58.79631287628422,58.80594577945518,938200,0.007598156652037558,59.30124773297991,58.650018601190474,0.001967469184542381,58.73853302001953,58.98893356323242,59.297119140625,59.961647033691406
2025-11-07,59.961647033691406,60.09648196701744,59.35490636616751,59.35490636616751,743800,-0.0058651312870807715,59.30675070626395,58.81741187686012,0.018818532161361867,58.85409927368164,58.73853302001953,58.98893356323242,60.60691452026367
2025-11-10,60.60691452026367,60.69359228171693,59.66309204770396,60.09648085497021,729300,0.03455535283490452,59.48423331124442,59.07148270379929,0.010761336929415943,59.961647033691406,58.85409927368164,58.73853302001953,61.5988883972168
2025-11-11,61.5988883972168,61.85892534662524,61.36775015710543,61.36775015710543,1012200,-0.019959248320937983,59.72087642124721,59.36361821492513,0.01636733836073212,60.60691452026367,59.961647033691406,58.85409927368164,61.589263916015625
2025-11-12,61.589263916015625,61.9167128429804,61.48332401701579,61.65667587352526,793700,0.016209573784021547,60.04832567487444,59.6199822198777,-0.00015624439744932328,61.5988883972168,60.60691452026367,59.961647033691406,62.51382446289063
2025-11-13,62.51382446289063,63.11093220803058,62.46566729413635,62.46566729413635,1452600,0.006134914683423975,60.55188151768276,59.82360585530599,0.015011716135067799,61.589263916015625,61.5988883972168,60.60691452026367,62.98573303222656
2025-11-14,62.98573303222656,63.01462439400028,62.427142212093976,62.60049773048849,1440200,-0.01219517067418352,61.15862437656948,60.051077343168714,0.007548867364786771,62.51382446289063,61.589263916015625,61.5988883972168,62.610130310058594
2025-11-17,62.610130310058594,63.303552380052665,62.53308178055876,62.99536560980554,1327600,-0.002057595055617756,61.69520023890904,60.2079226175944,-0.00596329841832266,62.98573303222656,62.51382446289063,61.589263916015625,62.55234146118164
2025-11-18,62.55234146118164,62.74496278869458,61.50258278030741,61.627784806252734,1439100,-0.02061853376136702,62.06529944283621,60.38723972865513,-0.0009229951860948438,62.610130310058594,62.98573303222656,62.51382446289063,61.82040023803711
2025-11-19,61.82040023803711,61.85892450215512,61.1173452764496,61.1173452764496,1323300,0.007578961478690749,62.238654545375276,60.53399531046549,-0.011701260193413443,62.55234146118164,62.610130310058594,62.98573303222656,61.12697982788086
2025-11-20,61.12697982788086,62.28267839157952,61.02103993563738,61.96485871484909,869900,-0.023819423522839278,62.171239035470144,60.589945838564915,-0.01121669234567002,61.82040023803711,62.55234146118164,62.610130310058594,62.26342391967773
2025-11-21,62.26342391967773,62.52345354144664,61.54111043417742,61.59889316173657,1461500,0.009417724309274789,62.267547607421875,60.68487857636951,0.01859153020477744,61.12697982788086,61.82040023803711,62.55234146118164,62.12858963012695
2025-11-24,62.12858963012695,62.41751060159995,61.60852306417269,61.858927117651206,1007600,0.008905937264266806,62.21251405988421,60.79540416172573,-0.0021655456938043383,62.26342391967773,61.12697982788086,61.82040023803711,62.79311752319336
2025-11-25,62.79311752319336,62.92794878912652,62.1478525579771,62.18637682649414,1408800,0.01891542317493755,62.18499755859375,60.92519142514183,0.010696008021791048,62.12858963012695,62.26342391967773,61.12697982788086,63.101295471191406
2025-11-26,63.101295471191406,63.49616365728085,62.9568386692093,62.9568386692093,982900,0.01691420116014597,62.25516401018415,61.08387066069103,0.004907830032235827,62.79311752319336,62.12858963012695,62.26342391967773,63.27465438842773
2025-11-28,63.27465438842773,63.53469134150132,62.89905198754569,62.89905198754569,349900,0.0012171059678063312,62.35835157121931,61.24346724010649,0.0027473115399898607,63.101295471191406,62.79311752319336,62.12858963012695,63.20724487304688
2025-12-01,63.20724487304688,63.72731148172907,63.20724487304688,63.42875758235249,1216500,0.008508838356824144,62.55647223336356,61.42645336332775,-0.001065347824217855,63.27465438842773,63.101295471191406,62.79311752319336,63.27465438842773
2025-12-02,63.27465438842773,63.582841162170745,63.01462478310642,63.55394980021863,868100,-0.0060264634798326,62.86328288487026,61.58513278052921,0.0010664840006273657,63.20724487304688,63.27465438842773,63.101295471191406,64.44961547851562
2025-12-03,64.44961547851562,64.44961547851562,63.86213332288906,63.86213332288906,1242900,0.009700880998932737,63.17559596470424,61.830489749000186,0.018569221775200706,63.27465438842773,63.20724487304688,63.27465438842773,64.31478881835938
2025-12-04,64.31478881835938,64.44962007539034,64.17032465789694,64.18959046475989,1519500,0.0104083114666087,63.48791013445173,62.08410190400623,-0.0020919699699557537,64.44961547851562,63.27465438842773,63.20724487304688,62.42713928222656
2025-12-05,62.42713928222656,63.67915211717701,62.340465200973256,63.14945268367831,2162400,0.0011885790132082352,63.43562752859933,62.25974982125418,-0.029350163015601227,64.31478881835938,64.44961547851562,63.27465438842773,63.2553939819336
2025-12-08,63.2553939819336,63.2553939819336,62.48492339742445,62.48492339742445,462400,-0.006727285164884411,63.4576416015625,62.4693352835519,0.013267542117580966,62.42713928222656,64.31478881835938,64.44961547851562,63.120567321777344
2025-12-09,63.120567321777344,63.64063390197615,63.120567321777344,63.49616973840661,815700,-0.007968210080290139,63.435629163469585,62.619760059175036,-0.0021314650288126735,63.2553939819336,62.42713928222656,64.31478881835938,63.2553939819336
2025-12-10,63.2553939819336,63.2746524400579,62.5041892033008,62.97609857874283,863800,0.00803221243639296,63.44250760759626,62.745878128778365,0.002136017876216645,63.120567321777344,63.2553939819336,62.42713928222656,62.995365142822266
2025-12-11,62.995365142822266,63.46727452394412,62.87015944637514,62.98573223976815,957300,0.027490025341460056,63.402609143938335,62.812377021426244,-0.004110777322572701,63.2553939819336,63.120567321777344,63.2553939819336,63.32280731201172
2025-12-12,63.32280731201172,63.40948139205787,62.79310788589037,63.20723452419839,1082400,-0.013571180380420822,63.24163654872349,62.89492670694987,0.005197877152502972,62.995365142822266,63.2553939819336,63.120567321777344,62.85090637207031
2025-12-15,62.85090637207031,63.58284541633698,62.71607510877104,63.58284541633698,1271100,0.012971734649361855,63.032510484967915,62.910978226434615,-0.007452306048533197,63.32280731201172,62.995365142822266,63.2553939819336,61.492950439453125
2025-12-16,61.492950439453125,62.581240743536576,61.46405907700001,62.523450670877935,1130800,-0.0031044320997367647,62.899054936000276,62.83989334106445,-0.021605988059714587,62.85090637207031,63.32280731201172,62.995365142822266,63.0049934387207
2025-12-17,63.0049934387207,63.08204197100084,62.11895736075655,62.47530131173782,1230900,0.001946265372177125,62.86328342982701,62.85869634719122,0.0245888835787178,61.492950439453125,62.85090637207031,63.32280731201172,62.71607208251953
2025-12-18,62.71607208251953,62.79311326657822,62.35009523029298,62.65828200978499,1344200,0.010100995732148732,62.80549839564732,62.8664930434454,-0.0045856898069861485,63.0049934387207,61.492950439453125,62.85090637207031,63.27465438842773
2025-12-19,63.27465438842773,63.5057999795492,62.76422073326764,62.82201080492414,1868600,0.018846209978283346,62.80824988228934,62.93574324108305,0.008906525669739596,62.71607208251953,63.0049934387207,61.492950439453125,63.36133193969727
2025-12-22,63.36133193969727,63.611735974193046,63.110927905201486,63.110927905201486,975400,0.009993101156914763,62.860530853271484,63.04214096069336,0.0013698621052506965,63.27465438842773,62.71607208251953,63.0049934387207,63.573219299316406
2025-12-23,63.573219299316406,63.7176834652204,63.22650824024789,63.22650824024789,746500,0.013972841602328367,62.89630399431501,63.104512169247585,0.0033441115130090626,63.36133193969727,63.27465438842773,62.71607208251953,63.120567321777344
2025-12-24,63.120567321777344,63.74657379874365,63.09167595861396,63.63100099833749,443100,-0.0029795129448588753,62.9348269871303,63.15174920218332,-0.007120167619762641,63.573219299316406,63.36133193969727,63.27465438842773,63.11093521118164
2025-12-26,63.11093521118164,63.49617053629038,62.783489960878455,63.49617053629038,523900,0.005603272916148594,63.165967668805806,63.1668833778018,-0.0001525986061975404,63.120567321777344,63.573219299316406,63.36133193969727,63.467281341552734
2025-12-29,63.467281341552734,63.708052509504185,63.3131842671424,63.52506407058014,633200,-0.024888561455984393,63.23200879778181,63.18431127639044,0.005646345267720898,63.11093521118164,63.120567321777344,63.573219299316406,63.48653411865234
2025-12-30,63.48653411865234,64.1703232926912,63.48653411865234,63.81398669858423,777900,0.017523774646577284,63.342074802943635,63.194400787353516,0.0003033496424085236,63.467281341552734,63.11093521118164,63.120567321777344,63.9705696105957
2025-12-31,63.9705696105957,63.99990374469776,63.56965734393497,63.95101600798088,461900,0.0014976007824198945,63.44149126325335,63.23074958437965,0.007624222973626749,63.48653411865234,63.467281341552734,63.11093521118164,65.03642272949219
2026-01-02,65.03642272949219,65.2124349917512,63.99012968727459,63.99990275825154,910400,-0.009719634724554616,63.680789947509766,63.314643314906526,0.01666161682449596,63.9705696105957,63.48653411865234,63.467281341552734,64.84085083007812
2026-01-05,64.84085083007812,64.85063136162962,63.15895750048457,63.85323349380724,1440800,0.03057755654741534,63.86188016619001,63.333273569742836,-0.003007113417469287,65.03642272949219,63.9705696105957,63.48653411865234,62.00510025024414
2026-01-06,62.00510025024414,63.95101183940059,61.76063920151582,63.89233611466157,1401400,0.024542128022640997,63.702527727399556,63.22328839983259,-0.04373401248643927,64.84085083007812,65.03642272949219,63.9705696105957,61.34994888305664
2026-01-07,61.34994888305664,61.53573794465381,60.958809697380815,61.085930492252416,1791300,-0.020378967065332043,63.450958251953125,63.171993618919736,-0.010566088346658509,62.00510025024414,64.84085083007812,65.03642272949219,62.181114196777344
2026-01-08,62.181114196777344,62.298454458911536,60.78279666156433,61.183712643187526,1482000,-0.0014598178370655024,63.26722008841379,63.1208374386742,0.01354793816218236,61.34994888305664,62.00510025024414,64.84085083007812,62.51358413696289
2026-01-09,62.51358413696289,62.81671347168674,62.25934253925532,62.31801453799857,1185500,0.0,63.12822723388672,63.09193347749256,0.005346799337390795,62.181114196777344,61.34994888305664,62.00510025024414,63.28607940673828
2026-01-12,63.28607940673828,63.31541353981738,62.36690344834331,62.484247441019065,1066300,0.021198827147928423,63.030442919049946,63.09339468819754,0.012357238517678226,62.51358413696289,62.181114196777344,61.34994888305664,64.34215545654297
2026-01-13,64.34215545654297,64.70395305903722,63.45231359669672,63.50120879396551,1359600,-0.0014316719671705336,62.9312618800572,63.15752756027948,0.016687335662196823,63.28607940673828,62.51358413696289,62.181114196777344,65.05596923828125
2026-01-14,65.05596923828125,65.65245475865545,64.63549596097417,64.68439115196564,1269000,0.004659536555293942,62.961993081229075,63.240059080578035,0.011094029671113503,64.34215545654297,63.28607940673828,62.51358413696289,64.21502685546875
2026-01-15,64.21502685546875,64.67461482335493,63.9705658053471,64.0390146009668,1099200,-0.0017838438524548916,63.277696881975444,63.3050171988351,-0.012926444608524212,65.05596923828125,64.34215545654297,63.28607940673828,64.78218078613281
2026-01-16,64.78218078613281,64.84084905311465,64.27370506478474,64.4301562635228,1250800,-0.020371683493553783,63.76801572527204,63.46164721534366,0.00883210610408347,64.21502685546875,65.05596923828125,64.34215545654297,65.71112823486328
2026-01-20,65.71112823486328,66.20983087319385,65.20265252584574,65.38844531392873,2646200,0.021524996565937426,64.2723034449986,63.59051077706473,0.014339551979536402,64.78218078613281,64.21502685546875,65.05596923828125,66.21961212158203
2026-01-21,66.21961212158203,66.4738537090246,65.74047054015361,65.78935827519605,1719900,0.006785733359200519,64.80173601422992,63.75734601702009,0.007738170084393259,65.71112823486328,64.78218078613281,64.21502685546875,65.5840072631836
2026-01-22,65.5840072631836,65.97514641776677,65.44710967813332,65.85780243328415,1987500,0.010996788225238197,65.13001142229352,63.86731520153227,-0.009598438257708897,66.21961212158203,65.71112823486328,64.78218078613281,67.67659759521484
2026-01-23,67.67659759521484,67.67659759521484,66.51296058568276,66.96277549216022,1416200,0.01754385964912286,65.60636029924665,64.0728040422712,0.03190702153398228,65.5840072631836,66.21961212158203,65.71112823486328,68.84024047851562
2026-01-26,68.84024047851562,68.87935514591021,68.30242312729004,68.74245754020916,1201500,0.0075861832191201906,66.146970476423,64.32361457461403,0.01719416939753282,67.67659759521484,65.5840072631836,66.21961212158203,70.1994400024414
2026-01-27,70.1994400024414,70.24832773900401,68.87935174949706,68.89890535205019,2062800,0.011293632151292865,67.00188664027623,64.66070374988374,0.019744258800925785,68.84024047851562,67.67659759521484,65.5840072631836,69.93541717529297
2026-01-28,69.93541717529297,70.76659075248962,69.58340011034463,70.34611742839185,2180400,0.01725889143990944,67.73806326729911,64.9856790815081,-0.0037610389361973917,70.1994400024414,68.84024047851562,67.67659759521484,71.02082061767578
2026-01-29,71.02082061767578,72.11600879286965,70.69813770583144,72.05734052896325,1378500,-0.006985997611562933,68.49659075055804,65.34537142799014,0.015520082473551966,69.93541717529297,70.1994400024414,68.84024047851562,70.7959213256836
2026-01-30,70.7959213256836,71.3924068824364,70.17987470719771,71.11861170104676,1244400,-0.06566167392875522,69.15034920828683,65.69343748546783,-0.003166667042653337,71.02082061767578,69.93541717529297,70.1994400024414,70.28744506835938
2026-02-02,70.28744506835938,70.44390373615258,69.6127375794909,69.94520105801162,1414200,0.007171056554905464,69.82226889474052,65.99424107869466,-0.007182281801024537,70.7959213256836,71.02082061767578,69.93541717529297,72.77116394042969
2026-02-03,72.77116394042969,72.77116394042969,70.18965583624232,70.24832410122319,2280800,0.013883922660374415,70.55006408691406,66.36256208873931,0.035336593464945665,70.28744506835938,70.7959213256836,71.02082061767578,73.20142364501953
2026-02-04,73.20142364501953,73.7783481911966,72.04756709230558,72.59515750364108,2501200,-0.007022431840078447,71.17309025355748,66.76068460373651,0.0059125027180004786,72.77116394042969,70.28744506835938,70.7959213256836,71.62709045410156
2026-02-05,71.62709045410156,72.15512723801658,71.2261707354337,71.37284886324778,2286500,-0.03995760398438897,71.37704031808036,67.21887461344402,-0.021506865748301407,73.20142364501953,72.77116394042969,70.28744506835938,72.1942367553711
2026-02-06,72.1942367553711,72.8004953652494,71.77376346447535,71.79331706528865,1305000,0.03830574328323477,71.69972882952008,67.73526927403041,0.007918041870386361,71.62709045410156,73.20142364501953,72.77116394042969,73.05474090576172
2026-02-09,73.05474090576172,73.25031422631143,72.50715052894121,72.61471399015372,1473200,0.01809152959276039,71.99028887067523,68.25306102207729,0.01191929147068116,72.1942367553711,71.62709045410156,73.20142364501953,72.97651672363281
2026-02-10,72.97651672363281,73.36765593195489,72.56582391205657,73.19164366122794,1467600,0.0010452536062512952,72.30180249895368,68.7512959071568,-0.0010707612012451628,73.05474090576172,72.1942367553711,71.62709045410156,75.99805450439453
2026-02-11,75.99805450439453,76.04694223952137,73.91524152657526,74.05214658186482,2253500,0.014270791992508247,73.1176038469587,69.35662805466424,0.04140424778294771,72.97651672363281,73.05474090576172,72.1942367553711,74.43350219726562
2026-02-12,74.43350219726562,75.25488773334122,74.10103129431187,74.7659656398603,2142400,-0.019560731186106572,73.35508074079242,69.83716837565105,-0.020586741559791344,75.99805450439453,72.97651672363281,73.05474090576172,75.08866119384766
2026-02-13,75.08866119384766,75.24511239517139,74.11081693940561,74.38461213699185,1565400,0.024501252027183895,73.62468610491071,70.3149156116304,0.008801936993985793,74.43350219726562,75.99805450439453,72.97651672363281,74.82463836669922
2026-02-17,74.82463836669922,75.23533861959244,73.98369917928434,74.79530423299818,1065200,-0.003074825800490122,74.08147866385323,70.82013520740327,-0.003516147750548426,75.08866119384766,74.43350219726562,75.99805450439453,75.6362533569336
2026-02-18,75.6362533569336,75.9589437589283,75.39179228760908,75.84159975992301,1082800,0.010623696459914012,74.5731953212193,71.33699580601284,0.01084689492593105,74.82463836669922,75.08866119384766,74.43350219726562,76.1056137084961
2026-02-19,76.1056137084961,76.5847552639464,75.96871612122457,76.12516730938103,1613000,-0.0030518871918077117,75.00903429303851,71.83197130475726,0.006205494465035821,75.6362533569336,74.82463836669922,75.08866119384766,76.15450286865234
2026-02-20,76.15450286865234,76.174063930263,75.2940026667615,75.67536130421895,781500,0.014285717066105708,75.46303231375558,72.30506134033203,0.0006423857291724122,76.1056137084961,75.6362533569336,74.82463836669922,76.1056137084961
2026-02-23,76.1056137084961,76.88788456999634,75.95893559060262,76.27184542727451,647900,0.009054341399290289,75.47839791434151,72.80609021868024,-0.0006419733346637591,76.15450286865234,76.1056137084961,75.6362533569336,77.35725402832031
2026-02-24,77.35725402832031,77.35725402832031,76.55542209548928,76.90744659871842,2061300,0.002991031975124514,75.89607674734933,73.26707385835194,0.01644609719091572,76.1056137084961,76.15450286865234,76.1056137084961,77.72883605957031
2026-02-25,77.72883605957031,78.12975577641998,77.2496944738861,77.9146288513162,1126100,0.011265743841943676,76.27324458530971,73.69034031459263,0.004803454258006212,77.35725402832031,76.1056137084961,76.15450286865234,77.18124389648438
2026-02-26,77.18124389648438,78.15908810778642,76.84877298525485,76.89766817996367,930700,-0.0013106459674763205,76.60990251813617,74.02280716668992,-0.007044903678555925,77.72883605957031,77.35725402832031,76.1056137084961,78.56000518798828
2026-02-27,78.56000518798828,78.5795662512189,77.63105611424677,78.26665638276663,1234900,0.0026246694523468506,77.02758135114398,74.43350183396112,0.017863942350464068,77.18124389648438,77.72883605957031,77.35725402832031,79.27383422851562
2026-03-02,79.27383422851562,80.38857609327191,78.31554356670004,80.3299078247141,2428700,-0.024214652619443222,77.48018428257534,74.82650248209636,0.009086417940263658,78.56000518798828,77.18124389648438,77.72883605957031,76.60430908203125
2026-03-03,76.60430908203125,78.14930466888639,76.51630668726104,77.84617536197698,2535400,-0.07444665781602311,77.54444231305804,75.10309237525577,-0.03367473230560758,79.27383422851562,78.56000518798828,77.18124389648438,75.21577453613281
2026-03-04,75.21577453613281,77.13234828467772,75.11799160760323,76.93678242761855,3826200,0.013405758216335828,77.41732243129185,75.33777473086403,-0.018126063175004092,76.60430908203125,79.27383422851562,78.56000518798828,75.3233413696289
2026-03-05,75.3233413696289,76.29140508804555,74.8637533785581,75.9198269588451,2503700,-0.02502677414284371,77.12676348005023,75.45930698939732,0.0014301100289064728,75.21577453613281,76.60430908203125,79.27383422851562,77.02478790283203
2026-03-06,77.02478790283203,77.6799492169126,75.76337539178805,76.29140471901785,2735000,-0.012101207120152613,77.02618517194476,75.64137195405506,0.02258856952260979,75.3233413696289,75.21577453613281,76.60430908203125,78.51111602783203
2026-03-09,78.51111602783203,78.76535762270449,77.11279844657294,77.24969604526743,3167300,0.0133629805444071,77.21616690499442,75.96918269566127,0.019296750636626614,77.02478790283203,75.3233413696289,75.21577453613281,78.3057632446289
2026-03-10,78.3057632446289,78.91202185788087,77.81684115762752,77.98307287672183,4139600,0.002197852562924485,77.17984662737165,76.2602077665783,-0.0026155886400892614,78.51111602783203,77.02478790283203,75.3233413696289,79.50851440429688
2026-03-11,79.50851440429688,79.67475359839322,78.14931147953739,78.20798720819008,2344400,-0.017909347960057054,77.21337236676898,76.56753031412761,0.015359676093195773,78.3057632446289,78.51111602783203,77.02478790283203,79.61607360839844
2026-03-12,79.61607360839844,80.05610797812292,78.52089287029499,78.94136617806235,3242900,-0.02009679563310185,77.64362444196429,76.88369968959263,0.0013528010793237844,79.50851440429688,78.3057632446289,78.51111602783203,80.91661071777344
2026-03-13,80.91661071777344,81.29796937387437,80.30057153338566,80.4668032634072,2146900,-0.03646027676621155,78.45802961077008,77.11791665213448,0.016335107352465794,79.61607360839844,79.50851440429688,78.3057632446289,81.02417755126953
2026-03-16,81.02417755126953,81.84556316462135,80.87749941735392,81.13174101878367,2115500,0.03941663251557914,79.27243477957589,77.43175833565849,0.001329354165256369,80.91661071777344,79.61607360839844,79.50851440429688,84.13372039794922
2026-03-17,84.13372039794922,84.19238866579643,83.17542974774047,83.28299321236673,2011600,0.007963560022349991,80.28799656459263,77.8624754406157,0.03837796248795078,81.02417755126953,80.91661071777344,79.61607360839844,84.97467041015625
2026-03-18,84.97467041015625,85.48314615909851,84.79865813929933,85.37558269022152,2410000,-0.027088010361969284,81.21136147635323,78.34581029982795,0.009995397900263603,84.13372039794922,81.02417755126953,80.91661071777344,88.06464385986328
2026-03-19,88.06464385986328,89.3553978702017,86.99879729194126,87.5561681723065,4134200,-0.02474869612883468,82.60548727852958,78.93763841901507,0.03636346495717291,84.97467041015625,84.13372039794922,81.02417755126953,86.78367614746094
2026-03-20,86.78367614746094,87.63440332049504,86.18719056528062,87.31171293137595,2946400,-0.02498014186832276,83.64479609898159,79.4461175827753,-0.014545766112910696,88.06464385986328,84.97467041015625,84.13372039794922,87.16503143310547
2026-03-23,87.16503143310547,87.42905354503364,84.15326950517034,84.52485507597899,2878700,0.01586008081449286,84.7232186453683,79.97042846679688,0.00439432048253563,86.78367614746094,88.06464385986328,84.97467041015625,86.82279205322266
2026-03-24,86.82279205322266,87.72240697481364,86.08940886402922,86.67611392331206,2838300,0.007205776960541366,85.56695883614677,80.48077029273624,-0.003926338053872658,87.16503143310547,86.78367614746094,88.06464385986328,87.28237915039062
2026-03-25,87.28237915039062,87.77130127150585,86.63699836954596,87.01835702718708,2266200,0.023847392094934472,86.4609876360212,80.95339529854911,0.005293392279831721,86.82279205322266,87.16503143310547,86.78367614746094,87.95708465576172
2026-03-26,87.95708465576172,89.32606805662589,87.31171134957506,87.45838947473182,1777600,-0.03532608071920085,87.00718252999442,81.4404547555106,0.007730145671310806,87.28237915039062,86.82279205322266,87.16503143310547,87.87886047363281
2026-03-27,87.87886047363281,88.94470706500731,87.57572370019635,88.0059775332293,1424100,0.0004024236912805179,87.42206682477679,81.94986506870815,-0.0008893448712522511,87.95708465576172,87.28237915039062,86.82279205322266,89.52164459228516
2026-03-30,89.52164459228516,90.8906205819592,88.89582486547427,89.76610565620689,1892500,-0.005229326827172254,87.63020978655133,82.4718478974842,0.018693734873192147,87.87886047363281,87.95708465576172,87.28237915039062,89.92094421386719
2026-03-31,89.92094421386719,92.20405208302785,88.98199823149073,91.53196736934372,2956500,0.041245470143321805,88.07839093889508,82.97885313488189,0.0044603695944214206,89.52164459228516,87.87886047363281,87.95708465576172,88.73490142822266
2026-04-01,88.73490142822266,90.47441599934432,87.76631348585668,89.98023632327661,2777700,0.02524270363224379,88.30265808105469,83.55650038946243,-0.013189839097147993,89.92094421386719,89.52164459228516,87.87886047363281,91.31452178955078
2026-04-02,91.31452178955078,91.4133562186489,90.15814313387712,91.05754624142877,2823800,-0.017803004550977386,88.944333757673,84.32310740152995,0.02907109062846902,88.73490142822266,89.92094421386719,89.52164459228516,91.17615509033205
2026-04-06,91.17615509033205,91.21569037139302,89.64419499669997,90.54360567452386,1148900,0.0034708889906927,89.5005874633789,85.07800329299201,-0.0015152759550953743,91.31452178955078,88.73490142822266,89.92094421386719,90.30640411376952
2026-04-07,90.30640411376952,91.45289713502136,89.71338242146322,90.681977983724,2421200,0.006149110092131815,89.8362045288086,85.71046120779855,-0.00953923726769168,91.17615509033205,91.31452178955078,88.73490142822266,88.40874481201172
2026-04-08,88.40874481201172,88.92269591982178,86.25412103061672,86.86690656974908,3633100,0.05042015582265891,89.91190229143415,86.18177686418805,-0.02101356288494327,90.30640411376952,91.17615509033205,91.31452178955078,88.88316345214844
2026-04-09,88.88316345214844,91.34417631070384,88.84362817025155,90.8895318797656,2558800,-0.0043636668812144785,89.82069069998605,86.68546258835565,0.0053661958570445645,88.40874481201172,90.30640411376952,91.17615509033205,91.57150268554688
2026-04-10,91.57150268554688,91.6505732496766,89.42676453246973,89.62443340221007,3797800,0.013513544579051073,90.05648476736886,87.25989060174851,0.03024576454061223,88.88316345214844,88.40874481201172,90.30640411376952,92.35230255126952
2026-04-13,92.35230255126952,92.40171599574336,91.11685333066964,92.01625644216288,1761100,-0.003963985958614691,90.57325635637555,87.86637769426618,0.008526668699583073,91.57150268554688,88.88316345214844,88.40874481201172,89.93081665039062
2026-04-14,89.93081665039062,91.7197522314304,89.22908240501508,91.7197522314304,2496900,0.026411051581222367,90.37558419363839,88.29562559581939,-0.02622009234187317,92.35230255126952,91.57150268554688,88.88316345214844,86.04656982421875
2026-04-15,86.04656982421875,90.23721924937026,85.95762109472886,90.03954283841931,3252500,-0.0014099723068047298,89.64278629847935,88.53478713262649,-0.04319149954205381,89.93081665039062,92.35230255126952,91.57150268554688,89.68373107910156
2026-04-16,89.68373107910156,90.1581469154886,88.99188250581203,89.23897235921314,2272500,-0.004588745538887773,89.5538330078125,88.79907335553851,0.042269683292582405,86.04656982421875,89.93081665039062,92.35230255126952,86.05644989013672
2026-04-17,86.05644989013672,86.29365402714845,84.30705712622691,85.35471564356365,2670700,0.028368766504145215,89.21779087611607,88.850586664109,-0.04044525294967449,89.68373107910156,86.04656982421875,89.93081665039062,86.29365539550781
2026-04-20,86.29365539550781,86.8471417780899,86.12563610998453,86.26400582048413,1233300,-0.011379307714001863,88.84786115373883,88.76625388009208,0.002756394269969542,86.05644989013672,89.68373107910156,86.04656982421875,87.34132385253906
2026-04-21,87.34132385253906,87.50934314264558,86.71865259772194,87.05469871851885,1170900,-0.03139168525062008,88.24354989188058,88.79280853271484,0.012140735633801691,86.29365539550781,86.05644989013672,89.68373107910156,88.52735137939453
2026-04-22,88.52735137939453,88.76455552462863,87.86515238946643,88.55700095497582,1123600,0.01476412821943196,87.69712829589844,88.85768091110955,0.01357922544038681,87.34132385253906,86.29365539550781,86.05644989013672,89.41687774658203
2026-04-23,89.41687774658203,89.47617689867094,88.53723846787143,89.05118204733787,1013500,-0.026969489732129204,87.62370845249721,88.98120880126953,0.01004803999359849,88.52735137939453,87.34132385253906,86.29365539550781,88.68549346923828
2026-04-24,88.68549346923828,89.47617647549203,88.33956164213187,89.41687732368356,893900,0.004376398209318122,88.00069754464286,89.0480237688337,-0.008179487986782363,89.41687774658203,88.52735137939453,87.34132385253906,87.7070083618164
2026-04-27,87.7070083618164,89.4761725385705,87.67735878721675,89.21919699106752,1043300,-0.0174292459559916,87.7183085850307,89.03611537388393,-0.011033203618146081,88.68549346923828,89.41687774658203,88.52735137939453,89.97035217285156
2026-04-28,89.97035217285156,90.62267297601142,89.76279761018712,90.29651257443147,1595300,-0.013303721733476825,88.27743748256138,89.13571021670387,0.02580573494991656,87.7070083618164,88.68549346923828,89.41687774658203,91.16626739501952
2026-04-29,91.16626739501952,91.43312865121042,90.29651385241353,90.73139439400836,2075500,-0.014232249335464076,88.97352491106305,89.21402558826264,0.013292325674910677,89.97035217285156,87.7070083618164,88.68549346923828,91.63079833984376
2026-04-30,91.63079833984376,92.57962245142204,90.14825925164322,90.17790882691384,2451100,0.01975685652708914,89.58630698067802,89.29544721330915,0.005095425732540404,91.16626739501952,89.97035217285156,87.7070083618164,91.69998168945312
2026-05-01,91.69998168945312,92.20404708252524,90.25697790551004,91.36394312112746,2327900,-0.0014903470678068187,90.03953988211495,89.43664151146298,0.0007550228838208994,91.63079833984376,91.16626739501952,89.97035217285156,91.22557830810548
2026-05-04,91.22557830810548,91.65057316417634,90.25698274987975,90.84999689913155,2142900,-0.004477572212719494,90.2979256766183,89.43240610758464,-0.005173429401046481,91.69998168945312,91.63079833984376,91.16626739501952,92.51043701171876
2026-05-05,92.51043701171876,92.52032271694114,90.84999294179066,91.27498777934916,1268100,0.002623676687538934,90.84434618268695,89.49594334193638,0.014084412808804458,91.22557830810548,91.69998168945312,91.63079833984376,88.91281127929688
2026-05-06,88.91281127929688,89.31804225533013,88.30991143825179,88.8535121279101,1094600,0.053831795665705284,91.016603742327,89.42958177839007,-0.038888863231357984,92.51043701171876,91.22557830810548,91.69998168945312,87.69713592529297
2026-05-07,87.69713592529297,87.92445437246008,86.70877649097046,87.7366636669519,988500,-0.0017737191721145518,90.69185856410435,89.39569564092727,-0.013672668049885095,88.91281127929688,92.51043701171876,91.22557830810548,87.45004272460938
2026-05-08,87.45004272460938,88.3494458543664,87.44015701928042,87.91456530689754,840400,0.00781809614338691,90.16096932547433,89.32745179675874,-0.002817574349224916,87.69713592529297,88.91281127929688,92.51043701171876,89.63431549072266
2026-05-11,89.63431549072266,89.84187005774945,89.19943494614247,89.29826937702423,893300,0.016572612949202092,89.8757574898856,89.2352047874814,0.024977377918405486,87.45004272460938,87.69713592529297,88.91281127929688,90.69185638427734
2026-05-12,90.69185638427734,90.8895252387347,89.89128018038308,89.9604650335015,706200,-0.009018391591046893,89.7317395891462,89.15613592238654,0.011798393146251529,89.63431549072266,87.45004272460938,87.69713592529297,90.30640411376952
2026-05-13,90.30640411376952,90.38546713757086,89.78256728015441,90.27674699668697,731500,-0.014000686832444709,89.60042898995536,89.17402103969029,-0.004250131002662472,90.69185638427734,89.63431549072266,87.45004272460938,90.3558120727539
2026-05-14,90.3558120727539,90.82034218457184,89.77268366214574,90.03953737500733,778700,-0.011004595850294674,89.2926254272461,89.3792230515253,0.0005471146755233747,90.30640411376952,90.69185638427734,89.63431549072266,91.20580291748048
2026-05-15,91.20580291748048,91.21568862270216,90.1087233959675,90.13837297104888,963300,-0.03553480794793373,89.62019566127232,89.45170266287667,0.009407151850311157,90.3558120727539,90.30640411376952,90.69185638427734,92.34241485595705
2026-05-18,92.34241485595705,93.0737986674258,90.80057667486516,91.30463451678617,1086500,0.00483807803149694,90.28380693708148,89.75103432791573,0.012462057260818504,91.20580291748048,90.3558120727539,90.30640411376952,91.81858825683594
2026-05-19,91.81858825683594,92.45113765917785,91.43312870042708,92.37206709873918,896300,-0.02518519648799189,90.9078848702567,90.01412636893136,-0.0056726543261643725,92.34241485595705,91.20580291748048,90.3558120727539,91.46277618408205
2026-05-20,91.46277618408205,93.06392106372692,90.9290612242004,92.51043469389587,1120000,0.018617012796338317,91.16909354073661,90.21038600376676,-0.0038751638367452435,91.81858825683594,92.34241485595705,91.20580291748048,91.27498626708984
2026-05-21,91.27498626708984,92.7772967314876,91.04766783482695,92.411601050155,1230200,0.004848976900591939,91.25239780970982,90.34122576032367,-0.002053184091135085,91.46277618408205,91.81858825683594,92.34241485595705,90.53372192382812
2026-05-22,90.53372192382812,90.82034706227095,89.68373221412428,89.98024305819176,961000,-0.001856018686635319,91.28487178257534,90.394408816383,-0.008121221087808439,91.27498626708984,91.46277618408205,91.81858825683594,88.99188232421875
2026-05-26,88.99188232421875,90.49418531197502,88.83374119888447,89.77268716424302,1229400,0.017478662378997756,91.09002467564174,90.40899876185827,-0.017030555762488464,90.53372192382812,91.27498626708984,91.46277618408205,85.65122985839844
2026-05-27,85.65122985839844,87.09423368822513,85.65122985839844,86.54074729252524,1748300,0.0021929628875696494,90.29651423863002,90.3111045474098,-0.03753884487631709,88.99188232421875,90.53372192382812,91.27498626708984,86.15528869628906
2026-05-28,86.15528869628906,87.52910768468375,86.00703327540522,87.47969423811176,1695600,0.008023315563178812,89.41263907296317,90.12943485804968,0.005885015763625878,85.65122985839844,88.99188232421875,90.53372192382812,86.30354309082031
2026-05-29,86.30354309082031,86.89655722671942,85.65122980350645,86.59016822363138,1829000,0.0010854083685956084,88.62477547781808,89.89787655784971,0.0017207811241148896,86.15528869628906,85.65122985839844,88.99188232421875,87.67736053466797
2026-06-01,87.67736053466797,88.27037466023089,87.00527584820767,87.19306654519302,1284600,-0.0068666618552125636,88.08400181361607,89.70961761474611,0.01591843619214961,86.30354309082031,86.15528869628906,85.65122985839844,88.35932922363281
2026-06-02,88.35932922363281,88.60641906623772,87.34132027859395,87.34132027859395,785000,0.007278048263139603,87.66747937883649,89.55053892589751,0.007778161714792953,87.67736053466797,86.30354309082031,86.15528869628906,88.53723907470703
2026-06-03,88.53723907470703,89.34769350134079,88.33956266541587,88.74479364902474,1297300,-0.026011604507406583,87.38226754324776,89.42252277192617,0.002013481232116865,88.35932922363281,87.67736053466797,86.30354309082031,89.120361328125
2026-06-04,89.120361328125,89.1500109023141,88.32967836760992,88.67560263412173,1225300,0.015578638373761722,87.40062168666294,89.26109059651694,0.006586180679588827,88.53723907470703,88.35932922363281,87.67736053466797,87.67736053466797
2026-06-05,87.67736053466797,88.84362491586133,87.2424799903161,88.79420393015452,1003700,-0.04382757094128498,87.69006892613002,89.20225960867747,-0.016191594961606603,89.120361328125,88.53723907470703,88.35932922363281,87.5982894897461
2026-06-08,87.5982894897461,88.88315970518596,87.40062062917858,88.33955902774979,1291900,0.007639375601965925,87.89621189662388,89.19755263555619,-0.0009018410732222204,87.67736053466797,89.120361328125,88.53723907470703,87.45004272460938
2026-06-09,87.45004272460938,88.40874500517259,86.69888747186785,88.3197962789633,1361000,-0.010614055655972177,88.05999755859375,89.19755263555619,-0.0016923477159228595,87.5982894897461,87.67736053466797,89.120361328125,87.380859375
2026-06-10,87.380859375,88.85351278988608,87.380859375,88.01340879645109,1145200,-0.015325655658390835,88.01764025006976,89.09024520147416,-0.0007911185341240579,87.45004272460938,87.5982894897461,87.67736053466797,86.69889068603516
2026-06-11,86.69889068603516,89.68373285641593,86.59017054513738,89.62443370341134,1190700,0.03852139072874228,87.78043474469867,88.90010397774833,-0.0078045546111893405,87.380859375,87.45004272460938,87.5982894897461,86.99539184570312
2026-06-12,86.99539184570312,87.54887824223441,86.33319285153976,86.4023777085332,1077800,0.006744110212590471,87.56017085484096,88.74243672688803,0.003419895656354921,86.69889068603516,87.380859375,87.45004272460938,83.09137725830078
2026-06-15,83.09137725830078,83.71404098668745,82.23150183669476,82.85417310566548,2090400,0.03833266643568378,86.69888741629464,88.39651125953313,-0.04487610785553542,86.99539184570312,86.69889068603516,87.380859375,83.1902084350586
2026-06-16,83.1902084350586,84.14891825432916,83.17044456502313,83.92159981629447,1470100,-0.000716862295237819,86.05786568777901,88.0148162841797,0.0011894275918737929,83.09137725830078,86.99539184570312,86.69889068603516,81.16407775878906
2026-06-17,81.16407775878906,83.43729988570043,81.10477106637649,83.31870158204308,2038500,-0.020444752940535826,85.13869258335659,87.48251451764789,-0.024355398482397206,83.1902084350586,83.09137725830078,86.99539184570312,79.49374389648438
2026-06-18,79.49374389648438,80.47221755484513,79.25653976064191,80.44256798043776,3341500,-0.02746246849749323,84.00207846505302,86.89561716715495,-0.020579718373302303,81.16407775878906,83.1902084350586,83.09137725830078,79.73094940185547
2026-06-22,79.73094940185547,80.25477866693944,79.36526125710519,79.92862580227259,2529600,0.0086596933060894,82.90923418317523,86.33695874895368,0.0029839518651930685,79.49374389648438,81.16407775878906,83.1902084350586,79.37513732910156
2026-06-23,79.37513732910156,79.75071870970072,79.18735417938544,79.61234900334844,1280200,-0.02388955860864217,81.86298370361328,85.77029927571614,-0.004462659424266491,79.73094940185547,79.49374389648438,81.16407775878906,77.77400207519531
2026-06-24,77.77400207519531,78.26818176551306,77.27982238487756,77.57632567471802,2043100,-0.0233269105889653,80.54564230782645,85.16269356863839,-0.020171747826623565,79.37513732910156,79.73094940185547,79.49374389648438,77.3687744140625
2026-06-25,77.3687744140625,78.14957926298264,76.68680399931038,76.8449451264464,1297400,-0.0007831032516334435,79.72812761579242,84.60921223958333,-0.005210322862658101,77.77400207519531,79.37513732910156,79.73094940185547,75.87635040283203
2026-06-26,75.87635040283203,77.69493568183684,75.68856723803722,77.50714497645798,2777000,0.0094043795773191,78.68329075404576,84.14374178931827,-0.019289746057541413,77.3687744140625,77.77400207519531,79.37513732910156,76.765869140625
2026-06-29,76.765869140625,77.91236960962769,76.65714900854428,77.39841852332185,2439800,-0.0007764152789584422,78.05497523716518,83.69662657238189,0.011723267303586082,75.87635040283203,77.3687744140625,77.77400207519531,76.85482788085938
2026-06-30,76.85482788085938,76.93389090080743,76.0246020764434,76.42983304373084,1449700,-0.0015539630355239087,77.67798723493304,83.24668775285993,0.0011588319292186178,76.765869140625,75.87635040283203,77.3687744140625,73.92928314208984
2026-07-01,73.92928314208984,74.92752066644078,73.90951173216365,74.60136780849369,1936700,0.002723723453158966,76.84917776925224,82.5920174008324,-0.03806585505994131,76.85482788085938,76.765869140625,75.87635040283203,75.79728698730469
2026-07-02,75.79728698730469,75.88623571639248,75.12520227427781,75.184501427003,1303500,0.013193641697645253,76.33805629185268,81.99382491338821,0.02526744161206862,73.92928314208984,76.85482788085938,76.765869140625,75.42169952392578
2026-07-06,75.42169952392578,75.73797421404419,75.16473152235568,75.43158522878106,940200,0.015319785874370995,76.00201307024274,81.36927541097005,-0.004955157081569572,75.79728698730469,73.92928314208984,76.85482788085938,77.05249786376953
2026-07-07,77.05249786376953,78.11992782474272,76.01472501886542,76.1827443070046,1923600,-0.015843080824887057,75.95683070591518,80.79461524600075,0.021622402440380162,75.42169952392578,75.79728698730469,73.92928314208984,77.951904296875
2026-07-08,77.951904296875,78.40654869095063,77.06237937777775,77.45772462410801,1843100,-0.014181710888058419,76.25333840506417,80.33149828229632,0.01167264472977414,77.05249786376953,75.42169952392578,75.79728698730469,77.3193588256836
2026-07-09,77.3193588256836,78.09027794765888,77.25017396962386,77.88272337947966,616900,0.0077760796375920815,76.33240836007255,79.84202539353143,-0.008114560855144726,77.951904296875,77.05249786376953,75.42169952392578,77.58621215820312
2026-07-10,77.58621215820312,77.66528271918725,76.67692332863689,77.21063830440413,1178300,0.0073302674960786796,76.4368918282645,79.37231917608352,0.0034513133136702123,77.3193588256836,77.951904296875,77.05249786376953,80.26466369628906
2026-07-13,80.26466369628906,80.28443510645613,78.95014392177198,78.96991533193905,1431400,-0.0210647694964482,77.34194619315011,79.03345271519252,0.03452226192747254,77.58621215820312,77.3193588256836,77.951904296875,79.9681625366211
2026-07-14,79.9681625366211,80.90710094878065,79.83967098886737,80.64023968851043,2063000,0.012910795406931408,77.93778555733817,78.71294185093471,-0.0036940435057435383,80.26466369628906,77.58621215820312,77.3193588256836,79.40479278564453
2026-07-15,79.40479278564453,80.74896221028744,79.21700962201719,80.37338834244875,1699100,0.0038625099971885124,78.50679888044085,78.35148475283668,-0.00704492554419478,79.9681625366211,80.26466369628906,77.58621215820312,77.9024887084961
2026-07-16,77.9024887084961,78.76236411327129,77.83330385114066,78.45596756733957,1715700,-0.00923431216743864,78.62822614397321,78.1043948218936,-0.018919564228370267,79.40479278564453,79.9681625366211,80.26466369628906,80.44257354736328
2026-07-17,80.44257354736328,80.55129368810314,79.4146788334671,79.56293425634728,3242300,-0.015922324171344093,78.98403603690011,77.97355506533668,0.03260595240252151,77.9024887084961,79.40479278564453,79.9681625366211,79.85944366455078
2026-07-20,79.85944366455078,80.80826779708646,79.31584297063684,79.32572867613997,2328200,-0.0051302710075934455,79.34690529959542,77.91142963227772,-0.007249020724941935,80.44257354736328,77.9024887084961,79.40479278564453,82.55765533447266
2026-07-21,82.55765533447266,82.74544602404002,81.4408119831029,81.62859513208684,1772600,0.013486718164829492,80.05711146763393,78.05733017694382,0.0337870080995768,79.85944366455078,80.44257354736328,77.9024887084961,83.92160034179688
2026-07-22,83.92160034179688,84.11926920572427,83.39776352528006,83.92160034179688,3409600,0.012133126518506954,80.57953098842076,78.2568849836077,0.01652112092813618,82.55765533447266,79.85944366455078,80.44257354736328,85.22623443603516
2026-07-23,85.22623443603516,86.07621658325833,85.08785718260684,86.02680313757604,3553800,-0.014307843406828336,81.33068411690849,78.53550865536644,0.015545867677984493,83.92160034179688,82.55765533447266,79.85944366455078,85.78959655761719
2026-07-24,85.78959655761719,86.0169149905876,84.91983548375869,85.50297143469415,1213400,0.006669285124379032,82.24279894147601,78.91720363071987,0.00661019608938429,85.22623443603516,83.92160034179688,82.55765533447266,83.18032836914062
2026-07-27,83.18032836914062,84.1588020360824,83.17044266405696,83.35822581714497,1164700,0.002338248881495142,82.9967760358538,79.19394429524739,-0.030414739003046254,85.78959655761719,85.22623443603516,83.92160034179688,83.2000961303711
2026-07-28,83.2000961303711,84.24775470073506,82.50824755382583,83.58555570024403,1161100,-0.00544321125139946,83.39070783342633,79.54269409179688,0.0002376494733555834,83.18032836914062,85.78959655761719,85.22623443603516,85.74018096923828
2026-07-29,85.74018096923828,86.11575483985351,85.10763153421051,85.41402054601282,1247600,0.0046911977948127515,84.23081316266742,79.97004227411179,0.030529830577202377,83.2000961303711,83.18032836914062,85.78959655761719,86.01691436767578
2026-07-30,86.01691436767578,86.39249575251613,85.42390025652901,85.43378596154679,1093400,0.015175073076683976,84.72499302455357,80.40633210681733,0.003227581226318943,85.74018096923828,83.2000961303711,83.18032836914062,86.8372573852539
2026-07-31,86.8372573852539,87.58841263973513,85.93784671283007,86.27389282953895,1119200,0.0015331164409648768,85.14151545933315,81.020997546968,0.009536996573390244,86.01691436767578,85.74018096923828,83.2000961303711,86.1849365234375
2026-08-03,86.1849365234375,86.95586318827264,86.03668864614592,86.46168348907729,1513500,0.004975165414870419,85.27847290039062,81.51564752487909,-0.007511992910167353,86.8372573852539,86.01691436767578,85.74018096923828,84.1983413696289
2026-08-04,84.1983413696289,84.86054037102798,83.9710153852615,84.78146980771898,1461600,0.017897917336556768,85.05115073067802,81.93358285086495,-0.02305037555220979,86.1849365234375,86.8372573852539,86.01691436767578,83.75357055664062
2026-08-05,83.75357055664062,85.75006069852445,83.48671684569916,85.59191958049726,1395800,0.023569063932072254,85.13304247174945,82.25268155052548,-0.005282417750199442,84.1983413696289,86.1849365234375,86.8372573852539,85.26576232910156
2026-08-06,85.26576232910156,85.60180844702867,84.64309862018578,85.02855818388372,1189600,-0.0021930326006027734,85.42813764299665,82.60096050444103,0.018055251404933026,83.75357055664062,84.1983413696289,86.1849365234375,84.83088684082031
2026-08-07,84.83088684082031,85.00879182968116,84.25763659442609,84.7023952962864,1325300,0.040293055392340404,85.29823848179409,82.95865231468564,-0.005100235738264458,85.26576232910156,83.75357055664062,84.1983413696289,86.93608856201172
2026-08-10,86.93608856201172,86.97562384135509,85.05820426641122,85.15704623506139,1070000,0.0028168987598806705,85.42954908098493,83.4038845243908,0.024816453058444266,84.83088684082031,85.26576232910156,83.75357055664062,86.92620849609375
2026-08-11,86.92620849609375,87.62795032423237,86.78783877970743,86.97562948362487,797300,-0.010884812883604433,85.44225638253349,83.72110094342914,-0.00011364746311215423,86.93608856201172,84.83088684082031,85.26576232910156,86.67911529541016
2026-08-12,86.67911529541016,86.83725641694122,85.65122816779304,85.76982646835764,1019400,-0.002839897887447207,85.51285334995815,84.04067012241909,-0.0028425627317530955,86.92620849609375,86.93608856201172,84.83088684082031,86.03668975830078
2026-08-13,86.03668975830078,86.21459475393415,84.79135478886717,85.27564878897539,1184900,0.003916006043219289,85.77547454833984,84.35647474016461,-0.0074115377726218234,86.67911529541016,86.92620849609375,86.93608856201172,87.30178833007812
2026-08-14,87.30178833007812,87.44015804396996,86.34307849769624,86.50121208189383,1294300,-0.010283720130549234,86.28236280168805,84.80406043643043,0.01470417533881574,86.03668975830078,86.67911529541016,86.92620849609375,87.5982894897461
2026-08-17,87.5982894897461,87.77619448049032,86.88667706735284,87.28201478848786,1425800,0.0064493122952300475,86.61558096749442,85.14480881463913,0.003396278190166413,87.30178833007812,86.03668975830078,86.67911529541016,88.2506103515625
2026-08-18,88.2506103515625,89.15001347040176,88.10235493576289,88.95234460972473,1072100,-0.014595936104839669,87.10411289760044,85.54438818068732,0.007446730588190009,87.5982894897461,87.30178833007812,86.03668975830078,89.02153015136719
2026-08-19,89.02153015136719,90.15814496048247,88.7250193174819,89.72326441493972,1856600,0.042268788417432646,87.40203312465123,85.85219174339657,0.008735574708589322,88.2506103515625,87.5982894897461,87.30178833007812,89.84187316894531
2026-08-20,89.84187316894531,91.08720815481536,89.69361774719678,90.75116202947976,1450400,0.011438472074267736,87.8185566493443,86.13410949707031,0.009215108032666564,89.02153015136719,88.2506103515625,87.5982894897461,88.8436279296875
2026-08-21,88.8436279296875,89.84187305827498,88.82386405908457,89.77268820028877,971700,0.023303642839755723,88.12777273995536,86.30636633010138,-0.011111135643628423,89.84187316894531,89.02153015136719,88.2506103515625,88.3099136352539
2026-08-24,88.3099136352539,88.49770434009575,87.51923061495188,87.79597004908679,1796200,-0.010716667390598844,88.45251900809151,86.42638142903645,-0.006007344666924097,88.8436279296875,89.84187316894531,89.02153015136719,87.76631927490234
2026-08-25,87.76631927490234,87.95410243659747,86.97562872480688,87.37097399985461,2471300,0.010494226687022046,88.51888057163784,86.64476194835845,-0.006155530426592559,88.3099136352539,88.8436279296875,89.84187316894531,86.11575317382812
2026-08-26,86.11575317382812,87.23260413952335,85.80936416795332,86.13552458486878,1503400,-0.0033500964888364404,88.30708966936383,86.78360275995163,-0.018806372589287967,87.76631927490234,88.3099136352539,88.8436279296875,85.32506561279297
2026-08-27,85.32506561279297,86.50120812710088,84.99890521328103,86.29365356575242,1874900,-0.005042003984210841,87.88915470668248,86.76383536202567,-0.009181683163580034,86.11575317382812,87.76631927490234,88.3099136352539,85.34483337402344
2026-08-28,85.34483337402344,86.18493736271986,85.18669978984457,85.89831977010915,1542800,-0.014189191583824257,87.36391230991909,86.73183150518508,0.00023167589838335445,85.32506561279297,86.11575317382812,87.76631927490234,87.28201293945312
2026-08-31,87.28201293945312,87.68724389779065,86.51109384275429,87.0942297880672,1135700,-0.0020561845549994517,86.9982179914202,86.75301034109933,0.022698264075811103,85.34483337402344,85.32506561279297,86.11575317382812,89.29827117919922
2026-09-01,89.29827117919922,89.49594758553586,88.39886803726512,88.79420576877064,1065300,-0.012706072409685354,87.06316702706474,86.90126437232608,0.02310050114385831,87.28201293945312,85.34483337402344,85.32506561279297,89.16978454589844
2026-09-02,89.16978454589844,89.84186922649313,88.50758557047556,88.69536872523832,2246600,0.017391304347825987,87.18600572858539,87.13799976167225,-0.0014388479374134455,89.29827117919922,87.28201293945312,85.34483337402344,88.21107482910156
2026-09-03,88.21107482910156,89.99012473264465,88.11224039903443,89.45640976158172,3385100,0.021196609888321394,87.24954223632812,87.35026186988468,-0.010751508727750658,89.16978454589844,89.29827117919922,87.28201293945312,87.55875396728516
2026-09-04,87.55875396728516,87.95409922791015,86.49133156635645,87.55875396728516,2316400,-0.0030130616022506773,87.45568520682198,87.45945194789341,-0.007394999585711881,88.21107482910156,89.16978454589844,89.29827117919922,89.05117797851562
2026-09-08,89.05117797851562,89.70349878402436,88.7546746910346,88.8238595455052,1302500,0.005372728130387916,87.9879869733538,87.66041819254558,0.017044829255885574,87.55875396728516,88.21107482910156,89.16978454589844,90.57325744628906
2026-09-09,90.57325744628906,90.72151286871654,89.6936181579591,90.52383645861856,1097400,-0.004676061940540488,88.73490469796317,87.8336167108445,0.017092187911772028,89.05117797851562,87.55875396728516,88.21107482910156,90.16802978515624
2026-09-10,90.16802978515624,90.72150862638068,89.7627988188429,90.66220947641624,983200,-0.022147646453336223,89.1471928187779,87.9879891531808,-0.004474032099078817,90.57325744628906,89.05117797851562,87.55875396728516,90.82034301757812
2026-09-11,90.82034301757812,90.84999259254762,89.85175504585065,90.02965249566765,1214400,-0.005147550503503462,89.36463165283203,88.18519047328404,0.007234418163246437,90.16802978515624,90.57325744628906,89.05117797851562,90.07907104492188
2026-09-14,90.07907104492188,91.28487066496324,90.02965006092013,91.12672954862444,1464200,-0.010693324194201104,89.4945297241211,88.377684820266,-0.008161959622997483,90.82034301757812,90.16802978515624,90.57325744628906,92.03602600097656
2026-09-15,92.03602600097656,92.37206456273968,90.43488112867844,90.51395168694629,1033000,-0.001046049035086316,90.04095132010323,88.6031247093564,0.021724857209936888,90.07907104492188,90.82034301757812,90.16802978515624,89.78256225585938
2026-09-16,89.78256225585938,92.04590613579026,89.65407825136123,92.04590613579026,1504500,-0.008726003606586596,90.35863821847099,88.70713769821893,-0.024484583298862495,92.03602600097656,90.07907104492188,90.82034301757812,90.52383422851562
2026-09-17,90.52383422851562,90.800581195835,89.98024108045193,90.07907551277408,973900,0.021478895019193978,90.5690176827567,88.81538645426433,0.008256302271077987,89.78256225585938,92.03602600097656,90.07907104492188,89.76280212402344
2026-09-18,89.76280212402344,90.18779697577924,89.40699212996816,89.49594839877396,986700,-0.0010341498245023395,90.45323835100446,88.8506851196289,-0.008406980448608325,90.52383422851562,89.78256225585938,92.03602600097656,89.01164245605469
2026-09-21,89.01164245605469,90.28662694832272,88.74478874399095,90.18779251943184,1585600,0.004830962705607567,90.28804016113281,88.81115032377697,-0.008368273384902647,89.76280212402344,90.52383422851562,89.78256225585938,88.80409240722656
2026-09-22,88.80409240722656,88.99188311007336,87.86515397416046,88.06282284198997,1738500,0.007898335700816661,90.00000435965401,88.80926767985027,-0.0023317179989189585,89.01164245605469,89.76280212402344,90.52383422851562,90.6029052734375
2026-09-23,90.6029052734375,90.6622119656139,88.6558360299215,88.73490659243411,2113600,-0.023509387566933437,90.07483782087054,88.918457757859,0.02025596813671804,88.80409240722656,89.01164245605469,89.76280212402344,90.82034301757812
2026-09-24,90.82034301757812,91.49242769902692,90.2569784714066,90.71162288230084,1504200,-0.004535909332125887,89.90116882324219,89.06388745989118,0.0023998981432704625,90.6029052734375,88.80409240722656,89.01164245605469,89.88140869140625
2026-09-25,89.88140869140625,90.65232783786163,89.63431883469188,89.92094397335063,1557300,0.004556577554779118,89.91528974260602,89.24320438929966,-0.010338370181999235,90.82034301757812,90.6029052734375,88.80409240722656,89.28838348388672
2026-09-28,89.28838348388672,90.62267469002587,89.08082891729664,90.62267469002587,2129000,-0.02198182708027785,89.73879677908761,89.4319338117327,-0.006597862852323444,89.88140869140625,90.82034301757812,90.6029052734375,86.68900299072266
2026-09-29,86.68900299072266,88.24072696359572,86.58028285232015,87.07446255757378,1327100,-0.012129866009952694,89.2996826171875,89.49594188871838,-0.02911219121391251,89.28838348388672,89.88140869140625,90.82034301757812,85.5
2026-09-30,85.5,86.62999725341797,85.5,86.12000274658203,1893200,-0.0057782536773632875,88.79801940917969,89.4110841296968,-0.013715730366052337,86.68900299072266,89.28838348388672,89.88140869140625,84.51000213623047
