Date,Close,High,Low,Open,Volume
2020-01-02,36.88458251953125,36.89125492612784,36.59094826006114,36.79782595928501,1166500
2020-01-03,37.0180549621582,37.18489313661069,36.85121678770571,36.884583913446505,1519000
2020-01-06,37.712100982666016,37.97904308822643,37.48520095666424,37.858919395299104,3516900
2020-01-07,37.4985466003418,37.59197811503593,37.171545209032,37.57863075579391,2463000
2020-01-08,37.27164840698242,37.43848658704188,37.11148517974456,37.33171025363377,2831400
2020-01-09,37.29167556762695,37.39845191491601,36.871242586411114,37.09814264261899,2293500
2020-01-10,37.01137924194336,37.124830522007294,36.88458314845869,37.07811603778934,3621700
2020-01-13,36.971343994140625,37.00471112305571,36.570930809913314,36.70440187132242,3270400
2020-01-14,36.49750900268555,36.610960256740604,36.384060294378365,36.570918188412726,1864800
2020-01-15,36.11711883544922,36.277284565548406,36.01034253063239,36.050384599594175,1636500
2020-01-16,36.23724365234375,36.3707146740587,36.15048710636683,36.35069491181326,1091400
2020-01-17,36.04371643066406,36.150492755572266,35.81681642201558,36.037044024122224,1500000
2020-01-21,35.46979904174805,35.78345309748789,35.46312408874903,35.7100438889907,2023900
2020-01-22,35.302955627441406,35.41640435413165,35.21619907154704,35.39638458959767,1709900
2020-01-23,35.13612365722656,35.23622504327854,34.775752557642484,35.00265259674186,1548500
2020-01-24,34.875850677490234,34.97595459991598,34.77574930081298,34.8625058638654,1766700
2020-01-27,33.90818786621094,34.3219457817982,33.834778669982114,34.155107625186595,2011200
2020-01-28,34.08170700073242,34.168463576799816,33.794745095527794,33.914868802159916,1914200
2020-01-29,33.63457107543945,34.08169608241459,33.62789612401555,34.03498160543952,1634800
2020-01-30,33.294227600097656,33.35428944818271,32.90048938392864,33.16075654371434,1824200
2020-01-31,32.426666259765625,32.78703731168546,32.37327682433377,32.646891316551034,2388900
2020-02-03,32.366607666015625,32.53344584986107,32.25983133018449,32.43334192125434,1964600
2020-02-04,32.64021682739258,33.02728257233168,32.60684970525085,33.000587856319,2313900
2020-02-05,33.39432907104492,33.59453436801073,33.22081594679234,33.561167242807834,2393600
2020-02-06,33.4810791015625,33.914859314804744,33.46105933797377,33.50777381684624,2446700
2020-02-07,32.9738883972168,33.16742124184785,32.920501518619055,33.134054124505774,3139900
2020-02-10,32.613521575927734,32.68693077088324,32.419991252383824,32.60684916990823,1770500
2020-02-11,32.90715789794922,32.91383030387589,32.720297437276194,32.80038158288527,2789200
2020-02-12,33.240840911865234,33.34761724848667,32.96055143714105,33.12738962222133,1891300
2020-02-13,32.827064514160156,32.94718815302046,32.673573763560306,32.78035004857531,2459400
2020-02-14,32.84041976928711,32.98723815116198,32.62686714787714,32.98723815116198,1414900
2020-02-18,32.473388671875,32.52010316640988,32.206446521033634,32.2264688370836,1975100
2020-02-19,32.58683776855469,32.62687730644306,32.39997725732983,32.526775915973275,1583700
2020-02-20,32.26649475097656,32.62019333333059,32.206432919689874,32.57347885852405,1444500
2020-02-21,32.032928466796875,32.092990309502056,31.786008689341543,31.95951926507405,1733800
2020-02-24,30.391244888305664,30.658184461228203,30.377897527797227,30.511368587132857,2125300
2020-02-25,29.470293045043945,30.20437994480533,29.296782475449774,30.144318104224972,3336200
2020-02-26,29.30345344543457,29.92409158575933,29.23004424990718,29.763925836813367,3072000
2020-02-27,28.52932357788086,29.370186731626063,28.52932357788086,28.949756427627527,3756400
2020-02-28,28.789594650268555,28.916393290695982,27.575012957664857,27.908689302792215,5065100
2020-03-02,29.643808364868164,29.683850446921003,28.596064735765363,28.876354218637726,3889700
2020-03-03,29.02983856201172,30.077581957026773,28.836305693952077,29.53702542595445,4042300
2020-03-04,29.91741943359375,29.99082608399592,29.383535296408326,29.60376288485955,3292400
2020-03-05,29.056535720825195,29.310127901247427,28.76957387046726,29.1165975626617,2737400
2020-03-06,28.235687255859375,28.549341222683022,27.9553978615778,28.362483323660598,3422800
2020-03-09,23.20384979248047,24.74543518737798,23.197174840980892,24.491840491104135,11580700
2020-03-10,24.70539665222168,24.87223482312073,23.524182096766562,24.712069058928318,6898400
2020-03-11,23.030330657958984,24.378382838028145,22.73669651263847,24.298301261258445,7588500
2020-03-12,19.4266357421875,21.355284462925756,19.226429186623083,21.33526342550707,8805600
2020-03-13,20.834745407104492,21.188442704180545,18.97950619914154,21.188442704180545,4990200
2020-03-16,17.551372528076172,18.579096122984524,17.35116726113576,17.764926425119732,5041200
2020-03-17,18.438953399658203,18.632486281659148,17.75825465517442,18.298809952312013,4181000
2020-03-18,16.550344467163086,16.83063261848335,14.768512920814453,16.503629987422062,6215000
2020-03-19,16.52365493774414,16.95076030838877,15.115540168697821,15.809587668869751,8288700
2020-03-20,16.96410369873047,18.465647097927356,16.96410369873047,17.271085293808927,9054400
2020-03-23,19.219757080078125,19.740292639687773,18.799325442878434,19.740292639687773,10013400
2020-03-24,22.002614974975586,22.342963664423998,20.90148221980787,21.408671596954072,5664900
2020-03-25,24.104774475097656,24.46514547925188,22.369658785518737,22.883520577572416,6755200
2020-03-26,24.111591339111328,24.622863435532903,23.273105413035672,23.334458168624835,4558300
2020-03-27,23.99570655822754,24.24793342197557,22.748201274499234,23.320826181700575,3443400
2020-03-30,25.072784423828125,25.563606500791977,24.38427243294452,24.84100762086903,3966400
2020-03-31,25.386369705200195,26.497532729600817,24.98416881033876,26.129418727894546,5090000
2020-04-01,25.549968719482422,26.749755274341798,25.406813167056388,26.143043579864678,4019800
2020-04-02,27.07697296142578,28.031346048201137,26.19076585164679,27.349649871733938,4921100
2020-04-03,24.316102981567383,25.17504167723149,24.016157580165075,25.038701912788728,3760100
2020-04-06,25.365915298461914,25.365915298461914,24.30928669520121,24.73875603475892,3129000
2020-04-07,24.827373504638672,25.843101952021648,24.759204927161495,25.665862090302266,4382200
2020-04-08,25.290924072265625,25.365911058754175,24.47289083902672,24.67739914733645,2406000
2020-04-09,25.045522689819336,25.65904778689075,24.30928945277569,25.106875459572976,4393000
2020-04-13,24.67058753967285,25.454539305120402,24.33655781734351,25.25684675898633,1513400
2020-04-14,24.104782104492188,25.147776633861444,24.05024515109154,24.984170974589635,2609200
2020-04-15,22.959529876708984,23.129953938976442,22.24374933527863,22.898177110274105,3589600
2020-04-16,21.984704971313477,22.400540117077824,21.766562370332984,22.37327164183903,5654000
2020-04-17,23.525327682495117,23.525327682495117,22.727744615237093,22.918618662007113,4663400
2020-04-20,22.495975494384766,23.08223466576733,22.22329596335784,22.3119172010113,4369100
2020-04-21,22.175575256347656,22.441436342717655,21.787008653120047,21.882445699461638,4820800
2020-04-22,23.429899215698242,23.51852045569041,22.884542739717222,23.054966800990343,2635800
2020-04-23,23.593505859375,24.500160451646245,23.470800335539096,23.60714009540839,2487900
2020-04-24,23.279924392700195,24.016154877082872,23.279924392700195,23.96843635496846,2673300
2020-04-27,23.968435287475586,24.302467527863957,23.10949932720654,23.245836469767372,1788500
2020-04-28,24.329730987548828,24.541057698340484,23.716206105368745,24.10477264422201,1680700
2020-04-29,25.5636043548584,25.5636043548584,24.8069212498803,24.88190823872884,2295200
2020-04-30,23.961626052856445,24.595603821684072,23.825286272378403,24.397911270014163,3427200
2020-05-01,22.789108276367188,23.641228679759724,22.08696189612057,23.320830575935297,6654900
2020-05-04,22.877721786499023,23.082230094031313,22.380083951333564,22.645945011171964,9243000
2020-05-05,23.86618423461914,24.718304535205533,23.757112940162674,24.377456414970975,6894100
2020-05-06,23.320825576782227,23.995705935803482,23.211754292547578,23.92753475786649,6293900
2020-05-07,23.791200637817383,24.295654416578465,23.791200637817383,23.98889057789139,6277100
2020-05-08,24.827373504638672,24.82737350463867,23.995705937466056,24.111593039270165,1691300
2020-05-11,23.729846954345703,24.13204783833342,23.729846954345703,24.097960946099814,2042900
2020-05-12,23.51852035522461,24.159313886706883,23.51852035522461,24.04342677375931,1542400
2020-05-13,22.693666458129883,23.511702394288342,22.618679462249546,23.511702394288342,2355900
2020-05-14,22.993616104125977,23.020884580495135,21.82109762490237,22.155129959262016,2726800
2020-05-15,22.516420364379883,23.239019134889087,22.516420364379883,22.945889616694306,2057200
2020-05-18,24.329730987548828,24.697847477135305,24.11840687722122,24.425170618543284,2697900
2020-05-19,24.09796142578125,24.59560197727816,24.09114560747772,24.554699266062507,3637900
2020-05-20,24.875099182128906,25.154594561682487,24.629688097552098,24.861464944045192,2874000
2020-05-21,24.568334579467773,24.91599853840503,24.17976790752292,24.820561475185585,1832600
2020-05-22,24.554698944091797,24.581967417878012,24.084329473371145,24.561514762305954,1442200
2020-05-26,24.895544052124023,25.14777090295961,24.827372875908676,25.03188380409024,1554000
2020-05-27,25.400001525878906,25.809020842519878,25.14095881918431,25.740849656180618,3055000
2020-05-28,25.522708892822266,25.986262591343255,25.47499035919202,25.93854405771301,4483400
2020-05-29,25.61814308166504,25.645408951861725,25.195489587810275,25.5499719050121,2459100
2020-06-01,26.354372024536133,26.38845631061056,25.829465697504023,25.89763687011722,2625600
2020-06-02,26.77703094482422,27.29512161061879,26.517988212392055,27.131513347613893,5257100
2020-06-03,27.840471267700195,27.983626837133606,27.60869446937085,27.73821580355377,4004500
2020-06-04,27.779111862182617,27.976804325313154,27.472348143611754,27.73820916621855,4493800
2020-06-05,29.367473602294922,29.68786904861253,29.183415315875205,29.333386711855816,3144200
2020-06-08,30.124160766601562,30.178697722818104,29.510635611956673,30.00827363533921,2321200
2020-06-09,29.197053909301758,29.31294103260279,28.86983739541232,29.224319785071692,1867600
2020-06-10,28.62442970275879,29.101615047749608,28.43355296429737,28.924375148248032,2762500
2020-06-11,26.156679153442383,27.567789900705076,26.102144816590105,27.411000106616367,2453600
2020-06-12,26.988359451293945,27.567800326874035,26.49072141216233,27.383741994515994,1504400
2020-06-15,27.02242660522461,27.247387513311647,26.06805385092614,26.197575143166063,1778900
2020-06-16,27.431459426879883,28.0177160427652,27.09742710577395,27.724586434590076,2198700
2020-06-17,27.24740219116211,27.745040182635947,27.226949533659738,27.69050322991633,2211400
2020-06-18,27.17241096496582,27.342835015071763,26.84519710081817,26.906549862874893,2294800
2020-06-19,26.84519386291504,27.792751051141185,26.770206873838553,27.785932633699147,2390400
2020-06-22,27.254213333129883,27.281481804810355,26.91336523851776,27.09742352166406,1600900
2020-06-23,27.656417846679688,27.922278979566094,27.540530727407123,27.854110391813403,1453300
2020-06-24,26.633872985839844,27.38373784054165,26.53843592438306,27.38373784054165,1831600
2020-06-25,27.238161087036133,27.272932372261838,26.41761127870673,26.50105652735984,1565300
2020-06-26,26.946104049682617,27.286843048714502,26.61927303557825,27.22425844287913,2221600
2020-06-29,27.050403594970703,27.314647262495964,26.813973235353995,26.98781900999346,1471000
2020-06-30,26.744434356689453,26.904372157153194,26.278528936122388,26.4106507749378,1348300
2020-07-01,26.674898147583008,26.953049816906944,26.54277365092864,26.598405576399156,1237300
2020-07-02,27.099084854125977,27.50240574117138,26.946099697310583,27.161669449852592,1524800
2020-07-06,27.523265838623047,27.877910071352627,27.40504932592908,27.634527034447636,1106000
2020-07-07,26.800073623657227,27.293795141160622,26.793118305001215,27.272934490546255,1413800
2020-07-08,27.029544830322266,27.161669338914628,26.779206448438263,26.807022413686806,2166700
2020-07-09,25.854345321655273,26.66098965683257,25.784808068821917,26.63317369462876,2728200
2020-07-10,26.264625549316406,26.35502611414764,25.972563206275716,26.05601110581681,2240200
2020-07-13,26.257667541503906,26.70271500210253,26.167269638609636,26.654038392028294,1520400
2020-07-14,27.147762298583984,27.210346896227282,26.389794461649146,26.46628704239946,1894800
2020-07-15,27.335519790649414,27.5232736089868,27.09213403235566,27.39114907792888,1779600
2020-07-16,27.050403594970703,27.439816432450456,26.93218708882435,27.29378661839555,1389200
2020-07-17,26.758352279663086,26.932198125543962,26.66099903039813,26.91829013955224,984900
2020-07-20,26.27157974243164,26.702719290437194,26.21595045884569,26.528873468631424,1505700
2020-07-21,26.89742660522461,27.078225098392803,26.48019768088152,26.487150346793957,1641500
2020-07-22,26.348066329956055,26.577544035780758,26.257665780448495,26.577544035780758,1636700
2020-07-23,26.348066329956055,26.396742936765637,26.028190727299915,26.076867334109494,1625300
2020-07-24,26.598403930664062,26.674896497115054,26.341112922972943,26.431510817254985,2658800
2020-07-27,26.765295028686523,26.800063650998208,26.41760350021797,26.68184715192746,3464300
2020-07-28,26.4245548248291,26.605353243295355,26.32024631050291,26.466278761094717,1279200
2020-07-29,26.6540470123291,26.6957683186424,26.34112395159357,26.40370856374068,2830300
2020-07-30,26.633174896240234,26.83483665230199,25.986468335543073,26.76529939633131,2545000
2020-07-31,26.188135147094727,26.208995797377717,25.617921049494065,26.06296594004319,3342600
2020-08-03,26.751394271850586,26.75834693711974,26.229856838337575,26.327210068165087,2091100
2020-08-04,27.363323211669922,27.37027852798744,26.855693880204495,26.932186443641573,1646400
2020-08-05,27.6553897857666,28.10738726767951,27.599757857279645,27.787511636908587,2231200
2020-08-06,27.335519790649414,27.50241030516471,27.154718638468122,27.335519790649414,903200
2020-08-07,27.078224182128906,27.12690079989927,26.786164475506723,26.80702512521496,1115600
2020-08-10,27.26597023010254,27.377231418019452,27.08517179449104,27.245109586329356,1611200
2020-08-11,27.620620727539062,28.357725199801138,27.558036135302064,28.267327296429272,1810600
2020-08-12,28.142162322998047,28.46899066231716,28.030901103781108,28.455082678330456,1338200
2020-08-13,27.808374404907227,28.163018657865738,27.620620628866963,28.030896809249096,913800
2020-08-14,27.46068572998047,27.690160823258307,27.32160854934233,27.356377181332718,1291400
2020-08-17,27.300739288330078,27.634525510067633,27.189478098642894,27.56498560859064,1780200
2020-08-18,27.092134475708008,27.544134710881142,27.043457853788063,27.446781467041255,2852500
2020-08-19,27.182527542114258,27.4189579201129,27.1199429522712,27.168619560740666,4680000
2020-08-20,26.966957092285156,27.10603424964422,26.786158644591676,26.855695896933135,3678900
2020-08-21,26.660995483398438,26.730532751428658,26.361980456050357,26.445425708221972,2858800
2020-08-24,27.585847854614258,27.662340424342894,27.38418876031059,27.578895190400818,2056900
2020-08-25,27.41895294189453,27.78055243392685,27.25205984838895,27.752736476229966,1814600
2020-08-26,27.425907135009766,27.627568860548838,27.356369889563958,27.551076298952925,2058900
2020-08-27,27.40505599975586,27.58585449224628,27.14776491913136,27.58585449224628,3140700
2020-08-28,27.787513732910156,27.80142171608097,27.412006145327886,27.509362027523572,1826800
2020-08-31,27.51631736755371,27.870964341192266,27.44678009761668,27.870964341192266,2165100
2020-09-01,27.286834716796875,27.585847017067206,27.13384958198446,27.384187928886202,5409600
2020-09-02,27.26597023010254,27.544124526232803,27.182525002333843,27.460679298464107,3509400
2020-09-03,27.14080047607422,27.71101438342056,26.98781800391421,27.38418614310189,3123300
2020-09-04,27.210346221923828,27.537174532471624,26.74443808375243,27.49545323686102,3317300
2020-09-08,26.4315128326416,26.779204413802074,26.208990432912998,26.66794321393777,3411700
2020-09-09,26.8209285736084,27.27292869381255,26.800067927427868,27.02954299344252,2529300
2020-09-10,26.40369987487793,27.342466095480553,26.396744557663112,27.252065540421928,3244200
2020-09-11,26.765295028686523,26.834832273309896,26.480188081449345,26.695755131387305,3021100
2020-09-14,26.38283920288086,26.6053616277387,26.222901375806575,26.57754831413888,3337500
2020-09-15,26.348066329956055,26.77225046301908,26.33415834905673,26.63317330670194,2692500
2020-09-16,26.410659790039062,26.654045558525894,26.02124415206634,26.243769268534333,1921400
2020-09-17,26.062959671020508,26.132499576365106,25.78480800767058,25.951698475145307,4015400
2020-09-18,25.464929580688477,25.7987131661153,25.374531683350224,25.72917591390493,5223500
2020-09-21,24.484451293945312,24.748697754775744,24.171528202524723,24.700021124185586,2073400
2020-09-22,24.1854305267334,24.964261739152374,24.13675390754181,24.811276563020645,2295500
2020-09-23,23.587905883789062,24.42017056415701,23.580793716466797,24.4059435159805,2510700
2020-09-24,23.737287521362305,24.050277176623634,23.43852762882977,23.822649816542036,2102500
2020-09-25,23.260692596435547,23.289146693620523,22.97615705164989,23.15399108875791,2739500
2020-09-28,24.036048889160156,24.08584220201704,23.77996744387788,23.84398780519845,3445400
2020-09-29,23.708831787109375,23.929344225373505,23.481201755254393,23.85821170597185,5111600
2020-09-30,24.39882469177246,24.83985225983718,24.263671826237083,24.45573287528096,5698500
2020-10-01,23.886672973632812,23.993371784782838,23.644818536080592,23.94357846353966,4335700
2020-10-02,23.708831787109375,23.87955091908601,23.153987824356104,23.182441917529438,3287800
2020-10-05,24.44150733947754,24.455734386233654,23.929344510384148,24.14274478466249,2939100
2020-10-06,24.37748908996582,25.131506351932227,24.34903499399759,25.05325894478557,2226600
2020-10-07,24.59088706970215,24.626453329551186,24.19965278429939,24.469961243509093,1418600
2020-10-08,24.846967697143555,24.96789351951556,24.633567431260747,24.73315404110395,2198900
2020-10-09,25.074594497680664,25.323561017209553,24.918099706244476,25.30222180511609,10537600
2020-10-12,24.854082107543945,25.067485106226457,24.711817059798072,25.067485106226457,1836100
2020-10-13,24.32057762145996,24.59088606967717,24.206763966452435,24.569546857341876,2154400
2020-10-14,24.1071834564209,24.42728529009117,24.08584423868697,24.235224189889006,1825900
2020-10-15,23.680381774902344,23.723060208485666,23.2891474237064,23.39584622119685,3132800
2020-10-16,23.474090576171875,23.744399045625787,23.28202950947029,23.481202742998548,2319800
2020-10-19,23.218006134033203,23.84398256110186,23.15398578679287,23.595013338042143,2420100
2020-10-20,23.673261642456055,23.8653226915748,23.5736750348089,23.68748868833873,2100500
2020-10-21,23.27491569519043,23.673262134051043,23.27491569519043,23.587902570513997,2540000
2020-10-22,23.346052169799805,23.4100725316872,22.819664939643054,22.862343371879945,3374000
2020-10-23,23.381616592407227,23.858213185250033,23.260690759220328,23.85109830474972,2816700
2020-10-26,22.6987361907959,23.10419757479833,22.485335890825993,23.03306504598571,4033500
2020-10-27,21.8380184173584,22.179459413553243,21.80956432262587,22.15811884250385,4360200
2020-10-28,20.74256134033203,21.140909191280116,20.564727308705887,20.877715584262376,4737700
2020-10-29,21.162248611450195,21.169362135139902,20.37977864353919,20.628746545615314,3297000
2020-10-30,21.574825286865234,21.589052335430814,21.16936390010845,21.31163031546615,3399500
2020-11-02,22.584924697875977,22.691624858166257,22.008742746895553,22.307504009768024,3150500
2020-11-03,23.02594757080078,23.182442372795737,22.905021742736842,23.097082805131095,3815300
2020-11-04,23.004615783691406,23.353171760602574,22.58492726301842,22.855235813672024,3193500
2020-11-05,23.075740814208984,23.346049276852693,22.969042033306376,23.239347782418363,2759100
2020-11-06,23.097084045410156,23.552338715443735,23.097084045410156,23.39584390504524,1948000
2020-11-09,26.62531089782715,27.05211147975199,26.269642841712475,26.753351615110986,5588100
2020-11-10,27.79190444946289,27.855924814466658,27.500256723008437,27.71365703517693,4860600
2020-11-11,27.101903915405273,27.56427345883721,26.973863202255867,27.50025310226251,2476900
2020-11-12,26.618194580078125,27.32241848711996,26.47592953613832,26.703556862680138,2614400
2020-11-13,27.599838256835938,27.66385861001532,27.20149180463685,27.20860397119825,1715100
2020-11-16,28.958492279052734,29.250139974525784,28.631278320918465,29.107872210349,2694700
2020-11-17,29.427976608276367,29.442203657307555,28.560148325630998,28.752206703721686,3168400
2020-11-18,28.887353897094727,29.577350649666123,28.858899807321784,29.442195080010325,2152700
2020-11-19,29.31415557861328,29.31415557861328,28.531687072838125,28.617046632087977,2498400
2020-11-20,29.392406463623047,29.44219977189504,28.937151808832386,29.122097994766673,2826400
2020-11-23,30.85776138305664,30.90755469395077,30.19621857999808,30.246011890892216,2096100
2020-11-24,32.37289810180664,32.48671174600812,31.704243281314376,31.846511014949055,3168700
2020-11-25,31.83228302001953,32.067025180539254,31.341462202839082,31.754035633179626,2835400
2020-11-27,32.109703063964844,32.2164045376077,31.896302830210317,31.903414995471948,1134600
2020-11-30,29.975706100463867,31.853633175824598,29.961479051282993,31.746934377266296,3218300
2020-12-01,30.893320083618164,31.277442142370372,30.76527939736743,31.120947367279193,2280700
2020-12-02,31.170740127563477,31.57620138917674,30.800845119620792,30.843526252144216,2637800
2020-12-03,31.192081451416016,31.6259968307912,31.0853826831717,31.32012214413431,2492200
2020-12-04,32.61476516723633,32.61476516723633,32.209303731886855,32.30177820187973,2110700
2020-12-07,31.62601089477539,32.173740165303435,31.554878350980104,32.05992646711142,2372700
2020-12-08,31.73981285095215,32.031460514271124,31.597545102460348,31.611772148662688,2726300
2020-12-09,31.810951232910156,32.38713173675311,31.65445642271485,32.18084633021515,2912100
2020-12-10,32.472503662109375,32.74992438905941,31.69003209238263,31.70425914421759,2190000
2020-12-11,32.13105392456055,32.330229900016484,31.796727765407407,32.301775801589606,1742900
2020-12-14,31.384143829345703,32.10970688119154,31.355692451385654,31.988781062649664,1713000
2020-12-15,31.938989639282227,31.96744101891697,31.305898277221992,31.597545948348575,1704000
2020-12-16,31.412601470947266,31.647343681984914,31.31301485300347,31.547754350509297,4060400
2020-12-17,31.46239471435547,31.69002204447603,31.284560693103042,31.569096212519653,3572800
2020-12-18,30.99291229248047,31.49084808321744,30.936006818027767,31.362807373784168,1286400
2020-12-21,30.26023292541504,30.402500662640207,29.755185036120523,29.897450059814297,2318800
2020-12-22,30.011276245117188,30.359832211263356,29.88323549947431,30.231791465620482,2142200
2020-12-23,30.91465950012207,31.177855753358536,30.665693004932205,30.701259259454858,2632700
2020-12-24,30.91465950012207,31.042700187228654,30.63012675040955,30.76527960300815,734200
2020-12-28,30.74394416809082,31.3130124509238,30.637242677889557,31.08538513779061,1822200
2020-12-29,30.815078735351562,31.241879297479485,30.72260428526219,31.241879297479485,1786800
2020-12-30,30.92960548400879,31.255791250647746,30.835376190951337,31.06007979066437,1506700
2020-12-31,30.378713607788086,30.806378740913246,30.349718705347648,30.748388936032367,1483000
2021-01-04,30.719402313232422,31.21230468277794,30.45845367463696,31.18330977513254,2286100
2021-01-05,31.516738891601562,31.95165415540423,31.067328940934416,31.08907373633737,3579100
2021-01-06,33.009944915771484,33.328880579774214,32.62576933208155,32.799735999332555,4041100
2021-01-07,33.48110580444336,33.56809053651939,32.93746367194907,32.99545349333309,2649100
2021-01-08,33.27089309692383,33.408614748070896,32.94470732830568,33.31438268933535,1893000
2021-01-11,32.7707405090332,32.922959611969475,32.13286919241275,32.18360889339151,1932000
2021-01-12,32.75624465942383,32.93021133208233,32.488048688968995,32.69825761194197,2296800
2021-01-13,33.04618835449219,33.19840746562462,32.82873208643065,33.13317030869551,1916000
2021-01-14,33.29989242553711,33.48110647332213,32.937464329967064,32.988204042138314,2390800
2021-01-15,32.06038284301758,32.68375949005486,31.879168830046574,32.66201469333239,2497800
2021-01-19,32.60402297973633,32.835976681597984,32.40831152533313,32.69825503521333,2156100
2021-01-20,32.806983947753906,32.93745825932018,32.57503023054863,32.7997366038253,1351300
2021-01-21,32.03138732910156,32.66926141687728,31.741446572917216,32.6475166205677,2238700
2021-01-22,32.21260452270508,32.26334422918039,31.50224586694405,31.661715095927395,2506100
2021-01-25,31.473241806030273,31.473241806030273,30.84261794815593,31.17605099805677,2392200
2021-01-26,31.574735641479492,31.980653325479228,31.444261310163338,31.82118684895369,2761100
2021-01-27,31.139808654785156,31.668953127498522,30.625161631816706,31.067324171166373,1853300
2021-01-28,31.53123664855957,31.82118016056584,31.371767440445495,31.429757248889253,1632900
2021-01-29,30.50194549560547,31.27754128818352,30.32797881792235,31.241296271715743,2004300
2021-02-01,30.516435623168945,30.668657480306,30.197499987708028,30.596170223310708,2620000
2021-02-02,30.465696334838867,30.668657892044397,30.074276202233815,30.596170634075936,4347600
2021-02-03,30.7701416015625,30.87886835609766,30.132267467551365,30.132267467551365,4207400
2021-02-04,30.516435623168945,30.559927977366122,30.081523141621684,30.545430525967063,2333500
2021-02-05,30.675905227661133,30.755639828853536,30.31347723322742,30.654160432829084,2869900
2021-02-08,31.538482666015625,31.661709621224357,30.748389532379846,30.791881886884013,3646600
2021-02-09,30.5816707611084,31.02383332183522,30.081521163704227,31.02383332183522,3730200
2021-02-10,30.69040298461914,30.777384929918973,30.146760987559357,30.248240384593526,3881900
2021-02-11,30.545434951782227,30.56717974947842,30.204751707307096,30.342476133000375,3347600
2021-02-12,31.00209617614746,31.023840974627117,30.327979772211993,30.371472134277923,1810600
2021-02-16,32.00239944458008,32.176363368402285,31.683460975728167,31.726953339237078,1869800
2021-02-17,32.65476608276367,32.71275589682641,31.879170292866977,32.15461637945193,2623400
2021-02-18,31.929903030395508,32.538782119661946,31.879163336715465,32.4010604889741,2650600
2021-02-19,32.596778869628906,32.604026213796985,32.074881606118986,32.13287141988965,2395900
2021-02-22,33.01719284057617,33.4738529306779,32.93021088797322,32.944708340924784,3332100
2021-02-23,34.16971969604492,34.176969806265156,33.18391485421525,33.85078397402639,2947100
2021-02-24,34.546634674072266,34.55388201696919,33.74929423032147,33.82177871971481,2456700
2021-02-25,34.65536117553711,35.47444634223283,34.4886446522688,35.12651584605039,3168900
2021-02-26,33.633323669433594,33.98125426069037,33.430362084037235,33.945012009225266,2521800
2021-03-01,33.88700866699219,34.11171496054283,33.647804925621635,33.87976132563495,2326800
2021-03-02,34.03923034667969,34.31467634629079,33.91600617836499,33.93050362730301,2092500
2021-03-03,34.46690368652344,34.69161005134676,34.07548076654978,34.07548076654978,2037500
2021-03-04,35.02504348754883,35.67016491807871,34.611875767656514,34.901819288506644,3230000
2021-03-05,35.66291427612305,35.96735245626446,35.35847333087555,35.69915652160092,5554300
2021-03-08,35.20625686645508,35.46720547752678,34.76409424937316,35.126522261393575,3211900
2021-03-09,34.974300384521484,35.24249631790366,34.6263698524053,35.162761719169644,1832900
2021-03-10,35.96010208129883,35.98184687373096,35.307730657276366,35.503442084483105,1483100
2021-03-11,35.974609375,36.24280536043739,35.684665826073854,35.87312996240783,1468900
2021-03-12,36.43125915527344,36.53998865478557,36.06158383412305,36.24279782323925,1328800
2021-03-15,35.69192123413086,36.16307611469631,35.48895961370992,36.06884403254041,2393700
2021-03-16,35.256988525390625,35.36571801023987,34.829323458145645,35.322225663279035,1293300
2021-03-17,35.46720886230469,35.575938382329824,34.89457188503787,34.9308141366774,1910100
2021-03-18,34.24219512939453,35.19175462191345,34.21320022875578,34.952553604408514,2638700
2021-03-19,34.829341888427734,35.00330860322155,34.075490732833096,34.24221010185126,2706500
2021-03-22,34.532142639160156,34.80033861010633,34.459658138398424,34.51764518598652,2972100
2021-03-23,33.680912017822266,34.20418152105279,33.53351140540206,33.688280783298495,2728400
2021-03-24,34.33683395385742,34.616894772389884,33.902003792753945,33.909372556548284,2125600
2021-03-25,33.680912017822266,33.850421738104004,33.08394080266522,33.504030720631455,2721400
2021-03-26,34.40316390991211,34.40316390991211,33.99781442878062,34.15258377061465,1409400
2021-03-29,34.64637756347656,34.83799918655212,34.1968098108849,34.33683883433811,1565900
2021-03-30,34.697967529296875,34.882217562112345,34.49897715648429,34.56530728075515,1224900
2021-03-31,34.29998779296875,34.572677062358615,34.263138347607814,34.263138347607814,2247200
2021-04-01,34.182064056396484,34.299983955217144,33.91674358119195,34.299983955217144,2402600
2021-04-05,33.92411422729492,34.31472619810181,33.74723577496513,34.30735462258589,1523000
2021-04-06,33.916748046875,34.21154642702551,33.673536642104125,34.04940830194411,2267800
2021-04-07,34.123111724853516,34.410541378522844,33.887271864846234,34.11574295923018,2349400
2021-04-08,33.607208251953125,33.69565030085972,33.25344849062477,33.592470721901364,2041700
2021-04-09,33.15763854980469,33.31977667378987,33.03971863625523,33.27555846335414,2301700
2021-04-12,33.11341094970703,33.356619493085844,32.88493993259074,33.23133083983081,3269600
2021-04-13,33.26818084716797,33.40084107725443,33.22396264476048,33.356620063414944,2486300
2021-04-14,33.55561065673828,33.90937033577475,33.32714244545774,33.32714244545774,1884200
2021-04-15,33.5261344909668,33.75460271382477,33.356622000454415,33.74723395013961,1548000
2021-04-16,33.430328369140625,33.65879662394607,33.3639982409704,33.60720683663951,1657000
2021-04-19,33.84303665161133,33.91673833411735,33.5777190288848,33.77670935450349,1505900
2021-04-20,32.958648681640625,33.41558800232925,32.59751735934261,33.41558800232925,2330700
2021-04-21,33.017601013183594,33.07656236548431,32.693322009825756,32.75965212544804,2172100
2021-04-22,32.472225189208984,32.78913545488957,32.42800417140509,32.62699453437422,2757900
2021-04-23,32.77439498901367,32.83335353442552,32.50907450607977,32.6269944083357,1334500
2021-04-26,32.81861114501953,32.95864295306025,32.66384181012069,32.774392941581034,1998700
2021-04-27,32.95127868652344,33.010240052761326,32.71543884443726,32.81124965885748,1680600
2021-04-28,33.80620574951172,33.924125694736404,33.091317311589115,33.1060548447381,2388200
2021-04-29,33.30503463745117,33.680906275612514,32.951274914814384,33.65879436008797,2653400
2021-04-30,32.634361267089844,32.958643087936835,32.50170103336736,32.92916241123583,2795200
2021-05-03,33.37136459350586,33.39347650891932,32.86283552191383,32.95127474927063,2176800
2021-05-04,33.45981216430664,33.71039235944037,33.13553025799663,33.59247243299114,2367000
2021-05-05,34.60215377807617,34.63900321921444,34.11573384532747,34.21891340508747,2052600
2021-05-06,35.08857727050781,35.08857727050781,34.44001635723664,34.65374707352625,1485800
2021-05-07,35.30230712890625,35.30967589312952,34.469496200058074,34.528454748141364,1987100
2021-05-10,34.83799743652344,35.493927120357135,34.83799743652344,35.39074754916071,2077400
2021-05-11,34.314727783203125,34.904327337258344,34.314727783203125,34.506346583983905,2014800
2021-05-12,34.45476150512695,35.206502093519845,34.32947281277789,34.32947281277789,2364900
2021-05-13,34.60215377807617,34.77903222011271,34.21891340508747,34.35157364233095,2171500
2021-05-14,35.91402053833008,35.93612964536709,35.29494023839914,35.302311815033306,1928400
2021-05-17,35.89927291870117,35.95086269895065,35.27282398056765,35.29493308312252,2154600
2021-05-18,35.40549087524414,36.10564163924749,35.40549087524414,36.01719958953593,1529600
2021-05-19,34.46949768066406,34.80114831360443,34.23365785533591,34.69796874145242,1563200
2021-05-20,34.742191314697266,34.874851584533715,34.29999228953099,34.506351459750874,1647800
2021-05-21,34.860111236572266,35.073841983655875,34.77167199383978,34.90433226365493,1421900
2021-05-24,35.30230712890625,35.324416233008435,34.808515582975964,34.985396850090545,1436500
2021-05-25,34.55793380737305,35.21386343834811,34.52845312899766,35.1622736569073,1701700
2021-05-26,34.543209075927734,34.75693987357145,34.35159020277257,34.46213857948126,1311400
2021-05-27,34.388431549072266,34.5137230535047,34.152591694010695,34.35158209886255,1868700
2021-05-28,34.41054153442383,34.4621313283196,34.137852222198624,34.137852222198624,1541000
2021-06-01,35.19912338256836,35.24334440048749,34.92643413398104,34.94854323722448,2327000
2021-06-02,35.832942962646484,35.92875375987382,35.390744040943986,35.56762248505211,1860900
2021-06-03,35.818206787109375,35.91401759547341,35.582366959930596,35.64869708703916,1495900
2021-06-04,35.79609298706055,35.891903782858556,35.51603217472982,35.80346456212385,1236800
2021-06-07,35.51603317260742,35.692914430478716,35.45707462760514,35.58236329288013,935200
2021-06-08,35.64868927001953,35.77398073216522,35.04434949396404,35.2138591568643,1170900
2021-06-09,35.81083679199219,35.98034648623777,35.619217993280955,35.855057812355895,3622300
2021-06-10,35.597110748291016,36.1203802398103,35.479190823280575,35.92876141595563,3216400
2021-06-11,36.10564422607422,36.48151312426343,35.773993544476156,36.48151312426343,805000
2021-06-14,36.378334045410156,36.79105240033792,36.20145274227473,36.34148459392488,1093700
2021-06-15,36.805789947509766,36.805789947509766,36.17934088554537,36.22356191082851,2241100
2021-06-16,36.45203399658203,36.78368469235219,36.28989584309785,36.69524544395782,1599700
2021-06-17,35.700286865234375,36.51835749557263,35.37600780579694,36.37832847679039,1332400
2021-06-18,34.211544036865234,34.76429412389162,34.211544036865234,34.3884253017439,1450500
2021-06-21,35.361270904541016,35.486562406317766,34.68323203846894,34.68323203846894,1475500
2021-06-22,35.2885627746582,35.520919781475705,35.08618538017189,35.348524858606446,1977600
2021-06-23,35.11616134643555,35.82822924733519,35.11616134643555,35.7157992793735,1249800
2021-06-24,36.05309295654297,36.15053455200851,35.70830313786262,35.790753498696105,1346700
2021-06-25,35.67082977294922,35.97814296305387,35.610864828886896,35.97064877468903,1567900
2021-06-28,34.62146759033203,35.003736976681246,34.58399092835109,35.003736976681246,2427500
2021-06-29,34.24669647216797,34.80136081082112,34.23170523498425,34.65145129827005,1565400
2021-06-30,33.92438888549805,34.36662033404346,33.856929754049226,34.1492545631847,3062000
2021-07-01,34.35163116455078,34.733897661079205,34.321648693646566,34.72640347299605,1965300
2021-07-02,34.33664321899414,34.47905568050542,34.074300862375175,34.329146170906874,1311800
2021-07-06,33.61707305908203,34.14925188061148,33.35473360143667,34.14925188061148,2002500
2021-07-07,33.15985107421875,33.23480438307268,32.86752630740333,32.97995912996968,4490300
2021-07-08,32.837547302246094,33.06241009222124,32.48526045373754,32.56771081056171,1820200
2021-07-09,33.23481369018555,33.339749495681566,32.979968365715386,33.12987788468952,1183200
2021-07-12,33.317256927490234,33.53462554044845,32.949978827688916,33.069905845306266,1140100
2021-07-13,32.80757522583008,33.12238265964952,32.717630653208296,33.0924030416332,2279700
2021-07-14,32.62018585205078,33.309765607080145,32.57521214048038,33.1373706683228,3398400
2021-07-15,32.35034942626953,32.59020350366671,32.12548658612045,32.17045743857858,1311300
2021-07-16,31.84065818786621,32.25290719680088,31.73572238842314,32.19294510824173,2568600
2021-07-19,30.95619773864746,31.21104306913445,30.67136993180052,31.076124784800967,2889800
2021-07-20,30.926210403442383,30.97868115847174,30.229136522952395,30.356557738533464,2536200
2021-07-21,31.74321937561035,31.84066099480586,31.37594404518215,31.37594404518215,1722400
2021-07-22,31.66826629638672,31.803184582723702,31.413420962115346,31.780699154762992,2451200
2021-07-23,31.503366470336914,31.735726383559303,31.360953990205644,31.675761428165224,1273200
2021-07-26,32.44778823852539,32.50775032305694,31.975574313463643,31.990565549418005,1577500
2021-07-27,32.38032150268555,32.57520180575781,32.11797922401742,32.25289745663869,2203500
2021-07-28,32.635169982910156,32.7176203398592,32.32035978903975,32.42529556723471,1475100
2021-07-29,33.36972427368164,33.78947025812593,33.347238851772595,33.7070198987453,2176600
2021-07-30,32.702632904052734,33.00244903953282,32.54522635919341,32.96497238000854,2016400
2021-08-02,32.66515350341797,33.272282770907,32.47776736223531,33.0249345513744,2881100
2021-08-03,33.557106018066406,33.662041785608544,32.92748855352837,33.35472866954148,1674100
2021-08-04,33.10737991333008,33.6320616466101,33.07740030573426,33.30226308877272,1346000
2021-08-05,33.1898307800293,33.639559212335,33.137362891819784,33.54961181030258,1763500
2021-08-06,33.43718719482422,33.57959964855895,33.2572952212719,33.5046463274956,1200300
2021-08-09,33.204833984375,33.35474351585412,33.01744778484773,33.219825223451565,1112600
2021-08-10,33.13737106323242,33.21232725007637,32.95748193337928,33.04742649830585,1510500
2021-08-11,33.594600677490234,33.77449270348127,33.45218818224212,33.647068589386215,1717300
2021-08-12,33.79696273803711,33.924383934797724,33.587091186061755,33.811953971647554,2607700
2021-08-13,33.639564514160156,33.789474015222154,33.46716958868893,33.61707623046502,1282300
2021-08-16,33.257301330566406,33.39221962069337,32.957485131951515,33.21233047338172,1479900
2021-08-17,33.047428131103516,33.42969469539298,32.7925828018151,32.98746317866562,1260900
2021-08-18,32.59019470214844,33.09239100683161,32.55271804879247,32.91999325468049,1181500
2021-08-19,31.863143920898438,32.05053009579249,31.6382810828828,32.0130534326709,1834600
2021-08-20,32.0130500793457,32.0130500793457,31.698242710956695,31.780693076759288,1144100
2021-08-23,32.67265319824219,32.76259776057084,32.35034875233792,32.35034875233792,1145800
2021-08-24,32.867530822753906,32.89751329412866,32.62767677032756,32.66515628918893,1128900
2021-08-25,33.06241226196289,33.18983346957289,32.59019837052588,32.70263120253468,2548300
2021-08-26,32.66515350341797,33.09988786413322,32.64266522216184,32.905007535388926,1205200
2021-08-27,33.414703369140625,33.48215964575363,32.837553619623286,32.837553619623286,1157400
2021-08-30,33.302268981933594,33.52713180476372,33.264792321342895,33.444681435892626,858300
2021-08-31,33.19733810424805,33.23481477038809,32.86753657992844,33.04742858040153,2370500
2021-09-01,33.002445220947266,33.18983135617279,32.83005031965405,33.18233716884939,1448400
2021-09-02,33.47465896606445,33.6170713989985,33.18983124091087,33.21981370867135,1604500
2021-09-03,33.317256927490234,33.38471605360535,33.07740289225553,33.32475111515385,1492300
2021-09-07,33.37721633911133,33.66953824248558,33.257289331078674,33.407198805940844,1608200
2021-09-08,32.88251495361328,33.354728768235354,32.83754411555371,33.287269651860775,1650300
2021-09-09,32.545230865478516,32.90501485272846,32.40281839585316,32.6276812434197,1779600
2021-09-10,32.46278381347656,32.627681712443106,32.387827623686064,32.5602225712748,1606300
2021-09-13,33.512142181396484,33.57210712865608,33.13736983888222,33.17484650127644,2394100
2021-09-14,33.47465896606445,34.11926772648732,33.39970565594875,34.05180860366899,2863000
2021-09-15,34.44157791137695,34.53901951837828,34.05930853121804,34.134264713252136,2743300
2021-09-16,34.561500549316406,34.726401269540524,34.20171949915203,34.68142756603787,2385400
2021-09-17,33.98429489135742,34.342667343523445,33.694546889421524,34.22829229024709,2128800
2021-09-20,33.5191764831543,33.5191764831543,32.94730699075375,33.18368076140363,2199600
2021-09-21,34.01479721069336,34.29691867368462,33.839424252148596,34.18254652263992,2420000
2021-09-22,34.75440979003906,35.379653411732185,34.746783236125836,35.07465524612078,3490200
2021-09-23,35.631282806396484,35.71515746710069,35.06703984858798,35.150911600613426,2679200
2021-09-24,35.53215408325195,35.692279740238384,35.166157983400076,35.227158787714615,2139800
2021-09-27,36.63015365600586,36.79027644087799,36.52340513275777,36.52340513275777,3173400
2021-09-28,36.90464782714844,37.415516539756645,36.759772352658075,37.3392684332619,4697800
2021-09-29,36.340396881103516,36.477645780594706,36.00490118716861,36.29464627838031,6670300
2021-09-30,36.54627227783203,36.69114483155432,36.08877785968271,36.50052167254567,3616800
2021-10-01,36.63776779174805,36.88176518401767,36.23364765617868,36.370896552915134,2575300
2021-10-04,37.11051559448242,37.65951122904561,37.03426749353913,37.25539105842471,4814800
2021-10-05,38.20087432861328,38.45249825796019,37.71287957813484,37.89587906390333,4196000
2021-10-06,37.911136627197266,38.01788513601419,37.22489205811882,37.5985147476568,2687800
2021-10-07,37.83488082885742,38.00263012645277,37.423137048171725,37.5146353429154,2895700
2021-10-08,38.21613311767578,38.4982575095079,38.07888419967064,38.18563562042482,1593000
2021-10-11,38.582122802734375,39.13111838283294,38.57449915686781,38.87187079319509,2157700
2021-10-12,38.361000061035156,38.68124552604719,38.2694988635933,38.52874643898892,1473700
2021-10-13,38.39912414550781,38.55162323272446,37.90350283922326,37.979753837170655,1514000
2021-10-14,38.83374786376953,38.88712211240601,38.62787451530951,38.818497662919334,1708200
2021-10-15,39.32174301147461,39.4589919116878,39.19974431224938,39.26074511620121,1513900
2021-10-18,39.5581169128418,39.71823966080112,39.46661570656924,39.64961521043592,2317000
2021-10-19,39.74873352050781,39.8478554479706,39.504736161298254,39.82498160450657,1789100
2021-10-20,39.893611907958984,40.08423505465553,39.50474196851652,39.61911411132741,1748200
2021-10-21,39.33699035644531,39.73348682730975,39.131117021072725,39.69536278194702,2286200
2021-10-22,39.00912094116211,39.04724498907607,38.77274719021013,38.818497792913924,1842300
2021-10-25,38.84900665283203,39.25312688432522,38.71175772351754,39.08537754656772,2578100
2021-10-26,38.72700119018555,38.94812474990868,38.51350127690732,38.94812474990868,1993600
2021-10-27,38.444881439208984,38.8871286117437,38.368633330892806,38.60500712055917,1919000
2021-10-28,38.68887710571289,38.77274885124532,38.16275533245451,38.47537719262721,2248000
2021-10-29,38.20850372314453,38.71937235656775,37.94162957442096,38.56687616721527,2683100
2021-11-01,38.31525802612305,38.74225498358829,38.25425721419423,38.498257553230665,1848200
2021-11-02,38.49824523925781,38.62024391541437,38.155123053605664,38.36099636499695,1946000
2021-11-03,37.781517028808594,37.93401616800373,37.61377059350517,37.697642356817305,1760200
2021-11-04,37.857757568359375,38.46012449290706,37.85013101373819,38.38387639876534,1986400
2021-11-05,38.13225173950195,38.345751634727925,37.94162859903344,38.345751634727925,1210000
2021-11-08,38.300010681152344,38.66600685400003,38.24663642107116,38.26188662519136,1240100
2021-11-09,38.94050216674805,38.96337601709444,38.193259665751256,38.58975622093546,2264600
2021-11-10,38.21613311767578,39.16162534074687,38.12463480856529,39.07012703163638,2146600
2021-11-11,38.170379638671875,38.62787402364098,38.11700539071476,38.162753084004656,2234500
2021-11-12,37.80438995361328,37.941635965412935,37.69001488365491,37.77388954713387,1263400
2021-11-15,37.95689010620117,38.13226309863225,37.79676731859181,38.05601498320279,1805500
2021-11-16,37.812007904052734,38.178004000627354,37.812007904052734,38.16275379968527,1733600
2021-11-17,37.46126174926758,37.85013169022595,37.407887500678754,37.56801024644523,1356800
2021-11-18,37.331634521484375,37.47650996742811,37.01138904689384,37.16388813851334,1285500
2021-11-19,35.989654541015625,36.454775534267796,35.982027985469266,36.31752662122031,2435900
2021-11-22,36.294647216796875,36.62251927309442,36.00490211809367,36.0201523193957,1329000
2021-11-23,37.011390686035156,37.179137076435254,36.75214309140405,36.836017740943284,2034700
2021-11-24,37.04951858520508,37.072392434301655,36.63777184939462,36.63777184939462,1919700
2021-11-26,35.562660217285156,35.562660217285156,34.84591810313784,35.105165745902426,2457500
2021-11-29,35.455909729003906,36.19552856165495,35.38728527124578,36.10402734552495,2224500
2021-11-30,35.06703186035156,35.37965367351126,34.86878217863384,35.196654191054755,3363500
2021-12-01,35.36440658569336,36.48526869756692,35.3567800310527,36.14214936437445,2788000
2021-12-02,36.6758918762207,36.69114207683786,35.85240140364265,36.104022442129875,2978300
2021-12-03,36.508140563964844,36.836012561327,36.17264201298331,36.81313580914683,1872600
2021-12-06,37.46126174926758,37.690008944459464,37.35451325208993,37.55276004560866,1986400
2021-12-07,37.697635650634766,38.040757925614656,37.58326349809389,37.72813605478379,1475200
2021-12-08,38.25425720214844,38.44488037634773,38.17800909594024,38.24663355499914,2624800
2021-12-09,37.819637298583984,38.05601108609622,37.66714108334136,37.789139800742774,1768600
2021-12-10,38.17800521850586,38.27713007345224,37.82725931168453,38.03313266795231,1740400
2021-12-13,37.606136322021484,37.9645087893095,37.39263931615385,37.90350798267386,2084200
2021-12-14,37.54513931274414,37.85776118245507,37.37738999920411,37.37738999920411,3222100
2021-12-15,38.19325256347656,38.19325256347656,36.98851291882896,37.3926359547653,4697400
2021-12-16,38.284759521484375,38.68888264888558,38.21613505899579,38.21613505899579,3172000
2021-12-17,37.644256591796875,38.071253469333996,37.468883653347234,38.071253469333996,3660600
2021-12-20,37.40788650512695,37.51463499946367,36.95038921824035,37.21726336276045,2361400
2021-12-21,38.544002532958984,38.66600123952679,37.78913644503269,37.78913644503269,2027100
2021-12-22,38.67363357543945,38.83375635636633,38.07126359917662,38.27713699265932,1354500
2021-12-23,38.948123931884766,39.13874708446757,38.82612232190043,38.87187292564455,1046700
2021-12-27,38.894752502441406,38.93287946551692,38.47538208672094,38.63550486039403,1149900
2021-12-28,39.05487060546875,39.1311186994646,38.84137070665936,39.00912000386424,1031500
2021-12-29,38.86425018310547,39.0472467849804,38.63550006774398,38.71937472221939,1472500
2021-12-30,38.66923904418945,38.986517045397335,38.66923904418945,38.7775774418702,997200
2021-12-31,38.27458190917969,38.707938537324246,38.081119603186664,38.69246119860475,1328400
2022-01-03,39.450828552246094,39.68298270237069,39.1722423912965,39.24962907600482,2172200
2022-01-04,39.65202713012695,39.89965859314727,39.51273406317804,39.51273406317804,1409500
2022-01-05,39.76810836791992,40.58064940589604,39.72941649982588,40.402664451063195,1587600
2022-01-06,40.317543029785156,40.62708389742286,40.116343532220995,40.5574373498044,1591000
2022-01-07,40.990787506103516,41.05269389866247,40.37944601258375,40.66576935116895,1784500
2022-01-10,41.16878128051758,41.23068768636463,40.789593843702,41.08365738947731,1612800
2022-01-11,42.337284088134766,42.3837160974422,41.393190181550935,41.439619238858285,2695000
2022-01-12,43.358760833740234,43.49805389731604,43.08791485012051,43.157561381908415,2395600
2022-01-13,42.96410369873047,43.482581194609175,42.90219435187921,43.21947237449159,1697700
2022-01-14,44.1867790222168,44.24094821888013,43.50579399216359,43.52127132721023,1948500
2022-01-18,44.635623931884766,44.79813156210266,44.070714346841214,44.44216162391092,3303100
2022-01-19,45.185054779052734,45.525550319824795,44.44989744111361,45.00706981546755,3618800
2022-01-20,44.20225524902344,45.239213055151076,44.06296218909586,44.14034886238882,3770500
2022-01-21,43.04923629760742,43.71474715110857,42.979589744287516,43.40520625813105,2573700
2022-01-24,42.87898254394531,42.87898254394531,41.50153196109209,42.16704272197634,2966400
2022-01-25,43.629615783691406,43.79212339626487,41.880715056376225,42.59265780746035,2663100
2022-01-26,44.20999526977539,44.87550589825088,43.80759342576697,44.6820436435545,2753100
2022-01-27,44.75169372558594,45.34755491958875,44.27190517041488,45.18504732122435,2522400
2022-01-28,44.34928512573242,44.37249964997916,43.714729212325636,44.07843621752251,2231400
2022-01-31,43.95463180541992,44.07071036050477,43.36650774125739,43.69926311703365,2553800
2022-02-01,44.805870056152344,44.999332356995836,44.171313945545734,44.186788331852824,2755300
2022-02-02,44.33381652832031,44.4266775956053,43.86176809562148,44.387985730236565,2648200
2022-02-03,44.27190399169922,44.558230269194134,43.467100261226825,43.9236713244756,2193700
2022-02-04,45.16956329345703,45.40171739272656,44.79811614422588,44.89871733630917,2144900
2022-02-07,45.33982467651367,45.60293352218999,44.88325353113419,45.07671583083735,2066000
2022-02-08,45.53328323364258,46.013068870910686,45.21600520628784,45.943422330662074,3293400
2022-02-09,46.45416259765625,46.46190274212106,45.943422286985374,46.04402350102666,2725800
2022-02-10,45.68805694580078,46.29165837014965,45.38625623362635,45.43268529580679,3723000
2022-02-11,45.386253356933594,46.34582463984768,45.08444971188783,45.866038998390636,4477800
2022-02-14,45.13862228393555,45.393990968098265,44.565972614721794,45.33208457121043,4443000
2022-02-15,44.44989013671875,44.83681467710383,43.900457997851916,44.44989013671875,3018700
2022-02-16,44.95288848876953,45.50232056980915,44.62013318290055,44.62787037401393,1659900
2022-02-17,44.488590240478516,44.83682000661733,44.14035752233938,44.54275944641124,2731700
2022-02-18,44.5582389831543,44.589190708071726,44.093927685387214,44.22548358628805,2732400
2022-02-22,43.451629638671875,44.33381717066127,43.21173534670979,44.17130956255799,3332800
2022-02-23,43.55997085571289,43.854031417356474,43.157568929673936,43.6837866058787,3161700
2022-02-24,41.153289794921875,42.391447006262275,40.309794272196335,42.29858595341166,6042200
2022-02-25,42.32954406738281,42.32954406738281,41.8497584779331,42.08191260495716,3805500
2022-02-28,39.10259246826172,39.93835087880834,38.800791804008746,39.28057739969296,6319900
2022-03-01,38.143028259277344,38.971046677598,37.771580992815785,38.769844229931024,5556600
2022-03-02,41.23067092895508,41.447350641356124,40.31752893583487,40.418130125449665,5320200
2022-03-03,39.41213607788086,40.93661979511447,39.35796687542079,40.69672550421979,3667700
2022-03-04,38.0733757019043,38.483514773709366,37.523943558165435,38.33648450977925,3747800
2022-03-07,37.77157211303711,38.29004954474988,37.400124933899654,37.818001165429436,5354500
2022-03-08,38.816261291503906,39.07163284931611,37.91085948180463,38.73113743889984,8863300
2022-03-09,39.21092987060547,39.95382720068669,38.70018961667455,39.09485428453017,4681600
2022-03-10,39.303802490234375,39.44309558563276,38.762107447240695,38.90913773593877,3122600
2022-03-11,38.421607971191406,39.09485584367755,38.382913155623264,38.89365342992309,2928500
2022-03-14,38.66923904418945,39.156761833752824,38.47577677633099,38.97877690156303,2373800
2022-03-15,38.5067253112793,38.785311426277254,37.75609378142337,38.33648053700254,3349300
2022-03-16,38.7775764465332,39.34248589993991,38.18944951421947,38.83948283561894,3217700
2022-03-17,39.303802490234375,39.73715616302892,39.10260004043648,39.22641579723499,3795800
2022-03-18,39.12239456176758,39.46006300222955,38.39994310488165,38.83969512365188,3203800
2022-03-21,39.51503372192383,39.69564659399486,39.279451845117535,39.35012670771803,2787500
2022-03-22,39.86841583251953,40.049028739915414,39.54645317227701,39.884121693456564,2651000
2022-03-23,40.064727783203125,40.15895993720356,39.46006572016018,39.640678596821914,2856900
2022-03-24,40.5123405456543,40.85786049432909,40.300315919562955,40.64583586823775,2054800
2022-03-25,41.21122741699219,41.28975670629594,40.50448178677493,40.55945079149452,2165100
2022-03-28,40.28460693359375,41.10129365319763,40.14325719383206,41.10129365319763,1957900
2022-03-29,40.59871292114258,40.59871292114258,39.64067658474324,40.26104447456202,3200200
2022-03-30,40.99919891357422,41.33686733636572,40.84999777152585,40.975641626826004,1888400
2022-03-31,39.68779754638672,40.4495122272872,39.679943119189346,40.339574211214114,2237700
2022-04-01,40.99134826660156,40.99134826660156,40.3081599775742,40.386686265292894,2974900
2022-04-04,40.77146530151367,40.93637528261311,40.23748120493335,40.4887688958837,4638600
2022-04-05,39.41294479370117,40.0568699498529,39.21662607546989,39.82128808709255,2984400
2022-04-06,38.863250732421875,39.3422658387358,38.61981446875237,39.067420860065056,2516100
2022-04-07,38.902523040771484,39.03601834884709,38.26644923162398,38.847554032083146,1793900
2022-04-08,38.918235778808594,39.255904317914194,38.627681829428624,38.63553625810745,1950000
2022-04-11,39.60926818847656,40.23749055745767,39.57000503931181,40.15110983194346,2032800
2022-04-12,39.18522644042969,39.77418273164505,39.043876690891075,39.53859781868962,2467200
2022-04-13,40.0804328918457,40.18251647527601,39.82129072870852,39.90767144975425,2379500
2022-04-14,39.970497131347656,40.04117199840058,39.420804053778944,39.64068008657192,2239500
2022-04-18,40.19038009643555,40.3788444440267,39.766330820975256,39.931237874014215,1861000
2022-04-19,40.19822311401367,40.606566442424445,40.10399095994539,40.3866904177364,2252100
2022-04-20,39.97834014892578,40.316008554268215,39.83699044456915,39.89981386676572,4095400
2022-04-21,39.35798645019531,40.5673108009198,39.35798645019531,40.51234178457657,2084600
2022-04-22,38.5569953918457,39.28730126955316,38.454911814315025,39.0046018335908,2026900
2022-04-25,37.90522003173828,37.93663174688549,36.79798253528043,37.771721740155655,3327700
2022-04-26,37.386940002441406,37.920927196000086,37.08068325816813,37.19847270064993,5742200
2022-04-27,37.85810470581055,38.1486585947869,36.96289174008844,37.26129706052455,6997200
2022-04-28,38.99675750732422,39.14595868322557,38.14080761276071,38.659089007917466,2176800
2022-04-29,38.250736236572266,39.4286484811477,38.250736236572266,39.004599354159964,4200500
2022-05-02,39.30300521850586,39.39723736072315,38.454909947378646,38.62766837551272,2527000
2022-05-03,40.386688232421875,40.55159524201483,39.57785604629701,39.58570747721696,2585600
2022-05-04,41.43111038208008,41.45467067061429,40.410253414666315,41.069884577479094,3337000
2022-05-05,41.21908187866211,41.6117193387555,40.41024667387118,41.57245319627729,5174500
2022-05-06,42.20067596435547,42.45196370176134,41.80018407339941,42.287053690175014,2775200
2022-05-09,39.64853286743164,40.81073941414219,39.55429771821657,40.63012653819253,3845200
2022-05-10,40.135398864746094,40.54374215437557,39.27159471513478,40.213925153080815,2806200
2022-05-11,41.28190231323242,41.76877192496832,41.030614578427695,41.03846600957143,3959100
2022-05-12,40.59086227416992,40.85000445312992,39.76632415167352,40.637979850958914,2892500
2022-05-13,42.01220703125,42.01220703125,41.23478356438959,41.407545000488795,2482500
2022-05-16,42.671844482421875,42.88386909617826,42.02791920905204,42.2085321032327,2055400
2022-05-17,43.31576919555664,43.49638208740131,42.930983124697015,43.056630001374785,2503700
2022-05-18,42.718955993652344,43.83404491991615,42.55404598709818,43.5356396175076,1727500
2022-05-19,43.08018112182617,43.52778757131971,42.37343251968585,42.37343251968585,1914200
2022-05-20,42.95454025268555,43.614171328797795,42.2792033181437,43.18227070653546,1464000
2022-05-23,44.50938415527344,44.7999350463749,43.96754552123241,44.15600983064399,2048900
2022-05-24,44.54079818725586,44.68214792445496,43.97539923845947,44.156012125861345,2803900
2022-05-25,45.765830993652344,45.781536854822214,45.169023247130845,45.47528005097653,1556000
2022-05-26,46.37834167480469,46.503985552533265,45.89932345484375,45.89932345484375,2490400
2022-05-27,46.19772720336914,46.40189737433086,45.80508972448517,45.89146745354721,1857900
2022-05-31,46.174163818359375,46.9594387234185,45.9150246573946,46.668887847310714,4053300
2022-06-01,45.7265625,46.12705442410796,45.09048867702131,45.93073567578463,2906100
2022-06-02,45.765830993652344,46.01711878119684,45.31822443486454,45.388899312335596,1613600
2022-06-03,46.150604248046875,46.22127910583138,45.55379367218089,45.57735395516631,1349200
2022-06-06,46.71600341796875,46.90446770957795,46.39404084051594,46.551093418328314,1178600
2022-06-07,47.383487701416016,47.391339132377325,46.3547765014955,46.38618821651277,1748600
2022-06-08,48.01955795288086,48.01955795288086,47.28925210764412,47.36777839388182,2698600
2022-06-09,46.45685958862305,47.23428300119334,46.394039158892305,47.17931400183427,3656900
2022-06-10,45.326072692871094,45.61662359599336,44.98054978534442,45.30251240653026,3528400
2022-06-13,43.80263137817383,44.4622623901249,43.3471735103618,44.28164952913169,1815200
2022-06-14,43.77907943725586,45.106193053893456,43.46496825202759,44.69784971133121,2195800
2022-06-15,43.94398880004883,44.32092044503012,43.040924336735245,44.046075390018686,2266700
2022-06-16,42.841148376464844,43.51700045567239,42.077829411545345,42.443587616190314,3203100
2022-06-17,40.789737701416016,42.70598064680334,40.24110488628209,42.467444772099384,2272100
2022-06-21,42.300472259521484,42.6503246925368,42.030130778007894,42.32432493834233,1576100
2022-06-22,41.107791900634766,41.561011020411954,40.71023105639874,40.98057255180518,1923900
2022-06-23,39.883296966552734,41.11573476674553,39.54139445620177,41.099831971712,2513200
2022-06-24,41.61665725708008,41.71207098281384,40.495536121978525,40.74202486603403,2486600
2022-06-27,41.92676544189453,42.36408175529575,41.5292046055028,41.64052115438873,1703900
2022-06-28,42.37997817993164,42.76958907559397,42.01422299340653,42.65031962935195,1409000
2022-06-29,42.117591857910156,43.39773811116851,42.101689062032314,43.36593251941283,1607900
2022-06-30,41.85520553588867,42.18120530948463,41.25886426469007,41.6564251121558,2092300
2022-07-01,42.00627517700195,42.228908252237915,40.94876200333481,41.78363906861782,1799400
2022-07-05,40.670467376708984,40.94875869829258,39.85944305404661,40.87719763943567,2164700
2022-07-06,39.008663177490234,39.37441835168224,38.29305259046423,38.85758814625813,2773900
2022-07-07,39.97871780395508,40.26496209910058,39.81174297616972,39.97871780395508,1790700
2022-07-08,39.85943603515625,40.37626311753829,39.40621708658624,40.21724126643451,2002400
2022-07-11,39.318763732910156,39.57320240229894,38.93710572882697,39.294908022365576,1412300
2022-07-12,38.444129943847656,38.77012969376089,38.26125233127665,38.3566691116037,1192200
2022-07-13,38.94505310058594,39.11998081194879,38.07042061006768,38.1817371416084,1545100
2022-07-14,36.814125061035156,37.10036928803124,36.30524778333005,36.67100294753712,2081300
2022-07-15,38.11017990112305,38.308960308271345,37.74442467992578,37.99091044357475,1402400
2022-07-18,39.09612274169922,39.819686219309716,38.99275913045299,39.56524454853642,2190400
2022-07-19,40.38422775268555,40.400130549041656,39.67656999715427,39.7004226751143,1444700
2022-07-20,39.92305374145508,40.137736931697354,39.62090972539389,40.082078663836185,1878800
2022-07-21,39.183589935302734,39.231298321358494,38.29305462763169,38.55544620121627,1524200
2022-07-22,39.199493408203125,39.509590340055304,38.976860335724254,39.03251860384397,860400
2022-07-25,40.137733459472656,40.137733459472656,39.326709155322185,39.58910070952433,1417900
2022-07-26,39.48573684692383,40.08207802143425,39.33466484131449,39.99461416386903,1368600
2022-07-27,40.41603088378906,40.55120009486085,39.65271187092855,39.81968970592346,1132900
2022-07-28,38.92914962768555,39.7322240766405,38.762174833282295,39.55729636832398,2723500
2022-07-29,40.59891128540039,40.662519438196135,39.80378965998976,39.931008998729524,2131500
2022-08-01,40.19339370727539,40.41602980360225,39.867393993414346,40.177490912312905,1277800
2022-08-02,38.84964370727539,39.71632641378244,38.83374091054198,39.684520820315605,1824800
2022-08-03,39.15974044799805,40.14569260807605,38.97686283627961,40.13773969317837,1545100
2022-08-04,39.31080627441406,39.76402529144706,39.16768416028282,39.52548944561094,2600700
2022-08-05,39.50163650512695,39.8514888744556,38.68266232778036,38.722417796294195,1259900
2022-08-08,40.320621490478516,40.6784268693089,40.24906041471244,40.53530471777675,1127600
2022-08-09,41.211143493652344,41.656409535095435,41.17933790979286,41.33836279594286,1376800
2022-08-10,41.69617462158203,41.84724966320812,41.10778635012207,41.84724966320812,1240900
2022-08-11,42.72188186645508,43.047881590922515,42.55490706363841,42.67417348001541,1412600
2022-08-12,42.95246505737305,42.95246505737305,42.1652934146343,42.41973205946648,980800
2022-08-15,41.235008239746094,41.40198305418219,40.56710594885341,41.107788900202166,1550800
2022-08-16,41.8631477355957,41.99831693322318,41.52919513196985,41.74387829862623,977600
2022-08-17,41.839298248291016,42.0460315653521,41.147543297213566,41.29066542959486,906700
2022-08-18,42.65827178955078,42.77753820053701,42.284563695535105,42.33227207981837,1088900
2022-08-19,42.157344818115234,42.49129441219925,41.974467226143325,42.37997788083791,1447200
2022-08-22,42.14939498901367,42.14939498901367,41.52920110709503,42.022175653411175,1085800
2022-08-23,43.516998291015625,43.58060946540634,42.721876810018124,42.721876810018124,3540600
2022-08-24,42.65827178955078,42.87295193595558,42.30046649029619,42.602613524460956,2716500
2022-08-25,42.9206657409668,43.389787629649476,42.78549651814809,43.278471085410935,2603400
2022-08-26,42.73778533935547,43.71578452825968,42.68212707086769,43.37388200289299,2636000
2022-08-29,43.28641128540039,43.620363876569584,42.88885055452848,42.896803467708615,3954900
2022-08-30,41.401981353759766,42.46744441611107,41.401981353759766,42.45949453471847,4875300
2022-08-31,40.16158676147461,40.95670828386739,40.04232035300443,40.113881411345695,3084400
2022-09-01,39.66861343383789,39.90714929094336,39.40622490096627,39.85944393941106,2091500
2022-09-02,40.42397689819336,41.378123298140004,40.38422143010137,41.00441522515018,3507100
2022-09-06,40.35242462158203,41.3781323005099,40.312669144840704,41.28271551655257,3818500
2022-09-07,39.406219482421875,39.724266237113554,38.976853178783166,39.430072154908174,3384900
2022-09-08,39.27105712890625,39.33466831571717,38.7144713769041,39.056373923141926,2958300
2022-09-09,40.296756744384766,40.32856233145761,39.771976690273746,39.8594405381502,2369500
2022-09-12,40.487586975097656,40.97261159517971,40.40807603511447,40.718172947456,2427400
2022-09-13,39.525489807128906,40.17748920718014,39.39032060540632,39.827636832297095,2483800
2022-09-14,40.718177795410156,41.21115538807378,40.24905591410012,40.3444726932179,3257600
2022-09-15,39.80378723144531,40.04232309788508,39.501640182942616,39.92305364809115,1888300
2022-09-16,39.883296966552734,39.9151025566198,39.175639269874516,39.41417512908151,1817100
2022-09-19,39.45360565185547,39.66320969842932,38.46202579380311,38.56682781709004,2008500
2022-09-20,38.73612594604492,39.179514917018594,38.453970166861865,39.131147112168556,2287600
2022-09-21,38.53459167480469,39.48586428279333,38.53459167480469,39.373001952229906,2807800
2022-09-22,38.671634674072266,39.397179427223044,38.631324069507755,39.171454802945114,1691400
2022-09-23,36.22896194458008,37.12380331306617,36.0274212066424,37.08349578053216,2557900
2022-09-26,36.16447067260742,36.93838637175545,36.01936109460871,36.55948879861798,2660200
2022-09-27,36.68846893310547,37.53494236234871,36.57560662927761,37.08349007177012,2943500
2022-09-28,37.26084518432617,37.47044615686993,35.962922598765765,36.22089444586593,3627500
2022-09-29,37.60749816894531,37.74454437726726,36.57560763013846,36.785211693211956,2607900
2022-09-30,37.50270080566406,38.20406171113836,37.46239327321476,37.58331587056268,2469900
2022-10-03,39.687400817871094,39.83251039181536,39.01828718269923,39.034407735121896,1970100
2022-10-04,41.43677520751953,41.43677520751953,40.49356299449771,40.55805750405398,2068600
2022-10-05,41.331974029541016,41.68668461369931,40.67092066913337,41.02563125329167,1739300
2022-10-06,40.88052749633789,41.017576813872985,40.34846000675335,40.372646989417184,3885800
2022-10-07,41.041748046875,41.60606262222933,40.75959229683135,41.25134902186928,2314600
2022-10-10,39.905067443847656,40.71123042251124,39.905067443847656,40.58224446893578,1517600
2022-10-11,39.340755462646484,39.85669931260624,39.23595340710218,39.421373611245144,2747100
2022-10-12,38.953792572021484,39.25207199535626,38.56683473425184,38.8973614128843,1662800
2022-10-13,40.6547966003418,40.81602980058,39.17951696977345,39.187580321182494,1909500
2022-10-14,41.11430740356445,41.42065016294038,40.49356160902757,41.35615565559077,4569100
2022-10-17,41.59800338745117,42.073639609771156,41.58994311176695,41.58994311176695,2825400
2022-10-18,41.53351593017578,42.11395424353206,41.11431082333709,42.02527582618401,3264700
2022-10-19,41.96884536743164,42.08170769130212,41.41259094940187,41.54157690172065,1660100
2022-10-20,41.79954147338867,42.41222694586916,41.49320181241557,42.178438987284046,2307200
2022-10-21,42.06557846069336,42.16231714323218,41.14655328840638,41.29972312536512,2320400
2022-10-24,42.47672653198242,42.960426167681064,42.21875462305024,42.30743304335838,2442900
2022-10-25,42.541221618652344,42.90399558148549,42.541221618652344,42.7185784616525,2645600
2022-10-26,43.339317321777344,43.50055052118685,42.613772537335805,42.65408006837131,1871700
2022-10-27,43.734336853027344,44.16966555239353,43.61341118922538,43.67790569665773,3195400
2022-10-28,44.153541564941406,44.701732572569846,43.70208924240406,44.58080690975547,1924100
2022-10-31,44.153541564941406,44.48406822466438,43.61341083304249,43.76658374930968,2091300
2022-11-01,45.024200439453125,45.209620627944695,44.70173709808151,45.169310019414034,1450300
2022-11-02,44.1696662902832,45.225737727357654,44.024556721403634,45.225737727357654,2203200
2022-11-03,44.838783264160156,45.14512605201664,44.22610076371484,44.306715830129235,2892500
2022-11-04,46.305999755859375,46.6445898014199,45.781995672034576,46.16089017565739,1630200
2022-11-07,46.65264892578125,47.06379375128857,46.57203386111232,46.86225301434864,1252100
2022-11-08,46.22538375854492,46.70102002290486,46.064150553203525,46.31406217524607,1891900
2022-11-09,45.38697052001953,46.19313341762296,45.34666299019284,45.9190379094271,1315100
2022-11-10,46.08027267456055,46.70907877203732,45.72556209462166,46.11251992962794,2211900
2022-11-11,47.45880889892578,47.72484413114043,47.200837017833194,47.58779483947208,2083200
2022-11-14,46.79774856567383,47.64421886603411,46.79774856567383,47.32981587520889,1684200
2022-11-15,48.01506805419922,48.53101186783378,47.692601633043765,48.144054007607856,2308500
2022-11-16,48.44232940673828,48.99858070779264,48.13598663972536,48.80510333145523,2424800
2022-11-17,48.474578857421875,48.490702485391736,47.63616865459463,47.83770939131651,1805600
2022-11-18,48.03118896484375,48.28109750559334,47.39431951049748,48.135987931811464,2257700
2022-11-21,46.749393463134766,47.039609558295865,45.798120882403566,47.03154928145852,2797000
2022-11-22,48.426204681396484,48.571314247992795,47.62810514038418,47.84576641501126,1616400
2022-11-23,48.579376220703125,48.61968682692925,47.86189171372998,48.007001285395056,1525900
2022-11-25,48.86153793334961,49.13563346520447,48.72448862978834,48.77285951491602,487600
2022-11-28,48.04731750488281,48.66806343475294,47.85384009118732,48.03925722734052,993900
2022-11-29,49.16787338256836,49.538707554055755,48.901838166979225,48.901838166979225,1414400
2022-11-30,50.32069778442383,50.562549167710486,49.67576793795162,50.40131593727541,2051900
2022-12-01,49.740257263183594,50.554480532668876,49.6596391187553,50.489989092394005,1413000
2022-12-02,49.71564865112305,50.04374872487496,49.46136851252048,49.74025529617283,1197200
2022-12-05,49.02663040161133,50.552304849864285,48.846173342004356,50.37184779025731,1586500
2022-12-06,49.313720703125,49.99453373051855,48.9774163398047,49.72384812810214,3443900
2022-12-07,48.600093841552734,49.354726708131615,48.436042266071894,49.0020200450296,1681300
2022-12-08,49.01842498779297,49.66642702436785,48.86257770377854,49.56799732546525,1767700
2022-12-09,48.25559997558594,48.87899235778138,48.1407616547644,48.411447288878726,1382400
2022-12-12,49.01842498779297,49.174275400831114,48.47705695029308,48.55088000672596,1064400
2022-12-13,50.5769157409668,51.06086624499599,50.33904107496409,50.81479040696949,1331500
2022-12-14,49.764862060546875,50.72456189710204,49.69924329724877,50.62613218764286,1172400
2022-12-15,49.51057815551758,50.11756492984829,49.03482888950694,49.945312180026626,1037900
2022-12-16,48.88718795776367,48.91999890282967,48.24739017409645,48.46065818800149,1296200
2022-12-19,49.174278259277344,49.62541779524754,48.96101024873033,49.53518926224872,1232300
2022-12-20,49.871490478515625,50.18318817404426,49.526984969528996,49.65002131029978,1011900
2022-12-21,51.782684326171875,51.79908979699766,50.83939009234237,51.27412411764319,1471100
2022-12-22,50.987037658691406,51.74987486427364,50.45387079319029,51.72526822184315,1122400
2022-12-23,51.84830856323242,51.872918336585315,51.25772719617006,51.290535012267334,930800
2022-12-27,51.987754821777344,52.348665840107586,51.6350449754215,52.061577885643075,963300
2022-12-28,51.257728576660156,52.51271440659537,51.11828362065133,52.49631206261695,1169600
2022-12-29,51.58051681518555,52.0701003555045,51.381362847324894,51.84605332870312,1459400
2022-12-30,51.51413345336914,52.01201361696525,51.207104292554824,51.64690170802443,1033200
2023-01-03,50.98305892944336,52.368830600136796,50.96646250139042,52.169676628946455,1876900
2023-01-04,50.684329986572266,51.38136093452346,50.41049368663874,51.07433494571951,1507900
2023-01-05,50.709224700927734,50.86688601590768,50.33581299129636,50.37730247782319,1097600
2023-01-06,51.30668640136719,51.80456659935172,50.983060790687624,51.248597318338724,2221500
2023-01-09,51.638607025146484,52.34394101977356,51.44775283802016,52.18627652551405,2200000
2023-01-10,52.40201950073242,52.46840204248839,51.746474886626665,52.03690444201795,1701800
2023-01-11,52.5596809387207,52.96628548273096,52.39371983574826,52.86670692168064,1230600
2023-01-12,53.563751220703125,53.879073875766515,52.816927741984195,53.19863611313157,1724300
2023-01-13,53.630130767822266,53.82098811941738,53.46417280800158,53.68821668684854,1419400
2023-01-17,53.032676696777344,53.912268470554494,52.991187205610885,53.57204641283184,1382300
2023-01-18,52.48500442504883,53.97865135210986,52.468407996365364,53.92056543444028,1420900
2023-01-19,52.75054168701172,52.92479944244492,52.12818984722588,52.35223688940221,1260000
2023-01-20,52.94139099121094,53.01607333171881,52.60117214344059,52.957987418595444,1356300
2023-01-23,53.20693588256836,53.54715159826293,53.03267496066154,53.11565710572316,1139900
2023-01-24,53.007781982421875,53.37289392492615,52.59288075280308,53.07416453312939,1283000
2023-01-25,52.76713562011719,52.982882854909214,52.16967686923927,52.40202369760568,2248600
2023-01-26,53.51395797729492,53.58034369239777,52.41861900165898,53.18203573267095,2181800
2023-01-27,52.48500442504883,53.11565605324018,52.37712922132884,53.01607748113937,1177800
2023-01-30,51.90414047241211,52.377127596157095,51.82116149701457,52.19457321719351,1731900
2023-01-31,51.48094177246094,51.53902768735708,50.966462004173785,51.323277290218606,4315900
2023-02-01,50.667728424072266,51.3979521523281,50.003884066829514,51.290080134903974,2258100
2023-02-02,49.9955940246582,50.60964918638752,49.50601048767446,50.56815653450906,2221600
2023-02-03,50.28602981567383,51.30668966777853,50.09517562211429,50.593059017241394,1452900
2023-02-06,49.9955940246582,50.38560216111243,49.27366683129062,50.25283390525811,2087600
2023-02-07,51.26519775390625,51.406265825809704,50.468588108689616,50.50178096860165,2154700
2023-02-08,50.55156707763672,51.3813695825128,50.169858685100614,50.95817169782195,2485600
2023-02-09,51.24859619140625,51.73817974701821,51.032848954475824,51.638604342699935,2053400
2023-02-10,52.883304595947266,52.999476421134844,52.343934955369974,52.52648932404552,1366600
2023-02-13,53.099056243896484,53.33139673433728,52.634365766680176,52.94969156069999,1176200
2023-02-14,53.83757781982422,53.9454561843691,53.07416112575092,53.248418871296565,1368500
2023-02-15,53.655033111572266,53.72971229833314,52.85842029955735,53.256725122842134,1347500
2023-02-16,53.007781982421875,53.4060867830025,52.866713918319995,52.89990677639634,1045600
2023-02-17,51.66349792480469,52.14478485385867,51.48094354261616,52.07010250850357,1491400
2023-02-21,52.02861404418945,52.38542934952671,51.80456700371407,51.82946006417407,1676600
2023-02-22,51.27349853515625,51.85436093297772,51.049451474620305,51.514142025966564,1719500
2023-02-23,52.54308319091797,52.626062157595676,51.88753859165216,52.10328896972569,1276000
2023-02-24,51.94562911987305,51.9622255477731,50.99965488768453,51.15731937001258,2240000
2023-02-27,51.804561614990234,52.24435585307673,51.605407655690904,51.829454672860855,2776800
2023-02-28,51.37306213378906,52.19456783344634,51.16561155124825,52.16967161103906,1586200
2023-03-01,51.60540771484375,51.887540644331736,51.26518887329454,51.580514656944594,3624800
2023-03-02,51.912437438964844,52.07009874980252,51.47264003008953,51.54732237005365,2344500
2023-03-03,52.078399658203125,52.21946771880866,51.23200395635027,51.331579362666176,1863200
2023-03-06,52.66756057739258,52.88330781366179,52.32734171202323,52.567982007934454,1361100
2023-03-07,51.779666900634766,52.484997618259584,51.447744700902675,52.4767009877164,1263200
2023-03-08,51.42285919189453,51.88754654119461,51.18221572003833,51.580520518914895,860300
2023-03-09,50.57646179199219,51.613714892051725,50.52667250362904,51.207110284032474,1451000
2023-03-10,50.62623977661133,51.43114906580876,50.41878918994764,51.02454768859698,1121400
2023-03-13,49.09111022949219,49.879423148556576,48.62641974240966,48.974938399082795,2956300
2023-03-14,49.73836135864258,50.31092711698941,49.24877775064439,49.65538237373931,1373900
2023-03-15,47.589168548583984,47.589168548583984,46.36936111734296,46.37765774892633,2953000
2023-03-16,47.763427734375,47.763427734375,45.66402549005724,46.09552312198332,3093200
2023-03-17,47.099586486816406,47.489594658029084,46.427448516533495,47.414912309614856,2636600
2023-03-20,48.04707717895508,48.32451269492173,47.668753105284665,47.719194177049076,1412000
2023-03-21,49.48470687866211,50.04798691018947,48.938238400149324,49.89665727635785,1849800
2023-03-22,48.896202087402344,49.8714357034482,48.896202087402344,49.341781996043444,1177500
2023-03-23,47.971405029296875,49.31655352212968,47.7948516838544,49.0643385806094,1576800
2023-03-24,46.828033447265625,47.21476328960576,46.25634445985525,46.735553874730506,1301600
2023-03-27,48.089115142822266,48.17318573848617,47.02980767776629,47.37450225132852,2822700
2023-03-28,48.643978118896484,48.93822834249133,48.10591873455912,48.2152098421304,2854600
2023-03-29,48.896202087402344,49.207267125109105,48.870981551316994,49.114787550012835,1608300
2023-03-30,49.72010803222656,50.13206164468476,49.60240791640639,50.123652660933246,1252700
2023-03-31,49.64444351196289,49.85462320778584,49.493113874403356,49.55196393266677,838100
2023-04-03,53.08298110961914,53.368825611544324,52.31792717903812,52.51970108919782,2557100
2023-04-04,52.19182205200195,52.70465780058524,51.8807538023438,52.52810763105226,1837200
2023-04-05,52.72987747192383,52.88120709329021,52.20862957295638,52.72987747192383,1170600
2023-04-06,52.79713439941406,53.16705268472013,52.68784006902023,52.97368455898976,982300
2023-04-10,53.21748733520508,53.27633738129789,52.57854260316011,52.57854260316011,854900
2023-04-11,53.5201530456543,53.80599753584698,53.41926769825905,53.58741208197604,1540700
2023-04-12,53.856441497802734,54.32724836316002,53.77237090497378,54.091841723393834,893900
2023-04-13,54.167503356933594,54.512194671122934,54.04139427547922,54.512194671122934,1199200
2023-04-14,54.604679107666016,54.655126593252604,54.15069663661104,54.53742648384207,977600
2023-04-17,54.083431243896484,54.52060211117233,53.87325158547702,54.470161045687384,1291500
2023-04-18,53.965736389160156,54.31042772707197,53.646262379352706,53.78918302155578,2927300
2023-04-19,53.5958137512207,53.789178655198185,53.16704865232927,53.22589870105776,2412000
2023-04-20,53.410858154296875,53.42767291320074,52.91483399143864,52.931648750342504,754300
2023-04-21,53.343605041503906,53.36882557760001,52.92324566876879,52.9568751882886,621200
2023-04-24,54.12546920776367,54.23476674708833,53.57900396075233,53.595818720103246,1339800
2023-04-25,53.17545700073242,53.696701689158324,52.93164781158148,53.65466639618785,915400
2023-04-26,53.284751892089844,54.49538566072414,53.04094270035843,54.46175614315692,1400400
2023-04-27,52.771915435791016,53.25953063491365,52.46925617774164,52.713065380846686,2009600
2023-04-28,53.74715042114258,53.77237095759844,52.52810758140449,52.662622454314985,1156000
2023-05-01,53.015716552734375,53.65466128342739,52.83916320774253,53.4865169204807,1112700
2023-05-02,51.01481246948242,51.89756648896739,50.67011792065162,51.89756648896739,1989900
2023-05-03,50.459938049316406,51.03162703650381,50.34223794144031,50.426308530755406,2652700
2023-05-04,50.66170883178711,51.16614198978903,50.174093640181404,50.81303845847894,1711400
2023-05-05,52.05730438232422,52.38518739458323,51.63694499988134,51.653759760029565,811600
2023-05-08,51.67057418823242,52.61218150795839,51.63694466815202,52.54492246779758,1028800
2023-05-09,51.3595085144043,51.53605868202667,50.75418998874184,50.86348432411701,1046100
2023-05-10,51.22500228881836,51.805097169097664,50.762607540153276,51.805097169097664,845100
2023-05-11,50.434722900390625,50.434722900390625,49.837810106988215,50.106839870033916,717900
2023-05-12,50.67011642456055,51.1493258269057,50.40949247305689,50.939146151944236,822500
2023-05-15,51.19136047363281,51.28384004258127,50.74578059461274,50.922330749648545,741400
2023-05-16,50.10683822631836,50.80463635620025,50.039582391307086,50.61127142079732,701700
2023-05-17,50.49357223510742,50.87189312908178,50.09843337321063,50.39268367009907,1313500
2023-05-18,50.4515380859375,50.771012155208275,50.06480817460802,50.762606377608925,1195600
2023-05-19,50.804630279541016,51.258619138144915,50.804630279541016,51.10728951861029,1042200
2023-05-22,50.82985305786133,51.05684749718488,50.63648813704957,50.69533819090152,1093900
2023-05-23,51.578094482421875,51.92278904466413,51.32587949662541,51.435173833069314,1183200
2023-05-24,51.2418098449707,51.57809542984728,50.930744797010775,51.45198953817642,1369900
2023-05-25,49.85462188720703,50.073210561041876,49.35019191342865,50.02276628082901,974600
2023-05-26,50.165679931640625,50.333824301802956,49.82939439840308,50.05638881705916,725900
2023-05-30,48.63558578491211,49.03913366838583,48.34133546059586,48.98868938117962,1976400
2023-05-31,47.33245849609375,47.69396776561151,46.97935820889244,47.31564373854791,1826300
2023-06-01,48.4169921875,48.980272201834346,47.912562228183056,47.99663281904005,1580700
2023-06-02,49.77054977416992,49.97232047468507,49.593999609447295,49.7201054954974,1545400
2023-06-05,49.03913116455078,50.14047078540638,49.03913116455078,50.14047078540638,1663500
2023-06-06,48.929832458496094,48.929832458496094,48.20681381198258,48.26566386859763,1950200
2023-06-07,49.55195999145508,49.669663305707786,49.03912426839009,49.114785874064324,1109500
2023-06-08,50.01435852050781,50.05639381547408,49.375410491505804,49.82099039090561,2823100
2023-06-09,49.66966247558594,49.930283220785604,49.28292943510808,49.56877392219832,1710100
2023-06-12,48.65239715576172,49.16523614846696,48.526291257169014,48.97187120495459,1162700
2023-06-13,48.77849578857422,49.58558491179946,48.719645740448655,49.156819817300764,949300
2023-06-14,48.83735656738281,49.61081634531534,48.66921216132728,49.40904562371894,2143400
2023-06-15,49.37540817260742,49.56877308604088,49.02230786296909,49.072748931724696,2938900
2023-06-16,49.463191986083984,50.04270585780942,49.27570124788346,49.86373594817083,1517900
2023-06-20,48.81550216674805,49.190483671454444,48.568359107990894,49.15639385266585,1615300
2023-06-21,50.08531951904297,50.358031563222475,49.369449590325765,49.41206023766931,2000700
2023-06-22,48.934814453125,49.37797235503464,48.79845842569004,49.309795966809226,1624500
2023-06-23,48.28711700439453,48.75584057629344,48.17632673253287,48.423473011692096,1240200
2023-06-26,48.994468688964844,49.27570154698893,48.6535770267099,48.6535770267099,950600
2023-06-27,48.346771240234375,48.60243834059479,48.13371478143677,48.55130687111284,2720000
2023-06-28,48.253028869628906,48.474609421065985,47.75873954508669,48.18485248909857,2065700
2023-06-29,48.62800216674805,48.6365229937631,48.10814394228298,48.43199063556967,1873000
2023-06-30,49.12229919433594,49.27570011278745,48.73879689820716,49.096733458255265,1542100
2023-07-03,49.54841613769531,50.00861893023351,49.54841613769531,49.89782864662602,592400
2023-07-05,48.832550048828125,49.30127370726066,48.62801762561376,49.30127370726066,1268900
2023-07-06,47.204795837402344,47.80135466507328,46.82129350168645,47.71613336868489,1757300
2023-07-07,47.843955993652344,47.988836070472026,47.102520456349964,47.11956536250425,898000
2023-07-10,48.05701446533203,48.449037570418284,47.826913099046564,48.15928065557549,885200
2023-07-11,48.90072250366211,48.95185397645883,48.440519742588975,48.542785939166194,864300
2023-07-12,49.761470794677734,49.94896153681247,49.676249503334965,49.68477033207569,989400
2023-07-13,50.221675872802734,50.54552264652362,50.017140212825325,50.366552724924375,960000
2023-07-14,48.82402420043945,49.67625012852819,48.73879965704023,49.67625012852819,1076300
2023-07-17,48.59392547607422,48.98594864426911,48.585401395774625,48.79845788948716,1325300
2023-07-18,49.309783935546875,49.463184835355406,48.83253633047773,48.91776085869544,1557800
2023-07-19,49.94895935058594,50.11088109744355,49.64215751360625,49.64215751360625,1108700
2023-07-20,50.818233489990234,51.056855711830664,50.528476541619455,50.724488116843226,1464100
2023-07-21,51.25286102294922,51.29547166435802,50.835272185766016,51.13354992661116,1242700
2023-07-24,51.619319915771484,51.87498702276074,51.52557455131257,51.61079908763143,772500
2023-07-25,51.44035339355469,51.51705385094006,50.869360377245044,51.099461749401144,874800
2023-07-26,50.88640594482422,51.03128603331364,50.36654764368731,50.39211663046998,872700
2023-07-27,50.42620086669922,51.176160508357256,50.2898448637599,51.07389431889865,1120400
2023-07-28,51.05685806274414,51.36365993408507,50.57108951678236,50.77562518133768,1386500
2023-07-31,51.85794448852539,52.19031531890278,51.7897681073342,51.892034304612885,925500
2023-08-01,51.431827545166016,51.78976408431267,50.92901417537721,51.52557290663261,842900
2023-08-02,49.68476486206055,50.647780952933715,49.403532030804485,50.55403559218719,1595700
2023-08-03,50.51994705200195,50.75857249927419,49.880777668242885,50.00861284538814,913700
2023-08-04,51.67897033691406,52.40336419430667,51.53409351602553,51.568180076186565,1420300
2023-08-07,51.99429702758789,52.122132203882046,51.500007731283226,51.94316555785709,1506400
2023-08-08,51.85794448852539,51.91760004118661,50.71596165746465,51.090943132459515,714800
2023-08-09,53.2982063293457,53.62204981704586,53.119239678092924,53.204460964122724,1562800
2023-08-10,53.96294021606445,54.65324106951069,53.80953930396893,54.28678694726428,2029200
2023-08-11,53.32377243041992,53.50273908289927,53.01697059703607,53.05958124034301,1486800
2023-08-14,52.51416015625,52.693130069775584,52.18179256839144,52.61642960711716,1006600
2023-08-15,52.09657287597656,52.56529649506057,52.0283932399725,52.522685848050024,913400
2023-08-16,51.96873474121094,52.63346989968977,51.92612409661323,52.12213566254971,843900
2023-08-17,52.21588134765625,52.90618549786363,52.14770171509975,52.616428561466144,1081900
2023-08-18,52.76130294799805,52.96583858516207,51.98577754418157,52.02838818705384,1206800
2023-08-21,53.417518615722656,53.69875146664957,53.178896408756344,53.587964442548774,1168300
2023-08-22,53.34933853149414,53.81806536403093,53.23855150833428,53.749885733486046,1552000
2023-08-23,52.948795318603516,52.99140596279621,52.10509025925958,52.47154765108754,1599100
2023-08-24,52.5652961730957,53.11072025385155,52.46302997069997,52.46302997069997,1097600
2023-08-25,53.05958938598633,53.22151440678839,52.607910645820986,53.068113466546535,1034500
2023-08-28,53.340816497802734,53.58796277646749,53.119239205506375,53.289681776049584,688400
2023-08-29,53.869197845458984,53.869197845458984,53.17889695366631,53.4430848995193,1011700
2023-08-30,53.82658004760742,54.33791421438615,53.82658004760742,54.244172109563955,1664100
2023-08-31,53.61353302001953,54.03964598417514,53.41752144662602,53.86067931946592,1718100
2023-09-01,54.44019317626953,54.86630288917098,54.09930150476767,54.71290196209353,903000
2023-09-05,54.37200927734375,54.94300229468052,54.24417734879396,54.840732850660295,902600
2023-09-06,54.65324401855469,54.840734754784634,54.11634404823329,54.44871162537999,1620600
2023-09-07,54.42314529418945,54.81516841930968,54.33792075547827,54.56802213352286,672000
2023-09-08,54.83220672607422,55.241277984928054,54.7469854435534,54.806640991514676,689200
2023-09-11,55.09640884399414,55.95715887210955,55.09640884399414,55.710012566929166,1228300
2023-09-12,56.11907196044922,56.229865484258205,55.582172005723436,55.63330347703998,1557900
2023-09-13,56.221343994140625,56.29804120464748,55.54808474894282,56.29804120464748,1214900
2023-09-14,56.53666305541992,56.80938158516589,56.221343633844484,56.3236065805316,1098900
2023-09-15,56.3261604309082,57.00769998803164,56.265771183159764,56.62810666965039,1292400
2023-09-18,56.481449127197266,56.64536562373365,56.179502882473265,56.57634745867259,982200
2023-09-19,57.22338104248047,57.62022564014859,57.085344704890765,57.318279379089674,1071000
2023-09-20,57.240631103515625,57.965308696923756,57.18024185255951,57.499445940147396,1208600
2023-09-21,56.52457809448242,57.51669278295585,56.455566514346394,57.41317212178471,882200
2023-09-22,56.602237701416016,57.08535177897838,56.5504773593731,56.91281291754487,730400
2023-09-25,57.10260009765625,57.11985134815027,56.35204235344232,56.679868768305234,1012100
2023-09-26,56.41243362426758,56.57635012853927,55.99833777822884,56.07597828113555,1200100
2023-09-27,57.11985778808594,57.1629957920864,56.59360573256978,56.861049509889085,1695200
2023-09-28,57.663360595703125,58.08609196904668,57.51670191447058,57.83590602827251,2047500
2023-09-29,56.73163986206055,57.741005929634106,56.498705180660465,57.68061667555539,1475300
2023-10-02,55.74814987182617,56.98182161341261,55.48070612458912,56.89554561511608,1394500
2023-10-03,55.54109191894531,55.59285883108966,54.98033416554347,55.30816385106532,1045000
2023-10-04,54.19527053833008,54.86818115706483,53.8933243096586,54.859555532374394,1150500
2023-10-05,54.29017639160156,54.54036232488227,53.72941527093343,53.72941527093343,1035200
2023-10-06,55.20464324951172,55.53247295492638,54.143510342273956,54.79054083689991,1398600
2023-10-09,56.13636779785156,56.21401488305951,55.54109761168499,56.041469461450085,1492600
2023-10-10,56.51596450805664,56.843790955729,56.13637113985217,56.360676910330746,1161900
2023-10-11,56.69712829589844,57.37003897817194,56.42969112267044,57.25788939177128,1261400
2023-10-12,56.47282409667969,56.94731578670361,56.05009932498061,56.938686869993646,849200
2023-10-13,57.335533142089844,57.715126505156,57.0680959537124,57.49082073771371,1101600
2023-10-16,57.41317367553711,57.585712503447844,57.119849769767605,57.54257450550297,1072500
2023-10-17,57.801395416259766,57.96531192739077,57.162993787439916,57.17161612238939,1285100
2023-10-18,57.83590316772461,58.12922051568229,57.715124661867335,57.991190758388946,1010300
2023-10-19,57.85315704345703,58.05158264461478,57.266515738995906,57.395923167408775,1319700
2023-10-20,56.835166931152344,58.051587648373385,56.81791567744676,57.83591077640674,2301400
2023-10-23,56.94731521606445,57.378668900151126,56.67124912152638,57.12848297354867,1212800
2023-10-24,56.24851608276367,57.06809200707418,56.24851608276367,57.01632509082283,1546600
2023-10-25,56.602237701416016,56.83516582254482,56.283033567634796,56.4900880996778,1451400
2023-10-26,56.63674545288086,57.02496117290821,56.360679331943835,56.63674545288086,1557400
2023-10-27,57.17162322998047,58.474313400224595,57.0594736242792,58.344905958608734,3697000
2023-10-30,57.75825881958008,58.19824144430985,57.516701796414,57.95668442114378,1738500
2023-10-31,57.4563102722168,58.04295155471718,57.25789126042202,57.55120861070473,2096600
2023-11-01,57.84452438354492,58.439787916898105,57.671978982480624,57.965302873322905,1582200
2023-11-02,59.21623611450195,59.38015262867286,58.491565049202535,58.603714643041194,1211000
2023-11-03,57.326900482177734,58.06882932594633,56.98182280948651,58.04294915868796,2026600
2023-11-06,57.75825881958008,58.31039103879832,57.68924722862922,58.31039103879832,1329800
2023-11-07,56.49870300292969,56.886925262987525,56.308906331159385,56.86966742995307,1202600
2023-11-08,55.77403259277344,56.68850029557159,55.64462517133684,56.63673995977091,1387900
2023-11-09,56.11048889160156,56.6194830874395,56.11048889160156,56.170878145038856,1397100
2023-11-10,57.439056396484375,57.490816730773076,56.70575647234417,57.40454731298035,2098800
2023-11-13,57.913543701171875,58.0256998723349,57.5080767638388,57.57708835155267,875400
2023-11-14,58.45705795288086,58.689986065531805,58.16373400079718,58.18099183547379,1241900
2023-11-15,58.103336334228516,58.72448665398158,58.05157600156058,58.431169326284,1207100
2023-11-16,57.309654235839844,57.456312917733946,56.80928235203439,57.370043492027726,1302000
2023-11-17,58.15510559082031,58.388033679140825,57.896290753188865,57.93079983700204,1175900
2023-11-20,59.19036102294922,59.51818749747843,58.83664779506559,58.96605523409462,1340200
2023-11-21,59.48366928100586,59.57856761627008,59.19898085714796,59.457789113558306,1294000
2023-11-22,58.74174880981445,58.810766987474786,57.33553799514764,57.49082560391553,1379100
2023-11-24,59.337013244628906,59.8287561937637,59.29388182428009,59.5095586718293,560200
2023-11-27,59.26799392700195,59.785623616652735,59.12133525317053,59.742485615203535,979000
2023-11-28,59.50093460083008,59.96679741930913,59.49230568328354,59.733862719101815,961200
2023-11-29,58.54331970214844,58.931535366295,58.27588253715568,58.733116367085714,1136900
2023-11-30,58.707237243652344,59.48366858574297,58.396662074042226,59.08682399833774,941100
2023-12-01,58.120582580566406,58.69859478658476,57.96529503158339,58.22410322526632,1342900
2023-12-04,57.128482818603516,57.482189415989126,56.9731952294761,57.111224985403325,1774700
2023-12-05,56.36067581176758,57.45631130963579,56.36067581176758,57.3614129694344,1750500
2023-12-06,55.93794250488281,56.94731512632554,55.88618216909314,56.85241678942123,1835300
2023-12-07,56.51596450805664,56.576353763731426,56.1795091433064,56.39518599670708,1268400
2023-12-08,57.43043518066406,57.52533352754088,56.843793846305374,56.886931851953214,893700
2023-12-11,57.39592742919922,57.663364641024515,57.2061307310255,57.430436518134044,775600
2023-12-12,57.21474838256836,57.43905412550879,56.92143105728307,57.08534097002833,1785300
2023-12-13,57.85315704345703,57.87903721275256,56.93868929136051,57.29240249022666,896000
2023-12-14,58.43979263305664,58.560571132581586,57.93942738442525,57.97392988548845,1099600
2023-12-15,57.741004943847656,58.638221404795836,57.56846610140702,58.58646106845063,2597600
2023-12-18,58.43117141723633,59.112704428200914,58.362153249919636,58.897027591787264,1061800
2023-12-19,58.57783126831055,58.69860977258447,58.42254367968196,58.500184183028836,947800
2023-12-20,57.973934173583984,58.88840848582869,57.973934173583984,58.64685146891181,838500
2023-12-21,59.00918197631836,59.00918197631836,58.39666056924185,58.482929984813914,800900
2023-12-22,59.06093978881836,59.51817359557866,59.0005505423016,59.42327526791887,879300
2023-12-26,59.48366928100586,59.75111303581173,59.00055527015875,59.00055527015875,504700
2023-12-27,59.66484451293945,60.07031144559765,59.49229909080685,59.78562301746485,934400
2023-12-28,58.41569519042969,59.20132304824785,58.41569519042969,59.03546642830886,1017900
2023-12-29,58.81723403930664,59.026739231315744,58.668839523178896,58.97435960339434,574700
2024-01-02,58.983097076416016,59.48066030692051,58.90453761573378,59.10530512181439,1173100
2024-01-03,59.018009185791016,59.34971575568214,58.380775870656734,58.70375805227799,1238100
2024-01-04,59.40209197998047,60.1615266259128,59.323525871185886,60.039318598754996,1311100
2024-01-05,59.55050277709961,60.03060396942995,59.42829471651808,59.75127030812363,817000
2024-01-08,58.18000793457031,58.39823751672561,57.91812977204862,58.39823751672561,923100
2024-01-09,57.1587028503418,57.769743099417845,57.08886777620761,57.75228766080391,1188700
2024-01-10,56.75715255737305,57.42930346814297,56.64367556067637,57.38565488334633,2157800
2024-01-11,57.06267547607422,57.4904036068599,56.608754200276785,57.429299588176235,2139000
2024-01-12,57.90067672729492,58.03161581396399,57.49040403032321,57.8570281451257,1646300
2024-01-16,56.2857780456543,57.027757309964926,56.12865247651946,56.82698315946657,1456500
2024-01-17,55.15098190307617,55.29937642497824,54.74944025919137,54.99385633287442,1532900
2024-01-18,55.8405876159668,55.87550514896038,54.95021050414575,55.36921091031108,1407200
2024-01-19,55.744571685791016,55.744571685791016,55.30811246912171,55.68346766185088,1717800
2024-01-22,55.22080993652344,55.28191728076533,54.63595627659923,54.92401758270426,2022300
2024-01-23,55.22954559326172,55.25573207875139,54.845462709762785,54.91529444770836,2305600
2024-01-24,56.076271057128906,56.26831415325742,55.64854294473973,56.1199196370993,3297600
2024-01-25,56.661136627197266,56.661136627197266,55.63982036608045,56.0064478261981,2061700
2024-01-26,57.2110710144043,57.342010102433726,56.44290524305093,56.792067264677854,1934500
2024-01-29,57.21980667114258,57.263448597441354,56.56511783810817,57.10632301111953,1901300
2024-01-30,57.6213493347168,57.72609528748395,56.940474002373044,57.10632398086747,1227000
2024-01-31,56.896820068359375,57.630068308176405,56.80952956264383,57.54277780246086,2379900
2024-02-01,57.132503509521484,57.80465437048348,56.940467066227995,57.149965606081764,2668600
2024-02-02,56.189754486083984,56.57383401703292,56.13737485835231,56.530192097067804,1378100
2024-02-05,55.7532958984375,56.050088280303086,55.21208743618355,55.44777579795205,1440000
2024-02-06,56.78334045410156,57.05394300727229,56.425440739408835,56.469089320169836,2270800
2024-02-07,55.037506103515625,55.22081817382891,54.68834073100264,54.90657033754308,6332500
2024-02-08,56.03263473510742,56.15484277942818,55.238275787183575,55.33429734484116,3348900
2024-02-09,56.13737869262695,56.32942180113739,55.945335584116506,56.2246758581962,3474600
2024-02-12,56.41671371459961,56.582570341513275,56.032634147833704,56.21594621239356,3213300
2024-02-13,56.24213409423828,56.98411341962991,55.96280046609653,56.92300939659387,3306700
2024-02-14,56.41671371459961,56.77461345481565,56.19848411490851,56.50401088234713,4014500
2024-02-15,56.73969268798828,56.73969268798828,55.51760566735622,55.561254248743914,2849900
2024-02-16,56.259586334228516,56.547650994954324,56.10246076109068,56.355607887803785,1664700
2024-02-20,55.22080993652344,55.805666926366676,55.08987419008262,55.805666926366676,1282700
2024-02-21,55.94533920288086,55.98898778848885,55.33429896340377,55.52634208433632,1905700
2024-02-22,55.98898696899414,56.23340306120753,55.5176102226516,56.0064490669174,1253800
2024-02-23,56.31196212768555,56.50400522174896,55.71837740959782,56.04135292248793,1004700
2024-02-26,56.12865447998047,56.14610991724585,55.55252515264218,55.666005474383304,1026900
2024-02-27,56.33815383911133,56.6873225280046,56.25958772068691,56.51273485363856,736600
2024-02-28,55.79694366455078,56.42544599090876,55.79694366455078,56.22467848433491,1000500
2024-02-29,55.927879333496094,56.198481895276814,55.50887891822848,56.146108924567926,991800
2024-03-01,56.30323028564453,56.65239893721305,55.927875150680045,56.21593978771193,889900
2024-03-04,56.15483856201172,56.617484217885334,56.0326305268692,56.57383563683225,787000
2024-03-05,56.00644302368164,56.27704557374219,55.762023627922204,55.83185536248265,1594900
2024-03-06,56.949188232421875,57.333274416953856,56.83571125055476,57.04520977855487,1238100
2024-03-07,57.30709457397461,57.48167559089817,57.027760950993574,57.062678486346066,841700
2024-03-08,57.42930221557617,57.83084387955925,57.245990151138614,57.726091274235415,732300
2024-03-11,57.69989776611328,57.70862881378746,57.09758867335571,57.37692226038709,716900
2024-03-12,57.84830093383789,57.98797107817292,57.51659433080074,57.68245096223883,760700
2024-03-13,59.17514419555664,59.4108292533822,58.75614039739633,58.77360249639938,2218300
2024-03-14,59.41954803466797,59.62032217271295,58.9918199351576,59.23623599202067,1116600
2024-03-15,59.445735931396484,59.91711262077115,59.14021585305315,59.63777902630893,1406500
2024-03-18,60.161312103271484,60.329165208028435,59.30438776425771,59.67543182424707,2143600
2024-03-19,60.42634582519531,61.0712430956508,60.41750967710511,60.638366199317076,2297200
2024-03-20,61.1242561340332,61.23026295610281,60.2938334144533,60.382174679513476,1312300
2024-03-21,60.090633392333984,60.98289553712911,60.01112828775105,60.620694382908816,3114700
2024-03-22,59.93162155151367,60.205488217322184,59.92279214358886,60.143648661818204,878200
2024-03-25,60.329166412353516,60.64720033297556,59.54291775859511,60.187815007629965,1557800
2024-03-26,59.76377487182617,60.709040495359595,59.71076472452113,60.709040495359595,1713100
2024-03-27,60.44401550292969,60.59419633067289,60.06414198922202,60.187821110893665,1781100
2024-03-28,60.80622482299805,60.97407121188446,60.44401685854573,60.523528718550274,821200
2024-04-01,61.610130310058594,61.67196986342664,60.64719915904094,61.20375513935341,943400
2024-04-02,63.341636657714844,63.341636657714844,62.24619038872922,62.49354857140291,3379200
2024-04-03,63.78335952758789,63.90703863812844,63.200301826469,63.42115834386371,1091800
2024-04-04,64.10138702392578,64.46359491133478,63.968878518781366,64.3664175142253,1098700
2024-04-05,64.3752670288086,64.41060488418682,63.75686466969978,64.1720760453855,950400
2024-04-08,65.08200073242188,65.42653638049582,64.8699803505317,64.96715776306603,1087700
2024-04-09,64.51660919189453,65.26752005435128,64.29575265940687,65.13501152686388,805600
2024-04-10,64.80812072753906,64.81695687321742,63.986534419564364,64.33106996097268,1374600
2024-04-11,64.44593048095703,65.31169101357031,63.8275349148091,65.31169101357031,930500
2024-04-12,64.03955078125,65.14383331450375,63.93354397166129,64.76395985346423,974600
2024-04-15,63.756866455078125,64.55195137333601,63.606685620520224,64.41060668787179,3077300
2024-04-16,63.38582229614258,63.60667881982252,62.917607544342104,63.45649800132165,1326400
2024-04-17,63.38582229614258,63.977716162003325,62.802757838424554,63.59784267167358,1680600
2024-04-18,62.57307052612305,63.59784126858638,62.46705697069329,63.429994897496854,2048900
2024-04-19,63.65086364746094,63.66852920675748,62.81160467071697,62.917618246518295,1361600
2024-04-22,64.12789154052734,64.33991863807827,63.24446552074872,63.544833872276385,864600
2024-04-23,64.4636001586914,64.63145326554476,63.78335832355324,64.07489053861245,775700
2024-04-24,64.26040649414062,64.43709574128214,63.836365781012226,64.36642004242553,1125200
2024-04-25,65.15267181396484,65.16150796175145,63.82753272622318,64.02188753749292,1390400
2024-04-26,65.86824035644531,66.23044825139085,65.37352395359821,66.00075560435235,2495400
2024-04-29,65.79756927490234,65.95658621925651,65.52370264073363,65.77989698108229,1499800
2024-04-30,64.02189636230469,65.6562334477961,64.00422406429551,65.63856788979379,1735400
2024-05-01,63.323970794677734,64.13672103091405,63.19145555746411,64.06604533906611,894400
2024-05-02,63.07662582397461,63.65085414549665,62.988284560664994,62.988284560664994,1322200
2024-05-03,63.279815673828125,63.31515353029069,62.81160087071141,63.235648408255145,744300
2024-05-06,63.633182525634766,64.21624700169116,63.633182525634766,63.99539047106491,1079100
2024-05-07,63.553672790527344,64.0748909297184,63.553672790527344,63.93354626519433,719100
2024-05-08,63.739200592041016,63.91588313302797,63.39466491911163,63.50950789675245,1027900
2024-05-09,65.11734008789062,65.28519321159507,64.64028916263055,64.71980102017719,1009600
2024-05-10,65.21451568603516,65.55905133245776,65.03783315864125,65.51488407061247,625400
2024-05-13,65.4265365600586,65.75340665220813,65.21451617758653,65.21451617758653,648300
2024-05-14,65.34703063964844,65.55905101951032,65.14383966810962,65.50604760954644,717800
2024-05-15,64.91413879394531,65.2498382131447,64.26923491442525,65.06431958095519,881900
2024-05-16,63.739200592041016,64.29575666215614,63.6331870234447,64.15441197736794,1049500
2024-05-17,64.657958984375,64.76396580370317,64.22507533876392,64.3134233415458,944200
2024-05-20,63.995384216308594,64.58727804293511,63.968882513624685,64.55194019268798,505600
2024-05-21,63.47417449951172,63.836382495988474,63.35049536413121,63.66852935225462,838500
2024-05-22,62.25504684448242,62.6525859477521,61.88400944942977,62.55540852428491,1219700
2024-05-23,62.28154373168945,63.32398686091232,62.14902846085474,63.16496988391199,1034300
2024-05-24,63.18263626098633,63.385827244236324,62.8381005963506,63.03245543076188,836400
2024-05-28,63.73036193847656,63.82753935420252,63.36816072168523,63.56250881313051,566500
2024-05-29,62.74091720581055,63.2091386895904,62.484729573939184,63.2091386895904,737000
2024-05-30,62.63490295410156,62.732080350518785,62.087176423386786,62.104848717283716,940500
2024-05-31,64.59611511230469,64.59611511230469,63.58900995590985,63.67735121278546,1716100
2024-06-03,62.83808898925781,64.01304718752591,62.785085586029496,64.00421104031935,941000
2024-06-04,62.13136672973633,62.16670458680228,61.31861623724043,61.77799489908378,1343400
2024-06-05,62.26387405395508,62.82043006662296,62.025345234235836,62.82043006662296,2383000
2024-06-06,62.57307052612305,62.6702479335988,61.96350437741259,62.034180081032424,1104200
2024-06-07,61.601295471191406,62.43171129463139,61.574787030651585,62.08717570767119,1437000
2024-06-10,62.19320297241211,62.44939736744983,61.247937251414086,61.451121493680986,2729200
2024-06-11,60.638370513916016,61.12425759335711,60.576530952896846,60.84156149441138,2498200
2024-06-12,60.965232849121094,61.565962825345075,60.7885435972871,61.38044416592373,1304100
2024-06-13,59.51641845703125,60.072974470577,59.19838452357475,60.002298765363065,2158200
2024-06-14,58.11177062988281,58.24428589938371,57.53754228871664,57.97925536038191,4347900
2024-06-17,58.800838470458984,59.07470514192117,58.350296016774514,59.07470514192117,1396300
2024-06-18,59.6582145690918,59.926699271970186,59.362875250704626,59.4792179391496,1112000
2024-06-20,59.49711990356445,60.10569477794108,59.26442770300255,59.36287414062401,1840200
2024-06-21,58.85274887084961,59.30023021938218,58.709551561867904,58.969091563379614,1366800
2024-06-24,60.338382720947266,60.42787762404574,59.49712243819346,59.506067148886906,1385300
2024-06-25,60.63372802734375,60.660575818119234,59.93565815508475,60.17729510008821,998100
2024-06-26,59.264427185058594,59.48816784532956,59.14807767178292,59.30022651006472,1222200
2024-06-27,59.59556579589844,59.81930648171218,59.3091779911778,59.75665936280529,874300
2024-06-28,59.67611312866211,60.14149072848414,59.35392601031472,59.66716158981259,1788000
2024-07-01,61.40339660644531,61.60028950964546,60.84851722724708,61.33179794564087,1227300
2024-07-02,61.4391975402832,61.86877586027272,61.27810396328107,61.63609044862185,1377600
2024-07-03,62.620540618896484,62.772682637731094,62.3878484072519,62.59369283063432,892700
2024-07-05,63.443912506103516,63.56920675217823,62.8532406071833,63.542358960594264,1277000
2024-07-08,62.334144592285156,63.22015562795376,62.15514798082214,63.02326276935572,1377400
2024-07-09,60.938011169433594,61.43919495906438,60.90221866762511,61.045409158931044,902100
2024-07-10,60.982757568359375,61.304944685209655,60.75006535551784,61.14385112678452,694700
2024-07-11,61.22440719604492,61.34074989961998,60.82166984731745,61.03645900315761,637500
2024-07-12,62.04777526855469,62.226765105150506,61.63609318196465,61.985128142943694,853500
2024-07-15,61.8687629699707,62.14620602301755,61.58237520697157,61.71662096450741,1455400
2024-07-16,61.14385223388672,61.16174848380311,60.47263019963239,60.77692107239997,1318200
2024-07-17,61.27809143066406,61.94036185488094,61.072247024584584,61.215444320643854,1289000
2024-07-18,62.0119743347168,62.495255074678525,61.707683426730036,62.36100928668509,1327500
2024-07-19,61.08120346069336,61.34074345959612,60.920109903720046,61.1796499026228,1168600
2024-07-22,61.37654495239258,61.734531405857716,61.25125071788333,61.403392741498315,1175000
2024-07-23,60.13254928588867,60.75006893959734,60.09674995656842,60.6695255696447,1200200
2024-07-24,60.19519805908203,60.776925227477555,60.150447189196186,60.445786543184944,1012000
2024-07-25,60.52632522583008,61.02750898322876,59.506068289302966,59.944604930529756,1319000
2024-07-26,60.72321319580078,60.90220981895624,60.275731879946655,60.34733052920884,696900
2024-07-29,60.24888610839844,60.42787590951689,59.62241497646062,60.401028122151445,1023400
2024-07-30,60.47262954711914,60.6426746455963,59.78351127038416,59.890902424770964,1045900
2024-07-31,60.660579681396484,61.090164845235435,60.436838973319325,60.9290712622989,1120900
2024-08-01,59.899864196777344,60.49053613088421,59.452382768989686,60.32944937178438,1116300
2024-08-02,59.568721771240234,60.27574320246319,59.09439257981802,60.2220476194416,1572700
2024-08-05,58.718505859375,58.8795994255361,57.868293988428206,58.27997602905683,1307900
2024-08-06,58.15467834472656,58.60215968775824,57.2686637833587,57.35815527234863,1222600
2024-08-07,59.22863006591797,59.76560630496241,59.1122873763324,59.174934490420526,878300
2024-08-08,59.74770736694336,59.96249648729019,59.26442672514572,59.336025374602336,1133900
2024-08-09,60.087791442871094,60.284684317267285,59.55081522144164,59.6671579072107,683200
2024-08-12,60.37419128417969,60.65162757463578,60.08780345363726,60.54423640569767,730900
2024-08-13,60.51737594604492,60.5710715192745,59.8372024303705,60.09674241435184,936800
2024-08-14,60.80377197265625,60.946962463385375,60.59792753395466,60.651623114475086,485100
2024-08-15,61.18860626220703,61.46604253239918,61.00960961367664,61.215454052480595,835100
2024-08-16,61.4391975402832,61.56449178594884,61.000667680453496,61.13490663793504,653000
2024-08-19,61.77927017211914,62.513139266475754,61.77031863384002,62.16410438184414,847400
2024-08-20,61.4391975402832,62.003021645778546,61.4033982089467,62.003021645778546,920000
2024-08-21,61.564483642578125,61.99406190574567,61.51078806668803,61.779272774161896,910100
2024-08-22,61.26019287109375,61.48393354166462,61.14385018048532,61.39443863904095,834000
2024-08-23,62.40574264526367,62.41468735473511,61.54657257443126,61.56447564941912,879300
2024-08-26,63.023277282714844,63.094875943788196,62.72793792680536,62.781640336622445,2259200
2024-08-27,62.799530029296875,62.978526663286424,62.45049512804653,62.951672047170426,2658200
2024-08-28,62.2088623046875,62.361004332582155,61.94932228932515,62.1193673958097,571200
2024-08-29,62.289398193359375,62.38784462970877,61.86876466132521,62.119359935320176,754800
2024-08-30,61.75242614746094,62.074613264906965,61.313896337390766,61.95827057228282,1112800
2024-09-03,59.8551025390625,60.60687475287644,59.76560763523366,60.60687475287644,1178100
2024-09-04,59.49711990356445,60.46367437508475,59.398673465943,60.007248340319634,1255000
2024-09-05,59.792449951171875,60.46367191049091,59.74770591736433,60.4099763387127,1135100
2024-09-06,59.336029052734375,60.10569751204581,59.013841938230826,60.01619578066547,885100
2024-09-09,60.293636322021484,60.633719671685775,59.67610990718746,59.70295769426317,935400
2024-09-10,58.986995697021484,59.72980955958581,58.01148278918427,59.72980955958581,1317400
2024-09-11,59.38972854614258,59.69401260322948,58.78115360394489,59.42552787545114,1618600
2024-09-12,60.25783920288086,60.33838256705703,59.50606699711946,59.67611209218927,1246200
2024-09-13,60.544227600097656,60.69636961931531,60.20413740652468,60.526324522528824,1798900
2024-09-16,60.938011169433594,61.05436069839517,60.69637422809432,60.767972887759285,1111600
2024-09-17,61.14385223388672,61.412343778797904,60.78586578334635,61.125955983970336,1651800
2024-09-18,60.89326095581055,61.69872872533647,60.7232158633486,61.063306048272494,1347800
2024-09-19,61.87771987915039,62.47734324310068,61.80612122517987,62.0656612248054,1308500
2024-09-20,61.83296203613281,62.19094843756647,61.43918313977622,62.15514911462083,1334400
2024-09-23,61.904571533203125,62.42365156486971,61.57343968695201,61.94932240173517,1167200
2024-09-24,62.25263595581055,62.94151388391429,62.1710549397202,62.88712423471953,1448600
2024-09-25,60.42167282104492,61.97164281099592,60.42167282104492,61.90819398972551,2001200
2024-09-26,59.52432632446289,60.20413820185165,59.025801763620215,59.125508058869556,2513500
2024-09-27,59.95939636230469,60.15880891087687,59.433673627960296,59.823432632332505,1373900
2024-09-30,58.57258605957031,59.3158466701009,58.40036486059513,59.08924274109276,2824600
2024-10-01,59.53338623046875,59.80531371931819,58.71761067932373,58.79012559840402,2422700
2024-10-02,60.98365020751953,61.2102541437338,60.267580939234044,61.11961395232876,2725900
2024-10-03,61.527496337890625,61.65439398495067,61.01990574965044,61.083354573180465,2072500
2024-10-04,62.180118560791016,62.669583891655314,62.044154816317054,62.41578859018568,1968700
2024-10-07,62.9415168762207,63.25876103075732,62.588015258965065,62.64239799534165,1302300
2024-10-08,61.82661437988281,62.36140324159743,61.52749553767309,62.36140324159743,1113400
2024-10-09,61.67253112792969,61.75410522956514,61.101491670270555,61.19213186611116,737400
2024-10-10,62.053218841552734,62.071351028426605,61.67252590203842,61.962578653392626,736000
2024-10-11,61.89006805419922,62.16199555305249,61.69065547709396,61.80849395378537,1793400
2024-10-14,61.735984802246094,62.05322897029071,61.56376357584865,61.79943363585502,887300
2024-10-15,58.672298431396484,59.11644024203881,58.53633467679876,58.98954258185529,2261800
2024-10-16,58.418495178222656,59.18895413572369,58.3459871703833,59.08924784511541,1632100
2024-10-17,58.91701889038086,59.107365352332216,58.50913460268549,58.97140161796616,1073100
2024-10-18,58.83544921875,58.9804721416726,58.57258782333677,58.96234686958351,1026300
2024-10-21,58.83544921875,59.29771626875639,58.72667684000557,59.12550197999851,927500
2024-10-22,58.77199172973633,59.10736803433663,58.672292363107,58.74480036470987,625700
2024-10-23,58.55445861816406,58.88076885561382,58.24628056913022,58.59978217380018,975300
2024-10-24,58.817317962646484,59.16175346101979,58.51819910291515,59.04392190206658,563200
2024-10-25,58.93515396118164,59.26146421175977,58.75387356215109,59.107375181043416,1375800
2024-10-28,58.64509582519531,58.726676838101824,57.88370992021889,57.9834162052139,1326200
2024-10-29,58.037803649902344,58.74480688062289,57.97435481933521,58.60885004041038,1660000
2024-10-30,57.620849609375,58.463816543124565,57.620849609375,57.91996846999014,4198100
2024-10-31,56.70537185668945,57.067936090328736,56.15245768336016,56.85039824168552,2215500
2024-11-01,56.62379455566406,57.46676150280615,56.46063943959129,57.41237531154796,1196000
2024-11-04,57.095130920410156,57.64804163609313,56.96822980803684,57.367054960092325,1492900
2024-11-05,57.475826263427734,57.68430148440319,57.15858211361766,57.37611997128688,1132300
2024-11-06,55.99836730957031,56.605667696742394,55.30042672500628,55.52703067618804,2300700
2024-11-07,56.877586364746094,57.04074147077503,56.40624977596266,56.8322662703384,1376300
2024-11-08,55.499839782714844,55.83521266517282,54.9650543150485,55.83521266517282,1552500
2024-11-11,55.36387252807617,55.445446621553636,55.04662495895736,55.1553938746288,1587400
2024-11-12,53.99518585205078,54.466522456112244,53.306311404700445,54.41213626643919,3614000
2024-11-13,54.26710510253906,54.98317431047073,52.98905914831863,53.47852443913531,4562300
2024-11-14,54.81096649169922,54.99224689201764,54.51184760731022,54.73845156541025,3404300
2024-11-15,55.155399322509766,55.517967020828564,54.955990200366074,55.037567759602716,2138400
2024-11-18,55.608604431152344,55.980234747348526,55.49077287414741,55.50890160392547,1896100
2024-11-19,55.028507232666016,55.31856003758509,54.738454427746944,54.838160727757035,1037800
2024-11-20,54.856285095214844,55.0647603160551,54.593423681141594,54.90160519405805,1364900
2024-11-21,54.412139892578125,54.77470759915742,54.049575643700734,54.61155247696693,2649600
2024-11-22,54.07676315307617,54.2036608040141,53.59636391518211,53.65981274065107,2416300
2024-11-25,52.80778121948242,54.16740487398477,52.7896559468666,54.07676468009865,2441000
2024-11-26,52.1551628112793,52.90748608182827,51.846981319587734,52.90748608182827,2075900
2024-11-27,51.81072235107422,52.07358373938867,51.384705856750905,51.44815468045418,2333600
2024-11-29,52.56304931640625,52.62649814042215,52.12796672643782,52.227673009234685,1322200
2024-12-02,51.194358825683594,51.98293952429999,50.94056353364649,51.91949070129071,2805600
2024-12-03,51.729148864746094,51.973881542998996,51.41190472128965,51.91949535081996,2055000
2024-12-04,51.39377212524414,51.75633633939712,51.06746191211536,51.729144974203585,2612800
2024-12-05,52.073585510253906,52.29112335386248,51.720083921113705,52.0826481463619,2095800
2024-12-06,51.58412170410156,52.36363982515097,51.43909531816459,52.354573731072655,2033100
2024-12-09,52.21861267089844,53.079708337474074,52.21861267089844,52.454279247940384,2206100
2024-12-10,51.44815444946289,52.2820587050643,51.43909181370378,52.236738610865665,1862300
2024-12-11,51.37564468383789,51.52067106467512,50.686766781584794,51.38470731989574,2776900
2024-12-12,50.73208999633789,51.29406678611821,50.65051244155513,50.97682266068617,2338600
2024-12-13,50.704898834228516,51.00401770926454,50.49642361421942,51.00401770926454,1514600
2024-12-16,49.1096076965332,49.979766023626816,49.055221504451666,49.78941953789418,3073400
2024-12-17,49.17305374145508,49.472172594417856,48.8739348884923,48.973641172813224,3126200
2024-12-18,48.656402587890625,49.68971609268462,48.54763365520232,49.38153456864939,2196700
2024-12-19,48.63827133178711,49.18211942470445,48.62014260099628,49.11867059578749,2716200
2024-12-20,49.08241271972656,49.35433674473276,48.30289464572763,48.40260092836027,2295800
2024-12-23,49.1821174621582,49.23650365236047,48.66546075719266,48.819553233914895,2236800
2024-12-24,49.23650360107422,49.36340125371228,48.81048708918783,49.17305477475519,749800
2024-12-26,49.290889739990234,49.907252730193115,49.290889739990234,49.535622408838584,1267900
2024-12-27,49.41778564453125,49.880056141981505,49.318079361745504,49.41778564453125,1394600
2024-12-30,49.38153076171875,49.66252089534527,49.218375646413264,49.608134704342845,1639500
2024-12-31,50.16483688354492,50.50540451776667,49.77824716544347,49.93472295288646,1230300
2025-01-02,50.69870376586914,50.919611176820474,50.50540539221174,50.643475157501314,1665300
2025-01-03,51.06688690185547,51.471886186147344,51.02086481452278,51.462683173184885,1372300
2025-01-06,52.0241584777832,52.41074820044108,51.70199686430834,51.77563500839173,2138800
2025-01-07,52.475181579589844,52.73291158125955,52.272683699093754,52.50279764017665,2261300
2025-01-08,52.272682189941406,52.346316823106804,51.70199710442467,51.82165733348592,1734100
2025-01-10,52.17143249511719,53.285183116409165,51.85847739784192,53.1010912630837,2138900
2025-01-13,52.29109191894531,52.6132500238448,52.18063470189978,52.263475859053926,2526700
2025-01-14,52.98143768310547,53.045869308899114,52.309505363214384,52.419959077252024,1564900
2025-01-15,53.091888427734375,53.33120537997441,52.82495541508429,53.018250281654325,1355500
2025-01-16,54.31608963012695,55.05245700344708,53.984728525644734,54.15041083351577,6079000
2025-01-17,54.75791549682617,54.8959817560607,54.279278073374215,54.518595029470134,2748200
2025-01-21,54.40814208984375,54.73030021054379,54.06757443206654,54.3160944044579,2480500
2025-01-22,53.48768615722656,54.113596371097415,53.46007360731643,54.10438984695393,1263600
2025-01-23,54.07677459716797,54.32529806773168,53.6165467282559,54.18722830255407,1871100
2025-01-24,54.0583610534668,54.36211310983503,53.80983760132726,54.297681493864744,1170500
2025-01-27,54.233253479003906,54.37132325205281,53.80984465816888,54.0859806930065,1609000
2025-01-28,53.5060920715332,54.14120525528597,53.34040976076988,53.892681789140994,1288800
2025-01-29,53.5521125793457,53.67177280276655,53.07347519692214,53.1010877441501,1050100
2025-01-30,54.0583610534668,54.25165590137764,53.55211113744614,53.80063458958568,1052100
2025-01-31,53.41404724121094,54.15041466665624,53.174730285823294,54.095186056369805,1430900
2025-02-03,52.98143768310547,53.3127988252184,52.484390703045676,52.72370766867061,1346900
2025-02-04,54.481773376464844,54.675071748257906,53.1655214021033,53.1655214021033,1712700
2025-02-05,55.521888732910156,55.85325335381274,55.32859387447029,55.558707804401536,1860700
2025-02-06,56.074161529541016,56.451551750615316,55.75200342772145,56.414732678618805,1555700
2025-02-07,55.94529724121094,56.387115563115934,55.807230990699324,56.23063977695079,1385000
2025-02-10,55.54950714111328,55.917690872348906,55.18132692113794,55.65996436724014,1329200
2025-02-11,56.14780044555664,56.28587021181202,55.742801181806236,56.00973067930127,2255000
2025-02-12,56.01893997192383,56.41473624274171,55.55871207667143,55.85325764873215,1561100
2025-02-13,56.20302963256836,56.43314357118822,55.770414304359804,55.96370917009807,1258300
2025-02-14,56.52518844604492,57.39041560197673,56.41473473728472,57.01302887839093,1030000
2025-02-18,56.893375396728516,57.261555617315324,56.46996305172626,56.562010740318186,1341700
2025-02-19,56.074161529541016,56.68166568370357,55.87166365608012,56.534389395717525,1232100
2025-02-20,56.71847915649414,56.80132030980673,56.25825130725975,56.41473060185456,1030300
2025-02-21,55.85325622558594,56.120189240733296,55.650754833231375,55.90848483566266,959000
2025-02-24,55.844051361083984,56.13860044565264,55.56791532501484,55.92689252303075,1184600
2025-02-25,55.650753021240234,56.43314250451543,55.49427723134119,56.43314250451543,1450100
2025-02-26,55.669166564941406,55.89007750269866,55.172119588432764,55.38382400185084,883200
2025-02-27,55.27336502075195,55.825640556880124,55.13529877016484,55.24575247288651,997100
2025-02-28,55.43904495239258,55.43904495239258,54.91438549789515,55.208931033358276,907400
2025-03-03,55.070865631103516,56.76450073029386,54.63825033309826,56.67245656577606,1607000
2025-03-04,55.10768127441406,55.73359142561959,54.279273258707775,54.50938718161393,2320000
2025-03-05,56.09257125854492,56.35950426454816,55.319388300257586,56.120187318267305,2092000
2025-03-06,55.94529724121094,56.617229491895195,55.72438983588839,55.81643400289614,1556700
2025-03-07,56.506778717041016,57.11427938004453,55.75200527243847,56.506778717041016,2835000
2025-03-10,56.21223068237305,57.0222327011846,55.77041235700128,56.76450271127278,1961600
2025-03-11,56.61722946166992,57.040641758955246,56.13859557997329,56.86575292597004,1447200
2025-03-12,56.635643005371094,56.920985561152065,56.09257395485901,56.2398467391711,2338800
2025-03-13,57.01302719116211,57.316779270338635,56.75530070792868,56.81973232873704,1058600
2025-03-14,57.72178268432617,57.81383037157511,57.14189805532897,57.2983738567618,1289000
2025-03-17,57.64814376831055,58.06234955204619,57.60212168373103,57.666553304394355,1367500
2025-03-18,58.29246520996094,58.49496309035086,58.05314474505456,58.36609984521361,1406700
2025-03-19,59.1392822265625,59.14848875041312,58.531781569043545,58.58701017836711,1521300
2025-03-20,58.964393615722656,59.04723828566078,58.13598554020214,58.26484878453244,1047700
2025-03-21,58.32007598876953,58.63303107942778,58.025530434180595,58.375301085717474,1649800
2025-03-24,57.942691802978516,58.17280574698458,57.684961798034834,57.87826017955763,1813900
2025-03-25,59.2495002746582,59.75319294064331,58.87639116970496,59.2495002746582,2034300
2025-03-26,60.50873565673828,61.20831249998028,60.41545305113509,60.82587374310543,2997600
2025-03-27,60.79789352416992,61.33890133949953,60.57403092062327,60.75125222005177,1651300
2025-03-28,59.83714294433594,60.21957459878059,59.6226029066251,60.163610726535985,1421200
2025-03-31,60.340843200683594,60.71394519601673,59.48269366684215,59.510675604845694,2031100
2025-04-01,60.1542854309082,60.21957899211172,59.50134981887307,59.84647699464274,2282500
2025-04-02,60.07033157348633,60.2009186784088,59.5946173390039,59.84646898168544,935800
2025-04-03,57.9156379699707,58.913700698286476,57.68244567721969,58.56857710131994,2367900
2025-04-04,53.82078552246094,56.27396960459685,53.62490483726386,55.947498237702824,2942100
2025-04-07,51.759361267089844,53.867417962871976,50.85457406050783,51.30230282178283,3290900
2025-04-08,49.781890869140625,52.39364389973231,49.29685046145141,52.291042277345056,3219700
2025-04-09,52.971961975097656,53.50364011690572,49.23155561383658,49.903150554323396,3221000
2025-04-10,51.041133880615234,52.50558130072474,50.46281439069041,52.50558130072474,2810500
2025-04-11,52.449607849121094,52.720111751292926,51.24633481523827,51.73137519071581,2195800
2025-04-14,52.93465042114258,53.307759512602026,52.654820381663995,53.121204966872305,1265900
2025-04-15,52.86003112792969,53.69952486730329,52.83204918936132,53.27045187083779,1171900
2025-04-16,53.942047119140625,54.70691761499692,53.83011224786974,54.38977592952731,1559100
2025-04-17,54.529685974121094,55.24791867715469,54.36178723532196,54.38977273060987,1306200
2025-04-21,53.998008728027344,54.36178814879423,53.38238119482981,54.100613909932285,1305100
2025-04-22,55.397159576416016,55.8262325339749,55.18262309763657,55.45312700671011,1341200
2025-04-23,54.75354766845703,55.95682067872373,54.56699313412989,55.79824807916454,1362100
2025-04-24,55.2945556640625,55.443798590026596,54.98674368598806,55.41581665335583,945700
2025-04-25,55.919517517089844,56.190021454861736,55.49977064093213,55.6210316403182,1313300
2025-04-28,56.040771484375,56.348583449444284,55.844887261259764,55.91018081622089,1807700
2025-04-29,54.52035903930664,55.900856992557244,54.10993832466996,55.57438920430718,2127400
2025-04-30,53.027923583984375,54.231196614906146,52.720111621557784,54.17523274440959,2513400
2025-05-01,53.88607406616211,53.97002343174785,52.52423196508853,52.60818133067427,2242700
2025-05-02,53.8487663269043,54.11927025308908,53.11187779346253,53.970027321096126,1528500
2025-05-05,53.53162384033203,53.802127762417136,53.242467665483645,53.78347195142174,1450200
2025-05-06,53.61557388305664,54.277839169653845,53.59691807182729,54.165907860509904,2021100
2025-05-07,53.401039123535156,53.83944180606576,53.382383311700636,53.643557560919405,1129400
2025-05-08,53.54095458984375,53.811454959076826,53.3450703496121,53.55028071641088,1184200
2025-05-09,54.85615539550781,54.85615539550781,54.32447726075997,54.5203579297235,1619100
2025-05-12,54.75354766845703,55.66766097260507,54.59497506889784,55.47178031276587,2244400
2025-05-13,55.87287521362305,55.975476834339794,54.9960699085931,55.154642519213596,3430600
2025-05-14,55.31321334838867,55.481112090565055,55.06136523512409,55.2012820396818,1157700
2025-05-15,55.22926330566406,55.33186848666099,54.59497996698497,54.76287870711956,972300
2025-05-16,55.667667388916016,55.75161676112773,55.17330084046492,55.64901157750983,1086800
2025-05-19,55.397159576416016,55.55573218313331,55.126655667342476,55.43447119661208,1286800
2025-05-20,55.406494140625,55.695650327032666,55.30388895516463,55.48111382935747,941900
2025-05-21,54.87480926513672,55.788922579540056,54.84682377182302,55.788922579540056,1107800
2025-05-22,54.24985885620117,54.51103310476747,53.94204685728121,54.30582629156492,2199500
2025-05-23,53.998008728027344,54.147251658553046,53.41036313235584,53.5875915586397,1341200
2025-05-27,54.557674407958984,54.88414221863458,54.305826286195405,54.83750446828554,1500100
2025-05-28,54.371116638183594,54.72556636649496,54.221873710938794,54.71624024026868,992900
2025-05-29,54.632293701171875,54.632293701171875,54.277840396268324,54.60431176281157,1720800
2025-05-30,54.734893798828125,54.80951348026419,54.29649116135854,54.69758217899414,1035700
2025-06-02,56.441864013671875,56.45119369849465,55.751616782539095,56.27396882741617,1535500
2025-06-03,56.03144073486328,56.3485823778857,55.658331663696266,55.88219781804283,1769400
2025-06-04,55.080020904541016,56.32060565651495,54.95875991145186,56.115395292553636,1870300
2025-06-05,55.25724792480469,55.732958642153264,55.16396887163591,55.732958642153264,2036600
2025-06-06,55.33186721801758,55.64900888008573,55.09867492409193,55.126656860728765,2610100
2025-06-09,55.63968276977539,56.01278830522332,55.182624307929046,55.434472412428214,2232300
2025-06-10,56.80564498901367,57.02950760158882,56.451191701165605,56.51648525968603,2508800
2025-06-11,57.934295654296875,58.06488277314424,57.141439698358845,57.39328780966395,1440400
2025-06-12,58.829750061035156,59.13756558877527,58.652525203332374,58.829750061035156,1734300
2025-06-13,59.212188720703125,59.63193557470086,58.559249565399114,59.55731233033142,4207900
2025-06-16,58.36336898803711,59.538660181279944,58.36336898803711,59.33344981713834,2748900
2025-06-17,59.64126205444336,59.911769537768976,59.30546812748808,59.43605524767605,2838000
2025-06-18,58.778018951416016,59.1286239631629,58.37056180835426,58.95806033980178,1339300
2025-06-20,59.30866622924805,59.87720927371127,59.20443249433114,59.61188966825624,2796700
2025-06-23,58.06734085083008,59.602413526073676,57.98205903553877,59.47922787849547,1873500
2025-06-24,57.23347473144531,58.086289217537725,57.23347473144531,57.498794311824085,2095600
2025-06-25,57.83992385864258,58.16209919682492,57.34718489349851,57.45141862272049,1839400
2025-06-26,58.332664489746094,58.37056470760242,57.83992551052958,58.010489142362545,1215400
2025-06-27,58.27581024169922,58.398995893352904,57.96310903704953,58.398995893352904,1549000
2025-06-30,58.171573638916016,58.23790353698823,57.83992414855494,58.00101001109937,1235900
2025-07-01,58.66431427001953,58.75907023717865,58.00101165578039,58.20947912118058,921000
2025-07-02,60.16147994995117,60.20885793102549,59.08124246203211,59.621359398637516,1389900
2025-07-03,59.431846618652344,59.85825205689018,59.40341693865048,59.431846618652344,1315000
2025-07-07,57.25242233276367,58.1147181878838,56.90182094658512,57.88729882554401,1805100
2025-07-08,58.78750228881836,58.96754007956138,57.57460489498078,57.603034578041274,1401900
2025-07-09,59.280235290527344,59.50765104374304,58.995960176945395,59.44132114782944,918100
2025-07-10,59.32761764526367,59.32761764526367,58.607459272666404,58.730644923320135,970700
2025-07-11,59.706642150878906,59.89615769286945,59.38446681390747,59.431848410436345,1148800
2025-07-14,58.958065032958984,59.81087960294175,58.82540522972001,59.81087960294175,1141400
2025-07-15,58.82540512084961,59.374996249638,58.550607749101154,59.232858680883,1070600
2025-07-16,58.607460021972656,59.14757700097185,58.48427798445251,58.920161228081945,1646800
2025-07-17,58.50322723388672,58.52217553517316,57.773594734274134,57.83992463290179,1270200
2025-07-18,58.4653205871582,59.11914539131397,58.114719194904374,59.06229326077498,1043400
2025-07-21,58.27581024169922,58.749597316834986,58.17157650681599,58.42742196115432,1349600
2025-07-22,58.68326950073242,58.92016304671803,58.38004605104753,58.4179498859353,1406000
2025-07-23,59.109676361083984,59.536085450602066,59.01491677746412,59.147576579823415,1855700
2025-07-24,57.27137756347656,57.78306844733642,56.797590511319285,56.911302006427036,2714300
2025-07-25,57.48931884765625,57.546174594887674,56.23852132623154,56.617552411691044,1734700
2025-07-28,57.76411819458008,57.991537576634904,57.28085697793768,57.309283045178866,1635000
2025-07-29,58.23790740966797,58.484278717212156,57.37561506268049,57.84940214596391,2097800
2025-07-30,56.62702560424805,57.3850877623429,56.342754102316604,57.252424354380516,1100000
2025-07-31,56.42803955078125,56.627029253486,56.03006014537174,56.0774381296288,1371900
2025-08-01,56.0584831237793,56.57017400085828,55.6699778907471,56.46594027241164,1644400
2025-08-04,56.37118148803711,56.67440489304807,56.18166595622823,56.47541159655928,1665500
2025-08-05,57.11977005004883,57.21452963627074,56.57017890879621,56.82602436953244,1068700
2025-08-06,57.04396438598633,58.52217774224646,56.911304583727954,58.09577226776128,1239700
2025-08-07,57.612510681152344,58.14315353485361,57.39456904875058,57.839930079798236,1421600
2025-08-08,58.114723205566406,58.42742078923559,57.9536337236029,58.06734160723638,1710700
2025-08-11,57.792545318603516,58.25685459829842,57.460892218398875,58.12419480409987,1370600
2025-08-12,58.42742156982422,58.88225672514318,58.09577206533388,58.15262420055595,1103700
2025-08-13,58.15262222290039,58.37056383482635,57.98205859361775,58.02944019096944,1696200
2025-08-14,58.29476547241211,58.31371739025994,57.707270477964215,57.849404439759866,881400
2025-08-15,58.97701644897461,59.42237383967939,58.9391126155972,59.12862816777574,1284100
2025-08-18,58.29476547241211,58.64536691582519,58.27581355456427,58.42742528263821,1362400
2025-08-19,59.052818298339844,59.43184938855899,58.63588699086549,59.052818298339844,1760300
2025-08-20,59.791927337646484,59.88668692134248,59.441325914742585,59.59293763394766,1245900
2025-08-21,60.12357711791992,60.14252903360611,59.51713027479514,59.68769390126253,1272300
2025-08-22,60.67316818237305,60.94796553761713,60.047769423887935,60.047769423887935,961500
2025-08-25,59.441322326660156,60.51208206218483,59.37499242943112,60.22781055767348,1690800
2025-08-26,58.67378616333008,58.86330170506499,58.209476881523265,58.44637040501483,1586200
2025-08-27,58.834877014160156,58.90120691311153,58.15262249385077,58.247382074287295,1301000
2025-08-28,58.85383224487305,59.06229971886581,58.40847122850981,58.70222052234429,1266500
2025-08-29,59.46027374267578,59.55502970514734,59.13809840968092,59.157050325116884,1068300
2025-09-02,59.30866622924805,59.58346360044563,58.872782987512345,59.25181047891832,857000
2025-09-03,58.4653205871582,59.147571456583464,58.15261941036096,58.901203789928715,966300
2025-09-04,58.31371307373047,58.436895108560044,57.991537723583015,58.14314944043426,992900
2025-09-05,57.754642486572266,58.08629197780576,57.20504777000437,58.02943984485621,1570500
2025-09-08,57.89677429199219,58.16209748987275,57.451416936625506,58.02943769828658,823600
2025-09-09,58.332664489746094,58.882255603101314,58.256856824616584,58.44637237273193,911200
2025-09-10,58.93911361694336,58.96753968510511,58.14315117603731,58.190529161209746,1072800
2025-09-11,58.18104934692383,58.42741701466509,57.802018273020735,57.92520391424547,1394700
2025-09-12,57.9346809387207,58.18105223339312,57.65988357724317,58.001010837738264,1998500
2025-09-15,58.66431427001953,58.70221810276656,58.25685710476014,58.44637265378681,1183600
2025-09-16,58.84435272216797,58.97701613829004,58.55060705181174,58.56008120275193,1021500
2025-09-17,57.982059478759766,58.3989944076859,57.72621403093012,58.11472289277799,1181600
2025-09-18,58.162105560302734,58.37056942684627,57.74517059779823,58.17157971185569,1534300
2025-09-19,57.36613845825195,57.735691789055885,57.242952809747834,57.58408007347713,1256700
2025-09-22,57.58407974243164,58.01996297037615,57.40404196081328,57.51774984316654,1552300
2025-09-23,58.35161590576172,58.93911084664491,58.29476015740203,58.39899388870726,1344900
2025-09-24,59.19495391845703,59.71611893937584,58.313709735116326,58.89173050211488,2675600
2025-09-25,59.1475715637207,59.299186884654496,58.88225198150297,58.92962996194068,1018400
2025-09-26,59.83930587768555,60.17095536689534,59.54555660530807,59.54555660530807,1001600
2025-09-29,58.484275817871094,59.2328566251697,58.16210047262178,59.02439277686137,1703600
2025-09-30,57.48651885986328,57.929540571156984,57.033871592882896,57.07239218501069,1662600
2025-10-01,58.228092193603516,58.39181848084353,57.98732105121461,58.0932609416859,1540700
2025-10-02,57.284271240234375,57.88138266014155,57.284271240234375,57.6983979097812,1240700
2025-10-03,57.50577926635742,57.794703904960635,57.486517133933724,57.5539327604786,1548700
2025-10-06,57.57319259643555,58.00658137399151,57.48651484092436,57.63097899140166,1387500
2025-10-07,57.187965393066406,57.47689004241568,56.69679018268401,57.29390528839893,1243800
2025-10-08,56.908668518066406,57.139810435960754,56.76420436014792,56.96645491600903,975000
2025-10-09,56.446388244628906,57.727288835212384,56.37897261743378,57.58282835145547,1480800
2025-10-10,55.271427154541016,56.47528296004636,55.271427154541016,56.330822467711535,1741900
2025-10-13,55.46404266357422,55.69518458575762,55.30994927341069,55.44478053056925,1014800
2025-10-14,56.20561981201172,56.513806600893616,55.31958003856903,55.338842172108684,1554800
2025-10-15,58.237728118896484,58.46886637021408,57.83323066827631,58.228095215330434,2303800
2025-10-16,58.208831787109375,59.16228715574275,58.083633434546066,58.86372960773355,2334400
2025-10-17,59.31637954711914,59.31637954711914,58.892623653671805,58.960039280495785,1493600
2025-10-20,58.78668212890625,59.11413102461686,58.690371469064296,58.96966687179194,1382100
2025-10-21,58.73853302001953,59.027457673357965,58.59406885641217,58.873364279985715,781300
2025-10-22,59.95201873779297,60.03869650220025,58.89262710514957,58.969671965802526,1745700
2025-10-23,60.26983642578125,60.66470096740964,60.26983642578125,60.549128169462634,1157600
2025-10-24,59.807552337646484,60.41429666582512,59.79792310812831,60.10610988697671,906600
2025-10-27,60.06758499145508,60.250573415267915,59.682353358871104,59.90386237422903,822400
2025-10-28,59.7690315246582,60.37577217671678,59.68235376381038,59.92312491351253,1138400
2025-10-29,59.923126220703125,60.94399356642917,59.87496905061123,60.24094223482734,1417200
2025-10-30,59.36453628540039,59.8268164691158,58.343668924065824,58.555545045429355,1694100
2025-10-31,59.942386627197266,60.19278700463102,59.576413453523784,59.97127798931912,1247100
2025-11-03,59.297119140625,59.83644784479166,59.22007428224475,59.51862816004803,1091800
2025-11-04,58.98893356323242,59.31638248425276,58.60369824184038,58.81557803599363,1002200
2025-11-05,58.73853302001953,59.537891350051744,58.67111371616015,59.08524039969988,1331800
2025-11-06,58.85409927368164,59.268225937006235,58.79631287628422,58.80594577945518,938200
2025-11-07,59.961647033691406,60.09648196701744,59.35490636616751,59.35490636616751,743800
2025-11-10,60.60691452026367,60.693592281716924,59.66309204770396,60.09648085497021,729300
2025-11-11,61.5988883972168,61.85892534662524,61.36775015710543,61.36775015710543,1012200
2025-11-12,61.589263916015625,61.916712842980395,61.48332401701579,61.65667587352526,793700
2025-11-13,62.513824462890625,63.11093220803058,62.46566729413635,62.46566729413635,1452600
2025-11-14,62.98573303222656,63.01462439400028,62.427142212093976,62.60049773048849,1440200
2025-11-17,62.610130310058594,63.303552380052665,62.53308178055876,62.99536560980554,1327600
2025-11-18,62.55234146118164,62.74496278869458,61.502582780307414,61.627784806252734,1439100
2025-11-19,61.82040023803711,61.85892450215512,61.1173452764496,61.1173452764496,1323300
2025-11-20,61.12697982788086,62.282678391579516,61.02103993563738,61.96485871484909,869900
2025-11-21,62.263423919677734,62.52345354144664,61.54111043417742,61.59889316173657,1461500
2025-11-24,62.12858963012695,62.41751060159995,61.608523064172694,61.858927117651206,1007600
2025-11-25,62.79311752319336,62.92794878912652,62.1478525579771,62.18637682649414,1408800
2025-11-26,63.101295471191406,63.49616365728085,62.9568386692093,62.9568386692093,982900
2025-11-28,63.274654388427734,63.534691341501315,62.89905198754569,62.89905198754569,349900
2025-12-01,63.207244873046875,63.72731148172907,63.207244873046875,63.42875758235249,1216500
2025-12-02,63.274654388427734,63.582841162170745,63.01462478310642,63.55394980021863,868100
2025-12-03,64.44961547851562,64.44961547851562,63.86213332288906,63.86213332288906,1242900
2025-12-04,64.31478881835938,64.44962007539034,64.17032465789694,64.18959046475989,1519500
2025-12-05,62.42713928222656,63.67915211717701,62.340465200973256,63.14945268367831,2162400
2025-12-08,63.255393981933594,63.255393981933594,62.48492339742445,62.48492339742445,462400
2025-12-09,63.120567321777344,63.64063390197615,63.120567321777344,63.49616973840661,815700
2025-12-10,63.255393981933594,63.2746524400579,62.504189203300804,62.97609857874283,863800
2025-12-11,62.995365142822266,63.46727452394412,62.87015944637514,62.98573223976815,957300
2025-12-12,63.32280731201172,63.40948139205787,62.79310788589037,63.20723452419839,1082400
2025-12-15,62.85090637207031,63.58284541633698,62.716075108771044,63.58284541633698,1271100
2025-12-16,61.492950439453125,62.581240743536576,61.46405907700001,62.523450670877935,1130800
2025-12-17,63.0049934387207,63.08204197100084,62.11895736075655,62.47530131173782,1230900
2025-12-18,62.71607208251953,62.79311326657822,62.35009523029298,62.65828200978499,1344200
2025-12-19,63.274654388427734,63.5057999795492,62.764220733267635,62.82201080492414,1868600
2025-12-22,63.361331939697266,63.611735974193046,63.110927905201486,63.110927905201486,975400
2025-12-23,63.573219299316406,63.717683465220404,63.22650824024789,63.22650824024789,746500
2025-12-24,63.120567321777344,63.74657379874365,63.091675958613955,63.63100099833749,443100
2025-12-26,63.11093521118164,63.49617053629038,62.783489960878455,63.49617053629038,523900
2025-12-29,63.467281341552734,63.708052509504185,63.313184267142404,63.52506407058014,633200
2025-12-30,63.486534118652344,64.1703232926912,63.486534118652344,63.81398669858423,777900
2025-12-31,63.9705696105957,63.999903744697754,63.56965734393497,63.95101600798088,461900
2026-01-02,65.03642272949219,65.2124349917512,63.99012968727459,63.999902758251544,910400
2026-01-05,64.84085083007812,64.85063136162962,63.15895750048457,63.85323349380724,1440800
2026-01-06,62.00510025024414,63.95101183940059,61.76063920151582,63.89233611466157,1401400
2026-01-07,61.34994888305664,61.53573794465381,60.958809697380815,61.085930492252416,1791300
2026-01-08,62.181114196777344,62.298454458911536,60.78279666156433,61.183712643187526,1482000
2026-01-09,62.51358413696289,62.81671347168674,62.25934253925532,62.31801453799857,1185500
2026-01-12,63.28607940673828,63.31541353981738,62.36690344834331,62.484247441019065,1066300
2026-01-13,64.34215545654297,64.70395305903722,63.45231359669672,63.50120879396551,1359600
2026-01-14,65.05596923828125,65.65245475865545,64.63549596097417,64.68439115196564,1269000
2026-01-15,64.21502685546875,64.67461482335493,63.9705658053471,64.0390146009668,1099200
2026-01-16,64.78218078613281,64.84084905311465,64.27370506478474,64.4301562635228,1250800
2026-01-20,65.71112823486328,66.20983087319385,65.20265252584574,65.38844531392873,2646200
2026-01-21,66.21961212158203,66.4738537090246,65.74047054015361,65.78935827519605,1719900
2026-01-22,65.5840072631836,65.97514641776677,65.44710967813332,65.85780243328415,1987500
2026-01-23,67.67659759521484,67.67659759521484,66.51296058568276,66.96277549216022,1416200
2026-01-26,68.84024047851562,68.87935514591021,68.30242312729004,68.74245754020916,1201500
2026-01-27,70.1994400024414,70.24832773900401,68.87935174949706,68.89890535205019,2062800
2026-01-28,69.93541717529297,70.76659075248962,69.58340011034463,70.34611742839185,2180400
2026-01-29,71.02082061767578,72.11600879286965,70.69813770583144,72.05734052896325,1378500
2026-01-30,70.7959213256836,71.3924068824364,70.17987470719771,71.11861170104676,1244400
2026-02-02,70.28744506835938,70.44390373615258,69.6127375794909,69.94520105801162,1414200
2026-02-03,72.77116394042969,72.77116394042969,70.18965583624232,70.24832410122319,2280800
2026-02-04,73.20142364501953,73.7783481911966,72.04756709230558,72.59515750364108,2501200
2026-02-05,71.62709045410156,72.15512723801658,71.2261707354337,71.37284886324778,2286500
2026-02-06,72.1942367553711,72.8004953652494,71.77376346447535,71.79331706528865,1305000
2026-02-09,73.05474090576172,73.25031422631143,72.50715052894121,72.61471399015372,1473200
2026-02-10,72.97651672363281,73.36765593195489,72.56582391205657,73.19164366122794,1467600
2026-02-11,75.99805450439453,76.04694223952137,73.91524152657526,74.05214658186482,2253500
2026-02-12,74.43350219726562,75.25488773334122,74.10103129431187,74.7659656398603,2142400
2026-02-13,75.08866119384766,75.24511239517139,74.11081693940561,74.38461213699185,1565400
2026-02-17,74.82463836669922,75.23533861959244,73.98369917928434,74.79530423299818,1065200
2026-02-18,75.6362533569336,75.9589437589283,75.39179228760908,75.84159975992301,1082800
2026-02-19,76.1056137084961,76.5847552639464,75.96871612122457,76.12516730938103,1613000
2026-02-20,76.15450286865234,76.174063930263,75.2940026667615,75.67536130421895,781500
2026-02-23,76.1056137084961,76.88788456999634,75.95893559060262,76.27184542727451,647900
2026-02-24,77.35725402832031,77.35725402832031,76.55542209548928,76.90744659871842,2061300
2026-02-25,77.72883605957031,78.12975577641998,77.2496944738861,77.9146288513162,1126100
2026-02-26,77.18124389648438,78.15908810778642,76.84877298525485,76.89766817996367,930700
2026-02-27,78.56000518798828,78.5795662512189,77.63105611424677,78.26665638276663,1234900
2026-03-02,79.27383422851562,80.38857609327191,78.31554356670004,80.3299078247141,2428700
2026-03-03,76.60430908203125,78.14930466888639,76.51630668726104,77.84617536197698,2535400
2026-03-04,75.21577453613281,77.13234828467772,75.11799160760323,76.93678242761855,3826200
2026-03-05,75.3233413696289,76.29140508804555,74.8637533785581,75.9198269588451,2503700
2026-03-06,77.02478790283203,77.6799492169126,75.76337539178805,76.29140471901785,2735000
2026-03-09,78.51111602783203,78.76535762270449,77.11279844657294,77.24969604526743,3167300
2026-03-10,78.3057632446289,78.91202185788087,77.81684115762752,77.98307287672183,4139600
2026-03-11,79.50851440429688,79.67475359839322,78.14931147953739,78.20798720819008,2344400
2026-03-12,79.61607360839844,80.05610797812292,78.52089287029499,78.94136617806235,3242900
2026-03-13,80.91661071777344,81.29796937387437,80.30057153338566,80.4668032634072,2146900
2026-03-16,81.02417755126953,81.84556316462135,80.87749941735392,81.13174101878367,2115500
2026-03-17,84.13372039794922,84.19238866579643,83.17542974774047,83.28299321236673,2011600
2026-03-18,84.97467041015625,85.48314615909851,84.79865813929933,85.37558269022152,2410000
2026-03-19,88.06464385986328,89.3553978702017,86.99879729194126,87.5561681723065,4134200
2026-03-20,86.78367614746094,87.63440332049504,86.18719056528062,87.31171293137595,2946400
2026-03-23,87.16503143310547,87.42905354503364,84.15326950517034,84.52485507597899,2878700
2026-03-24,86.82279205322266,87.72240697481364,86.08940886402922,86.67611392331206,2838300
2026-03-25,87.28237915039062,87.77130127150585,86.63699836954596,87.01835702718708,2266200
2026-03-26,87.95708465576172,89.32606805662589,87.31171134957506,87.45838947473182,1777600
2026-03-27,87.87886047363281,88.94470706500731,87.57572370019635,88.0059775332293,1424100
2026-03-30,89.52164459228516,90.89062058195921,88.89582486547427,89.76610565620689,1892500
2026-03-31,89.92094421386719,92.20405208302785,88.98199823149073,91.53196736934373,2956500
2026-04-01,88.73490142822266,90.47441599934432,87.76631348585668,89.98023632327661,2777700
2026-04-02,91.31452178955078,91.4133562186489,90.15814313387712,91.05754624142877,2823800
2026-04-06,91.17615509033203,91.21569037139302,89.64419499669997,90.54360567452386,1148900
2026-04-07,90.30640411376953,91.45289713502136,89.71338242146322,90.68197798372401,2421200
2026-04-08,88.40874481201172,88.92269591982178,86.25412103061672,86.86690656974908,3633100
2026-04-09,88.88316345214844,91.34417631070383,88.84362817025155,90.8895318797656,2558800
2026-04-10,91.57150268554688,91.65057324967661,89.42676453246973,89.62443340221007,3797800
2026-04-13,92.35230255126953,92.40171599574336,91.11685333066964,92.01625644216287,1761100
2026-04-14,89.93081665039062,91.71975223143039,89.22908240501508,91.71975223143039,2496900
2026-04-15,86.04656982421875,90.23721924937026,85.95762109472886,90.03954283841931,3252500
2026-04-16,89.68373107910156,90.1581469154886,88.99188250581203,89.23897235921314,2272500
2026-04-17,86.05644989013672,86.29365402714845,84.30705712622691,85.35471564356365,2670700
2026-04-20,86.29365539550781,86.8471417780899,86.12563610998453,86.26400582048413,1233300
2026-04-21,87.34132385253906,87.50934314264558,86.71865259772194,87.05469871851885,1170900
2026-04-22,88.52735137939453,88.76455552462863,87.86515238946643,88.55700095497582,1123600
2026-04-23,89.41687774658203,89.47617689867094,88.53723846787143,89.05118204733787,1013500
2026-04-24,88.68549346923828,89.47617647549203,88.33956164213187,89.41687732368356,893900
2026-04-27,87.7070083618164,89.4761725385705,87.67735878721675,89.21919699106752,1043300
2026-04-28,89.97035217285156,90.62267297601142,89.76279761018712,90.29651257443149,1595300
2026-04-29,91.16626739501953,91.43312865121042,90.29651385241351,90.73139439400835,2075500
2026-04-30,91.63079833984375,92.57962245142204,90.14825925164322,90.17790882691384,2451100
2026-05-01,91.69998168945312,92.20404708252524,90.25697790551003,91.36394312112746,2327900
2026-05-04,91.22557830810547,91.65057316417634,90.25698274987977,90.84999689913157,2142900
2026-05-05,92.51043701171875,92.52032271694114,90.84999294179066,91.27498777934915,1268100
2026-05-06,88.91281127929688,89.31804225533013,88.30991143825179,88.8535121279101,1094600
2026-05-07,87.69713592529297,87.92445437246008,86.70877649097046,87.7366636669519,988500
2026-05-08,87.45004272460938,88.3494458543664,87.44015701928042,87.91456530689754,840400
2026-05-11,89.63431549072266,89.84187005774945,89.19943494614247,89.29826937702423,893300
2026-05-12,90.69185638427734,90.8895252387347,89.89128018038308,89.9604650335015,706200
2026-05-13,90.30640411376953,90.38546713757086,89.78256728015441,90.27674699668697,731500
2026-05-14,90.3558120727539,90.82034218457184,89.77268366214574,90.03953737500733,778700
2026-05-15,91.20580291748047,91.21568862270216,90.1087233959675,90.13837297104888,963300
2026-05-18,92.34241485595703,93.0737986674258,90.80057667486517,91.30463451678615,1086500
2026-05-19,91.81858825683594,92.45113765917783,91.43312870042709,92.37206709873918,896300
2026-05-20,91.46277618408203,93.06392106372692,90.9290612242004,92.51043469389587,1120000
2026-05-21,91.27498626708984,92.77729673148761,91.04766783482695,92.41160105015499,1230200
2026-05-22,90.53372192382812,90.82034706227095,89.68373221412428,89.98024305819176,961000
2026-05-26,88.99188232421875,90.49418531197502,88.83374119888447,89.77268716424302,1229400
2026-05-27,85.65122985839844,87.09423368822513,85.65122985839844,86.54074729252524,1748300
2026-05-28,86.15528869628906,87.52910768468375,86.00703327540522,87.47969423811176,1695600
2026-05-29,86.30354309082031,86.89655722671942,85.65122980350645,86.59016822363138,1829000
2026-06-01,87.67736053466797,88.27037466023089,87.00527584820767,87.19306654519302,1284600
2026-06-02,88.35932922363281,88.60641906623772,87.34132027859395,87.34132027859395,785000
2026-06-03,88.53723907470703,89.34769350134079,88.33956266541587,88.74479364902474,1297300
2026-06-04,89.120361328125,89.1500109023141,88.32967836760992,88.67560263412173,1225300
2026-06-05,87.67736053466797,88.84362491586133,87.2424799903161,88.79420393015452,1003700
2026-06-08,87.5982894897461,88.88315970518596,87.40062062917858,88.33955902774979,1291900
2026-06-09,87.45004272460938,88.40874500517259,86.69888747186785,88.3197962789633,1361000
2026-06-10,87.380859375,88.85351278988608,87.380859375,88.01340879645109,1145200
2026-06-11,86.69889068603516,89.68373285641593,86.59017054513738,89.62443370341134,1190700
2026-06-12,86.99539184570312,87.54887824223441,86.33319285153976,86.4023777085332,1077800
2026-06-15,83.09137725830078,83.71404098668745,82.23150183669476,82.85417310566548,2090400
2026-06-16,83.1902084350586,84.14891825432916,83.17044456502313,83.92159981629447,1470100
2026-06-17,81.16407775878906,83.43729988570043,81.10477106637649,83.31870158204308,2038500
2026-06-18,79.49374389648438,80.47221755484513,79.25653976064191,80.44256798043776,3341500
2026-06-22,79.73094940185547,80.25477866693944,79.36526125710519,79.92862580227259,2529600
2026-06-23,79.37513732910156,79.75071870970072,79.18735417938544,79.61234900334844,1280200
2026-06-24,77.77400207519531,78.26818176551306,77.27982238487756,77.57632567471802,2043100
2026-06-25,77.3687744140625,78.14957926298264,76.68680399931038,76.8449451264464,1297400
2026-06-26,75.87635040283203,77.69493568183684,75.68856723803722,77.50714497645798,2777000
2026-06-29,76.765869140625,77.91236960962769,76.65714900854428,77.39841852332185,2439800
2026-06-30,76.85482788085938,76.93389090080743,76.0246020764434,76.42983304373084,1449700
2026-07-01,73.92928314208984,74.92752066644078,73.90951173216365,74.60136780849369,1936700
2026-07-02,75.79728698730469,75.88623571639248,75.12520227427781,75.184501427003,1303500
2026-07-06,75.42169952392578,75.73797421404419,75.16473152235568,75.43158522878106,940200
2026-07-07,77.05249786376953,78.11992782474272,76.01472501886542,76.1827443070046,1923600
2026-07-08,77.951904296875,78.40654869095063,77.06237937777775,77.45772462410801,1843100
2026-07-09,77.3193588256836,78.09027794765888,77.25017396962386,77.88272337947966,616900
2026-07-10,77.58621215820312,77.66528271918725,76.67692332863689,77.21063830440413,1178300
2026-07-13,80.26466369628906,80.28443510645613,78.95014392177198,78.96991533193905,1431400
2026-07-14,79.9681625366211,80.90710094878065,79.83967098886737,80.64023968851043,2063000
2026-07-15,79.40479278564453,80.74896221028744,79.21700962201719,80.37338834244875,1699100
2026-07-16,77.9024887084961,78.76236411327129,77.83330385114066,78.45596756733957,1715700
2026-07-17,80.44257354736328,80.55129368810314,79.4146788334671,79.56293425634728,3242300
2026-07-20,79.85944366455078,80.80826779708646,79.31584297063684,79.32572867613997,2328200
2026-07-21,82.55765533447266,82.74544602404002,81.4408119831029,81.62859513208684,1772600
2026-07-22,83.92160034179688,84.11926920572427,83.39776352528006,83.92160034179688,3409600
2026-07-23,85.22623443603516,86.07621658325833,85.08785718260684,86.02680313757604,3553800
2026-07-24,85.78959655761719,86.0169149905876,84.91983548375869,85.50297143469415,1213400
2026-07-27,83.18032836914062,84.1588020360824,83.17044266405696,83.35822581714497,1164700
2026-07-28,83.2000961303711,84.24775470073506,82.50824755382583,83.58555570024403,1161100
2026-07-29,85.74018096923828,86.11575483985351,85.10763153421051,85.41402054601282,1247600
2026-07-30,86.01691436767578,86.39249575251613,85.42390025652901,85.43378596154679,1093400
2026-07-31,86.8372573852539,87.58841263973513,85.93784671283007,86.27389282953895,1119200
2026-08-03,86.1849365234375,86.95586318827264,86.03668864614592,86.46168348907729,1513500
2026-08-04,84.1983413696289,84.86054037102798,83.9710153852615,84.78146980771898,1461600
2026-08-05,83.75357055664062,85.75006069852445,83.48671684569916,85.59191958049726,1395800
2026-08-06,85.26576232910156,85.60180844702867,84.64309862018578,85.02855818388372,1189600
2026-08-07,84.83088684082031,85.00879182968116,84.25763659442609,84.7023952962864,1325300
2026-08-10,86.93608856201172,86.97562384135509,85.05820426641122,85.15704623506139,1070000
2026-08-11,86.92620849609375,87.62795032423237,86.78783877970743,86.97562948362487,797300
2026-08-12,86.67911529541016,86.83725641694122,85.65122816779304,85.76982646835764,1019400
2026-08-13,86.03668975830078,86.21459475393415,84.79135478886717,85.27564878897539,1184900
2026-08-14,87.30178833007812,87.44015804396996,86.34307849769624,86.50121208189383,1294300
2026-08-17,87.5982894897461,87.77619448049032,86.88667706735284,87.28201478848786,1425800
2026-08-18,88.2506103515625,89.15001347040176,88.10235493576289,88.95234460972473,1072100
2026-08-19,89.02153015136719,90.15814496048249,88.7250193174819,89.72326441493972,1856600
2026-08-20,89.84187316894531,91.08720815481536,89.69361774719678,90.75116202947976,1450400
2026-08-21,88.8436279296875,89.84187305827498,88.82386405908457,89.77268820028877,971700
2026-08-24,88.3099136352539,88.49770434009575,87.51923061495188,87.79597004908679,1796200
2026-08-25,87.76631927490234,87.95410243659747,86.97562872480688,87.37097399985461,2471300
2026-08-26,86.11575317382812,87.23260413952335,85.80936416795332,86.13552458486878,1503400
2026-08-27,85.32506561279297,86.50120812710088,84.99890521328103,86.29365356575242,1874900
2026-08-28,85.34483337402344,86.18493736271986,85.18669978984457,85.89831977010915,1542800
2026-08-31,87.28201293945312,87.68724389779065,86.51109384275429,87.0942297880672,1135700
2026-09-01,89.29827117919922,89.49594758553586,88.39886803726512,88.79420576877064,1065300
2026-09-02,89.16978454589844,89.84186922649313,88.50758557047556,88.69536872523832,2246600
2026-09-03,88.21107482910156,89.99012473264465,88.11224039903443,89.45640976158172,3385100
2026-09-04,87.55875396728516,87.95409922791015,86.49133156635645,87.55875396728516,2316400
2026-09-08,89.05117797851562,89.70349878402436,88.7546746910346,88.8238595455052,1302500
2026-09-09,90.57325744628906,90.72151286871654,89.6936181579591,90.52383645861856,1097400
2026-09-10,90.16802978515625,90.72150862638068,89.7627988188429,90.66220947641625,983200
2026-09-11,90.82034301757812,90.84999259254762,89.85175504585065,90.02965249566765,1214400
2026-09-14,90.07907104492188,91.28487066496324,90.02965006092013,91.12672954862443,1464200
2026-09-15,92.03602600097656,92.37206456273968,90.43488112867844,90.51395168694627,1033000
2026-09-16,89.78256225585938,92.04590613579026,89.65407825136123,92.04590613579026,1504500
2026-09-17,90.52383422851562,90.800581195835,89.98024108045193,90.07907551277407,973900
2026-09-18,89.76280212402344,90.18779697577924,89.40699212996816,89.49594839877396,986700
2026-09-21,89.01164245605469,90.28662694832272,88.74478874399095,90.18779251943184,1585600
2026-09-22,88.80409240722656,88.99188311007336,87.86515397416046,88.06282284198997,1738500
2026-09-23,90.6029052734375,90.6622119656139,88.6558360299215,88.73490659243411,2113600
2026-09-24,90.82034301757812,91.49242769902692,90.25697847140661,90.71162288230084,1504200
2026-09-25,89.88140869140625,90.65232783786163,89.63431883469188,89.92094397335063,1557300
2026-09-28,89.28838348388672,90.62267469002587,89.08082891729664,90.62267469002587,2129000
2026-09-29,86.68900299072266,88.24072696359572,86.58028285232015,87.07446255757378,1327100
2026-09-30,85.5,86.62999725341797,85.5,86.12000274658203,1893200
2026-10-01,84.51000213623047,84.7699966430664,83.27999877929688,84.19999694824219,2755500
